cardnumber,name,cardtype,setfolder,imgname,set,entrancecost,handcost,symbol,combath,supporth,combati,supporti,attribute,effect,jutsucost,rarity,flavor
EX001,EX001,Promo (Needs Type),promos,ex001.webp,Promos,0,0,['Fire'],,,,,,,,Common,
EX002,EX002,Promo (Needs Type),promos,ex002.webp,Promos,0,0,['Fire'],,,,,,,,Common,
M621,M621,Mission,promos,m621.webp,Promos,0,0,['Fire'],,,,,,,,Common,
M622,M622,Mission,promos,m622.webp,Promos,0,0,['Fire'],,,,,,,,Common,
M623,M623,Mission,promos,m623.webp,Promos,0,0,['Fire'],,,,,,,,Common,
MUS049,MUS049,Mission,promos,mus049.webp,Promos,0,0,['Fire'],,,,,,,,Common,
N086AE,N086AE,Ninja,promos,n086ae.webp,Promos,0,0,['Fire'],,,,,,,,Common,
N124AE,N124AE,Ninja,promos,n124ae.webp,Promos,0,0,['Fire'],,,,,,,,Common,
N140A,N140A,Ninja,promos,n140a.webp,Promos,0,0,['Fire'],,,,,,,,Common,
N145,N145,Ninja,promos,n145.webp,Promos,0,0,['Fire'],,,,,,,,Common,
N146,N146,Ninja,promos,n146.webp,Promos,0,0,['Fire'],,,,,,,,Common,
N146A,N146A,Ninja,promos,n146a.webp,Promos,0,0,['Fire'],,,,,,,,Common,
N163A,N163A,Ninja,promos,n163a.webp,Promos,0,0,['Fire'],,,,,,,,Common,
N168,N168,Ninja,promos,n168.webp,Promos,0,0,['Fire'],,,,,,,,Common,
N168A,N168A,Ninja,promos,n168a.webp,Promos,0,0,['Fire'],,,,,,,,Common,
N170A,N170A,Ninja,promos,n170a.webp,Promos,0,0,['Fire'],,,,,,,,Common,
N187A,N187A,Ninja,promos,n187a.webp,Promos,0,0,['Fire'],,,,,,,,Common,
N224,N224,Ninja,promos,n224.webp,Promos,0,0,['Fire'],,,,,,,,Common,
N270A,N270A,Ninja,promos,n270a.webp,Promos,0,0,['Fire'],,,,,,,,Common,
N295A,N295A,Ninja,promos,n295a.webp,Promos,0,0,['Fire'],,,,,,,,Common,
N311,N311,Ninja,promos,n311.webp,Promos,0,0,['Fire'],,,,,,,,Common,
N311A,N311A,Ninja,promos,n311a.webp,Promos,0,0,['Fire'],,,,,,,,Common,
N324,N324,Ninja,promos,n324.webp,Promos,0,0,['Fire'],,,,,,,,Common,
N324A,N324A,Ninja,promos,n324a.webp,Promos,0,0,['Fire'],,,,,,,,Common,
N370,N370,Ninja,promos,n370.webp,Promos,0,0,['Fire'],,,,,,,,Common,
N372,N372,Ninja,promos,n372.webp,Promos,0,0,['Fire'],,,,,,,,Common,
N419A,N419A,Ninja,promos,n419a.webp,Promos,0,0,['Fire'],,,,,,,,Common,
N453,N453,Ninja,promos,n453.webp,Promos,0,0,['Fire'],,,,,,,,Common,
N461E,N461E,Ninja,promos,n461e.webp,Promos,0,0,['Fire'],,,,,,,,Common,
N465A,N465A,Ninja,promos,n465a.webp,Promos,0,0,['Fire'],,,,,,,,Common,
N473,N473,Ninja,promos,n473.webp,Promos,0,0,['Fire'],,,,,,,,Common,
N480,N480,Ninja,promos,n480.webp,Promos,0,0,['Fire'],,,,,,,,Common,
N480A,N480A,Ninja,promos,n480a.webp,Promos,0,0,['Fire'],,,,,,,,Common,
N495,N495,Ninja,promos,n495.webp,Promos,0,0,['Fire'],,,,,,,,Common,
N524A,N524A,Ninja,promos,n524a.webp,Promos,0,0,['Fire'],,,,,,,,Common,
N531A,N531A,Ninja,promos,n531a.webp,Promos,0,0,['Fire'],,,,,,,,Common,
N548AE,N548AE,Ninja,promos,n548ae.webp,Promos,0,0,['Fire'],,,,,,,,Common,
N567A,N567A,Ninja,promos,n567a.webp,Promos,0,0,['Fire'],,,,,,,,Common,
N616A,N616A,Ninja,promos,n616a.webp,Promos,0,0,['Fire'],,,,,,,,Common,
N685A,N685A,Ninja,promos,n685a.webp,Promos,0,0,['Fire'],,,,,,,,Common,
NUS004P,NUS004P,Ninja,promos,nus004p.webp,Promos,0,0,['Fire'],,,,,,,,Common,
NUS005E,NUS005E,Ninja,promos,nus005e.webp,Promos,0,0,['Fire'],,,,,,,,Common,
NUS006A,NUS006A,Ninja,promos,nus006a.webp,Promos,0,0,['Fire'],,,,,,,,Common,
NUS010A,NUS010A,Ninja,promos,nus010a.webp,Promos,0,0,['Fire'],,,,,,,,Common,
NUS012A,NUS012A,Ninja,promos,nus012a.webp,Promos,0,0,['Fire'],,,,,,,,Common,
NUS013A,NUS013A,Ninja,promos,nus013a.webp,Promos,0,0,['Fire'],,,,,,,,Common,
NUS014A,NUS014A,Ninja,promos,nus014a.webp,Promos,0,0,['Fire'],,,,,,,,Common,
NUS016A,NUS016A,Ninja,promos,nus016a.webp,Promos,0,0,['Fire'],,,,,,,,Common,
NUS020,NUS020,Ninja,promos,nus020.webp,Promos,0,0,['Fire'],,,,,,,,Common,
NUS025A,NUS025A,Ninja,promos,nus025a.webp,Promos,0,0,['Fire'],,,,,,,,Common,
NUS027A,NUS027A,Ninja,promos,nus027a.webp,Promos,0,0,['Fire'],,,,,,,,Common,
NUS035AE,NUS035AE,Ninja,promos,nus035ae.webp,Promos,0,0,['Fire'],,,,,,,,Common,
NUS040,NUS040,Ninja,promos,nus040.webp,Promos,0,0,['Fire'],,,,,,,,Common,
PR001,PR001,Promo (Needs Type),promos,pr001.webp,Promos,0,0,['Fire'],,,,,,,,Common,
PR002,PR002,Promo (Needs Type),promos,pr002.webp,Promos,0,0,['Fire'],,,,,,,,Common,
PR003,PR003,Promo (Needs Type),promos,pr003.webp,Promos,0,0,['Fire'],,,,,,,,Common,
PR004,PR004,Promo (Needs Type),promos,pr004.webp,Promos,0,0,['Fire'],,,,,,,,Common,
PR005,PR005,Promo (Needs Type),promos,pr005.webp,Promos,0,0,['Fire'],,,,,,,,Common,
PR005RA,PR005RA,Promo (Needs Type),promos,pr005ra.webp,Promos,0,0,['Fire'],,,,,,,,Common,
PR006,PR006,Promo (Needs Type),promos,pr006.webp,Promos,0,0,['Fire'],,,,,,,,Common,
PR006RA,PR006RA,Promo (Needs Type),promos,pr006ra.webp,Promos,0,0,['Fire'],,,,,,,,Common,
PR007,PR007,Promo (Needs Type),promos,pr007.webp,Promos,0,0,['Fire'],,,,,,,,Common,
PR007RA,PR007RA,Promo (Needs Type),promos,pr007ra.webp,Promos,0,0,['Fire'],,,,,,,,Common,
PR008,PR008,Promo (Needs Type),promos,pr008.webp,Promos,0,0,['Fire'],,,,,,,,Common,
PR008RA,PR008RA,Promo (Needs Type),promos,pr008ra.webp,Promos,0,0,['Fire'],,,,,,,,Common,
PR009E,PR009E,Promo (Needs Type),promos,pr009e.webp,Promos,0,0,['Fire'],,,,,,,,Common,
PR010,PR010,Promo (Needs Type),promos,pr010.webp,Promos,0,0,['Fire'],,,,,,,,Common,
PR011,PR011,Promo (Needs Type),promos,pr011.webp,Promos,0,0,['Fire'],,,,,,,,Common,
PR012,PR012,Promo (Needs Type),promos,pr012.webp,Promos,0,0,['Fire'],,,,,,,,Common,
PR013,PR013,Promo (Needs Type),promos,pr013.webp,Promos,0,0,['Fire'],,,,,,,,Common,
PR014,PR014,Promo (Needs Type),promos,pr014.webp,Promos,0,0,['Fire'],,,,,,,,Common,
PR015,PR015,Promo (Needs Type),promos,pr015.webp,Promos,0,0,['Fire'],,,,,,,,Common,
PR016,PR016,Promo (Needs Type),promos,pr016.webp,Promos,0,0,['Fire'],,,,,,,,Common,
PR017,PR017,Promo (Needs Type),promos,pr017.webp,Promos,0,0,['Fire'],,,,,,,,Common,
PR018,PR018,Promo (Needs Type),promos,pr018.webp,Promos,0,0,['Fire'],,,,,,,,Common,
PR018A,PR018A,Promo (Needs Type),promos,pr018a.webp,Promos,0,0,['Fire'],,,,,,,,Common,
PR018B,PR018B,Promo (Needs Type),promos,pr018b.webp,Promos,0,0,['Fire'],,,,,,,,Common,
PR019,PR019,Promo (Needs Type),promos,pr019.webp,Promos,0,0,['Fire'],,,,,,,,Common,
PR020,PR020,Promo (Needs Type),promos,pr020.webp,Promos,0,0,['Fire'],,,,,,,,Common,
PR021,PR021,Promo (Needs Type),promos,pr021.webp,Promos,0,0,['Fire'],,,,,,,,Common,
PR022,PR022,Promo (Needs Type),promos,pr022.webp,Promos,0,0,['Fire'],,,,,,,,Common,
PR023,PR023,Promo (Needs Type),promos,pr023.webp,Promos,0,0,['Fire'],,,,,,,,Common,
PR024,PR024,Promo (Needs Type),promos,pr024.webp,Promos,0,0,['Fire'],,,,,,,,Common,
PR024B,PR024B,Promo (Needs Type),promos,pr024b.webp,Promos,0,0,['Fire'],,,,,,,,Common,
PR025,PR025,Promo (Needs Type),promos,pr025.webp,Promos,0,0,['Fire'],,,,,,,,Common,
PR025B,PR025B,Promo (Needs Type),promos,pr025b.webp,Promos,0,0,['Fire'],,,,,,,,Common,
PR026,PR026,Promo (Needs Type),promos,pr026.webp,Promos,0,0,['Fire'],,,,,,,,Common,
PR026B,PR026B,Promo (Needs Type),promos,pr026b.webp,Promos,0,0,['Fire'],,,,,,,,Common,
PR027,PR027,Promo (Needs Type),promos,pr027.webp,Promos,0,0,['Fire'],,,,,,,,Common,
PR028,PR028,Promo (Needs Type),promos,pr028.webp,Promos,0,0,['Fire'],,,,,,,,Common,
PR029,PR029,Promo (Needs Type),promos,pr029.webp,Promos,0,0,['Fire'],,,,,,,,Common,
PR030,PR030,Promo (Needs Type),promos,pr030.webp,Promos,0,0,['Fire'],,,,,,,,Common,
PR031,PR031,Promo (Needs Type),promos,pr031.webp,Promos,0,0,['Fire'],,,,,,,,Common,
PR032,PR032,Promo (Needs Type),promos,pr032.webp,Promos,0,0,['Fire'],,,,,,,,Common,
PR033,PR033,Promo (Needs Type),promos,pr033.webp,Promos,0,0,['Fire'],,,,,,,,Common,
PR034,PR034,Promo (Needs Type),promos,pr034.webp,Promos,0,0,['Fire'],,,,,,,,Common,
PR035,PR035,Promo (Needs Type),promos,pr035.webp,Promos,0,0,['Fire'],,,,,,,,Common,
PR036,PR036,Promo (Needs Type),promos,pr036.webp,Promos,0,0,['Fire'],,,,,,,,Common,
PR037,PR037,Promo (Needs Type),promos,pr037.webp,Promos,0,0,['Fire'],,,,,,,,Common,
PR038,PR038,Promo (Needs Type),promos,pr038.webp,Promos,0,0,['Fire'],,,,,,,,Common,
PR039,PR039,Promo (Needs Type),promos,pr039.webp,Promos,0,0,['Fire'],,,,,,,,Common,
PR040,PR040,Promo (Needs Type),promos,pr040.webp,Promos,0,0,['Fire'],,,,,,,,Common,
PR041E,PR041E,Promo (Needs Type),promos,pr041e.webp,Promos,0,0,['Fire'],,,,,,,,Common,
PR042,PR042,Promo (Needs Type),promos,pr042.webp,Promos,0,0,['Fire'],,,,,,,,Common,
PR042E,PR042E,Promo (Needs Type),promos,pr042e.webp,Promos,0,0,['Fire'],,,,,,,,Common,
PR043,PR043,Promo (Needs Type),promos,pr043.webp,Promos,0,0,['Fire'],,,,,,,,Common,
PR044,PR044,Promo (Needs Type),promos,pr044.webp,Promos,0,0,['Fire'],,,,,,,,Common,
PR045,PR045,Promo (Needs Type),promos,pr045.webp,Promos,0,0,['Fire'],,,,,,,,Common,
PR046,PR046,Promo (Needs Type),promos,pr046.webp,Promos,0,0,['Fire'],,,,,,,,Common,
PR047,PR047,Promo (Needs Type),promos,pr047.webp,Promos,0,0,['Fire'],,,,,,,,Common,
PR048,PR048,Promo (Needs Type),promos,pr048.webp,Promos,0,0,['Fire'],,,,,,,,Common,
PR048E,PR048E,Promo (Needs Type),promos,pr048e.webp,Promos,0,0,['Fire'],,,,,,,,Common,
PR049,PR049,Promo (Needs Type),promos,pr049.webp,Promos,0,0,['Fire'],,,,,,,,Common,
PR050,PR050,Promo (Needs Type),promos,pr050.webp,Promos,0,0,['Fire'],,,,,,,,Common,
PR051,PR051,Promo (Needs Type),promos,pr051.webp,Promos,0,0,['Fire'],,,,,,,,Common,
PR052,PR052,Promo (Needs Type),promos,pr052.webp,Promos,0,0,['Fire'],,,,,,,,Common,
PR053,PR053,Promo (Needs Type),promos,pr053.webp,Promos,0,0,['Fire'],,,,,,,,Common,
PR054,PR054,Promo (Needs Type),promos,pr054.webp,Promos,0,0,['Fire'],,,,,,,,Common,
PR055,PR055,Promo (Needs Type),promos,pr055.webp,Promos,0,0,['Fire'],,,,,,,,Common,
PR056,PR056,Promo (Needs Type),promos,pr056.webp,Promos,0,0,['Fire'],,,,,,,,Common,
PR057,PR057,Promo (Needs Type),promos,pr057.webp,Promos,0,0,['Fire'],,,,,,,,Common,
PR058,PR058,Promo (Needs Type),promos,pr058.webp,Promos,0,0,['Fire'],,,,,,,,Common,
PR059,PR059,Promo (Needs Type),promos,pr059.webp,Promos,0,0,['Fire'],,,,,,,,Common,
PR060,PR060,Promo (Needs Type),promos,pr060.webp,Promos,0,0,['Fire'],,,,,,,,Common,
PR061,PR061,Promo (Needs Type),promos,pr061.webp,Promos,0,0,['Fire'],,,,,,,,Common,
PR062,PR062,Promo (Needs Type),promos,pr062.webp,Promos,0,0,['Fire'],,,,,,,,Common,
PR063,PR063,Promo (Needs Type),promos,pr063.webp,Promos,0,0,['Fire'],,,,,,,,Common,
PR064E,PR064E,Promo (Needs Type),promos,pr064e.webp,Promos,0,0,['Fire'],,,,,,,,Common,
PR065,PR065,Promo (Needs Type),promos,pr065.webp,Promos,0,0,['Fire'],,,,,,,,Common,
PR066,PR066,Promo (Needs Type),promos,pr066.webp,Promos,0,0,['Fire'],,,,,,,,Common,
PR067,PR067,Promo (Needs Type),promos,pr067.webp,Promos,0,0,['Fire'],,,,,,,,Common,
PR068,PR068,Promo (Needs Type),promos,pr068.webp,Promos,0,0,['Fire'],,,,,,,,Common,
PR069,PR069,Promo (Needs Type),promos,pr069.webp,Promos,0,0,['Fire'],,,,,,,,Common,
PR070E,PR070E,Promo (Needs Type),promos,pr070e.webp,Promos,0,0,['Fire'],,,,,,,,Common,
PR071,PR071,Promo (Needs Type),promos,pr071.webp,Promos,0,0,['Fire'],,,,,,,,Common,
PR072E,PR072E,Promo (Needs Type),promos,pr072e.webp,Promos,0,0,['Fire'],,,,,,,,Common,
PR073,PR073,Promo (Needs Type),promos,pr073.webp,Promos,0,0,['Fire'],,,,,,,,Common,
PR074,PR074,Promo (Needs Type),promos,pr074.webp,Promos,0,0,['Fire'],,,,,,,,Common,
PR075,PR075,Promo (Needs Type),promos,pr075.webp,Promos,0,0,['Fire'],,,,,,,,Common,
PR076,PR076,Promo (Needs Type),promos,pr076.webp,Promos,0,0,['Fire'],,,,,,,,Common,
PR077,PR077,Promo (Needs Type),promos,pr077.webp,Promos,0,0,['Fire'],,,,,,,,Common,
PR078,PR078,Promo (Needs Type),promos,pr078.webp,Promos,0,0,['Fire'],,,,,,,,Common,
PR079E,PR079E,Promo (Needs Type),promos,pr079e.webp,Promos,0,0,['Fire'],,,,,,,,Common,
PR080,PR080,Promo (Needs Type),promos,pr080.webp,Promos,0,0,['Fire'],,,,,,,,Common,
PR081,PR081,Promo (Needs Type),promos,pr081.webp,Promos,0,0,['Fire'],,,,,,,,Common,
PR082,PR082,Promo (Needs Type),promos,pr082.webp,Promos,0,0,['Fire'],,,,,,,,Common,
PR083,PR083,Promo (Needs Type),promos,pr083.webp,Promos,0,0,['Fire'],,,,,,,,Common,
PR084,PR084,Promo (Needs Type),promos,pr084.webp,Promos,0,0,['Fire'],,,,,,,,Common,
PR085,PR085,Promo (Needs Type),promos,pr085.webp,Promos,0,0,['Fire'],,,,,,,,Common,
PR086,PR086,Promo (Needs Type),promos,pr086.webp,Promos,0,0,['Fire'],,,,,,,,Common,
PR087,PR087,Promo (Needs Type),promos,pr087.webp,Promos,0,0,['Fire'],,,,,,,,Common,
PR088,PR088,Promo (Needs Type),promos,pr088.webp,Promos,0,0,['Fire'],,,,,,,,Common,
PR089,PR089,Promo (Needs Type),promos,pr089.webp,Promos,0,0,['Fire'],,,,,,,,Common,
PR090,PR090,Promo (Needs Type),promos,pr090.webp,Promos,0,0,['Fire'],,,,,,,,Common,
PR091,PR091,Promo (Needs Type),promos,pr091.webp,Promos,0,0,['Fire'],,,,,,,,Common,
PR092,PR092,Promo (Needs Type),promos,pr092.webp,Promos,0,0,['Fire'],,,,,,,,Common,
PR093,PR093,Promo (Needs Type),promos,pr093.webp,Promos,0,0,['Fire'],,,,,,,,Common,
PR095,PR095,Promo (Needs Type),promos,pr095.webp,Promos,0,0,['Fire'],,,,,,,,Common,
PR096,PR096,Promo (Needs Type),promos,pr096.webp,Promos,0,0,['Fire'],,,,,,,,Common,
PR100,PR100,Promo (Needs Type),promos,pr100.webp,Promos,0,0,['Fire'],,,,,,,,Common,
PRUS001,PRUS001,Promo (Needs Type),promos,prus001.webp,Promos,0,0,['Fire'],,,,,,,,Common,
PRUS002,PRUS002,Promo (Needs Type),promos,prus002.webp,Promos,0,0,['Fire'],,,,,,,,Common,
PRUS003,PRUS003,Promo (Needs Type),promos,prus003.webp,Promos,0,0,['Fire'],,,,,,,,Common,
PRUS004,PRUS004,Promo (Needs Type),promos,prus004.webp,Promos,0,0,['Fire'],,,,,,,,Common,
PRUS005,PRUS005,Promo (Needs Type),promos,prus005.webp,Promos,0,0,['Fire'],,,,,,,,Common,
PRUS006,PRUS006,Promo (Needs Type),promos,prus006.webp,Promos,0,0,['Fire'],,,,,,,,Common,
PRUS007,PRUS007,Promo (Needs Type),promos,prus007.webp,Promos,0,0,['Fire'],,,,,,,,Common,
PRUS008,PRUS008,Promo (Needs Type),promos,prus008.webp,Promos,0,0,['Fire'],,,,,,,,Common,
PRUS009,PRUS009,Promo (Needs Type),promos,prus009.webp,Promos,0,0,['Fire'],,,,,,,,Common,
PRUS010E,PRUS010E,Promo (Needs Type),promos,prus010e.webp,Promos,0,0,['Fire'],,,,,,,,Common,
PRUS011,PRUS011,Promo (Needs Type),promos,prus011.webp,Promos,0,0,['Fire'],,,,,,,,Common,
PRUS012,PRUS012,Promo (Needs Type),promos,prus012.webp,Promos,0,0,['Fire'],,,,,,,,Common,
PRUS013,PRUS013,Promo (Needs Type),promos,prus013.webp,Promos,0,0,['Fire'],,,,,,,,Common,
PRUS014E,PRUS014E,Promo (Needs Type),promos,prus014e.webp,Promos,0,0,['Fire'],,,,,,,,Common,
PRUS015,PRUS015,Promo (Needs Type),promos,prus015.webp,Promos,0,0,['Fire'],,,,,,,,Common,
PS001,PS001,Ninja,promos,ps001.webp,Promos,0,0,['Fire'],,,,,,,,Common,
PS002,PS002,Ninja,promos,ps002.webp,Promos,0,0,['Fire'],,,,,,,,Common,
PS003,PS003,Ninja,promos,ps003.webp,Promos,0,0,['Fire'],,,,,,,,Common,
PS004,PS004,Ninja,promos,ps004.webp,Promos,0,0,['Fire'],,,,,,,,Common,
C034,C034,Client,set_10_lineage_of_the_legends,c034.webp,Set 10 Lineage Of The Legends,0,0,['Fire'],,,,,,,,Common,
C035,C035,Client,set_10_lineage_of_the_legends,c035.webp,Set 10 Lineage Of The Legends,0,0,['Fire'],,,,,,,,Common,
C036,C036,Client,set_10_lineage_of_the_legends,c036.webp,Set 10 Lineage Of The Legends,0,0,['Fire'],,,,,,,,Common,
C038,C038,Client,set_10_lineage_of_the_legends,c038.webp,Set 10 Lineage Of The Legends,0,0,['Fire'],,,,,,,,Common,
C039,C039,Client,set_10_lineage_of_the_legends,c039.webp,Set 10 Lineage Of The Legends,0,0,['Fire'],,,,,,,,Common,
C040,C040,Client,set_10_lineage_of_the_legends,c040.webp,Set 10 Lineage Of The Legends,0,0,['Fire'],,,,,,,,Common,
C041,C041,Client,set_10_lineage_of_the_legends,c041.webp,Set 10 Lineage Of The Legends,0,0,['Fire'],,,,,,,,Common,
C042,C042,Client,set_10_lineage_of_the_legends,c042.webp,Set 10 Lineage Of The Legends,0,0,['Fire'],,,,,,,,Common,
J257,J257,Jutsu,set_10_lineage_of_the_legends,j257.webp,Set 10 Lineage Of The Legends,0,0,['Fire'],,,,,,,,Common,
J258,J258,Jutsu,set_10_lineage_of_the_legends,j258.webp,Set 10 Lineage Of The Legends,0,0,['Fire'],,,,,,,,Common,
J261,J261,Jutsu,set_10_lineage_of_the_legends,j261.webp,Set 10 Lineage Of The Legends,0,0,['Fire'],,,,,,,,Common,
J262,J262,Jutsu,set_10_lineage_of_the_legends,j262.webp,Set 10 Lineage Of The Legends,0,0,['Fire'],,,,,,,,Common,
J274,J274,Jutsu,set_10_lineage_of_the_legends,j274.webp,Set 10 Lineage Of The Legends,0,0,['Fire'],,,,,,,,Common,
J275,J275,Jutsu,set_10_lineage_of_the_legends,j275.webp,Set 10 Lineage Of The Legends,0,0,['Fire'],,,,,,,,Common,
J305,J305,Jutsu,set_10_lineage_of_the_legends,j305.webp,Set 10 Lineage Of The Legends,0,0,['Fire'],,,,,,,,Common,
J306,J306,Jutsu,set_10_lineage_of_the_legends,j306.webp,Set 10 Lineage Of The Legends,0,0,['Fire'],,,,,,,,Common,
J307,J307,Jutsu,set_10_lineage_of_the_legends,j307.webp,Set 10 Lineage Of The Legends,0,0,['Fire'],,,,,,,,Common,
J308,J308,Jutsu,set_10_lineage_of_the_legends,j308.webp,Set 10 Lineage Of The Legends,0,0,['Fire'],,,,,,,,Common,
J309,J309,Jutsu,set_10_lineage_of_the_legends,j309.webp,Set 10 Lineage Of The Legends,0,0,['Fire'],,,,,,,,Common,
J310,J310,Jutsu,set_10_lineage_of_the_legends,j310.webp,Set 10 Lineage Of The Legends,0,0,['Fire'],,,,,,,,Common,
J311,J311,Jutsu,set_10_lineage_of_the_legends,j311.webp,Set 10 Lineage Of The Legends,0,0,['Fire'],,,,,,,,Common,
J312,J312,Jutsu,set_10_lineage_of_the_legends,j312.webp,Set 10 Lineage Of The Legends,0,0,['Fire'],,,,,,,,Common,
J313,J313,Jutsu,set_10_lineage_of_the_legends,j313.webp,Set 10 Lineage Of The Legends,0,0,['Fire'],,,,,,,,Common,
J314,J314,Jutsu,set_10_lineage_of_the_legends,j314.webp,Set 10 Lineage Of The Legends,0,0,['Fire'],,,,,,,,Common,
J315,J315,Jutsu,set_10_lineage_of_the_legends,j315.webp,Set 10 Lineage Of The Legends,0,0,['Fire'],,,,,,,,Common,
J316,J316,Jutsu,set_10_lineage_of_the_legends,j316.webp,Set 10 Lineage Of The Legends,0,0,['Fire'],,,,,,,,Common,
J317,J317,Jutsu,set_10_lineage_of_the_legends,j317.webp,Set 10 Lineage Of The Legends,0,0,['Fire'],,,,,,,,Common,
J318,J318,Jutsu,set_10_lineage_of_the_legends,j318.webp,Set 10 Lineage Of The Legends,0,0,['Fire'],,,,,,,,Common,
J319,J319,Jutsu,set_10_lineage_of_the_legends,j319.webp,Set 10 Lineage Of The Legends,0,0,['Fire'],,,,,,,,Common,
J320,J320,Jutsu,set_10_lineage_of_the_legends,j320.webp,Set 10 Lineage Of The Legends,0,0,['Fire'],,,,,,,,Common,
J321,J321,Jutsu,set_10_lineage_of_the_legends,j321.webp,Set 10 Lineage Of The Legends,0,0,['Fire'],,,,,,,,Common,
J322,J322,Jutsu,set_10_lineage_of_the_legends,j322.webp,Set 10 Lineage Of The Legends,0,0,['Fire'],,,,,,,,Common,
J323,J323,Jutsu,set_10_lineage_of_the_legends,j323.webp,Set 10 Lineage Of The Legends,0,0,['Fire'],,,,,,,,Common,
J324,J324,Jutsu,set_10_lineage_of_the_legends,j324.webp,Set 10 Lineage Of The Legends,0,0,['Fire'],,,,,,,,Common,
J325,J325,Jutsu,set_10_lineage_of_the_legends,j325.webp,Set 10 Lineage Of The Legends,0,0,['Fire'],,,,,,,,Common,
J326,J326,Jutsu,set_10_lineage_of_the_legends,j326.webp,Set 10 Lineage Of The Legends,0,0,['Fire'],,,,,,,,Common,
J327,J327,Jutsu,set_10_lineage_of_the_legends,j327.webp,Set 10 Lineage Of The Legends,0,0,['Fire'],,,,,,,,Common,
J328,J328,Jutsu,set_10_lineage_of_the_legends,j328.webp,Set 10 Lineage Of The Legends,0,0,['Fire'],,,,,,,,Common,
J329,J329,Jutsu,set_10_lineage_of_the_legends,j329.webp,Set 10 Lineage Of The Legends,0,0,['Fire'],,,,,,,,Common,
J330,J330,Jutsu,set_10_lineage_of_the_legends,j330.webp,Set 10 Lineage Of The Legends,0,0,['Fire'],,,,,,,,Common,
J331,J331,Jutsu,set_10_lineage_of_the_legends,j331.webp,Set 10 Lineage Of The Legends,0,0,['Fire'],,,,,,,,Common,
J332,J332,Jutsu,set_10_lineage_of_the_legends,j332.webp,Set 10 Lineage Of The Legends,0,0,['Fire'],,,,,,,,Common,
J333,J333,Jutsu,set_10_lineage_of_the_legends,j333.webp,Set 10 Lineage Of The Legends,0,0,['Fire'],,,,,,,,Common,
J334,J334,Jutsu,set_10_lineage_of_the_legends,j334.webp,Set 10 Lineage Of The Legends,0,0,['Fire'],,,,,,,,Common,
J335,J335,Jutsu,set_10_lineage_of_the_legends,j335.webp,Set 10 Lineage Of The Legends,0,0,['Fire'],,,,,,,,Common,
J336,J336,Jutsu,set_10_lineage_of_the_legends,j336.webp,Set 10 Lineage Of The Legends,0,0,['Fire'],,,,,,,,Common,
J337,J337,Jutsu,set_10_lineage_of_the_legends,j337.webp,Set 10 Lineage Of The Legends,0,0,['Fire'],,,,,,,,Common,
J338,J338,Jutsu,set_10_lineage_of_the_legends,j338.webp,Set 10 Lineage Of The Legends,0,0,['Fire'],,,,,,,,Common,
J339,J339,Jutsu,set_10_lineage_of_the_legends,j339.webp,Set 10 Lineage Of The Legends,0,0,['Fire'],,,,,,,,Common,
J340,J340,Jutsu,set_10_lineage_of_the_legends,j340.webp,Set 10 Lineage Of The Legends,0,0,['Fire'],,,,,,,,Common,
J341,J341,Jutsu,set_10_lineage_of_the_legends,j341.webp,Set 10 Lineage Of The Legends,0,0,['Fire'],,,,,,,,Common,
JUS077,JUS077,Jutsu,set_10_lineage_of_the_legends,jus077.webp,Set 10 Lineage Of The Legends,0,0,['Fire'],,,,,,,,Common,
JUS078,JUS078,Jutsu,set_10_lineage_of_the_legends,jus078.webp,Set 10 Lineage Of The Legends,0,0,['Fire'],,,,,,,,Common,
JUS079,JUS079,Jutsu,set_10_lineage_of_the_legends,jus079.webp,Set 10 Lineage Of The Legends,0,0,['Fire'],,,,,,,,Common,
JUS080,JUS080,Jutsu,set_10_lineage_of_the_legends,jus080.webp,Set 10 Lineage Of The Legends,0,0,['Fire'],,,,,,,,Common,
JUS081,JUS081,Jutsu,set_10_lineage_of_the_legends,jus081.webp,Set 10 Lineage Of The Legends,0,0,['Fire'],,,,,,,,Common,
JUS082,JUS082,Jutsu,set_10_lineage_of_the_legends,jus082.webp,Set 10 Lineage Of The Legends,0,0,['Fire'],,,,,,,,Common,
JUS083,JUS083,Jutsu,set_10_lineage_of_the_legends,jus083.webp,Set 10 Lineage Of The Legends,0,0,['Fire'],,,,,,,,Common,
JUS084,JUS084,Jutsu,set_10_lineage_of_the_legends,jus084.webp,Set 10 Lineage Of The Legends,0,0,['Fire'],,,,,,,,Common,
JUS085,JUS085,Jutsu,set_10_lineage_of_the_legends,jus085.webp,Set 10 Lineage Of The Legends,0,0,['Fire'],,,,,,,,Common,
JUS086,JUS086,Jutsu,set_10_lineage_of_the_legends,jus086.webp,Set 10 Lineage Of The Legends,0,0,['Fire'],,,,,,,,Common,
JUS087,JUS087,Jutsu,set_10_lineage_of_the_legends,jus087.webp,Set 10 Lineage Of The Legends,0,0,['Fire'],,,,,,,,Common,
JUS088,JUS088,Jutsu,set_10_lineage_of_the_legends,jus088.webp,Set 10 Lineage Of The Legends,0,0,['Fire'],,,,,,,,Common,
JUS089,JUS089,Jutsu,set_10_lineage_of_the_legends,jus089.webp,Set 10 Lineage Of The Legends,0,0,['Fire'],,,,,,,,Common,
JUS090,JUS090,Jutsu,set_10_lineage_of_the_legends,jus090.webp,Set 10 Lineage Of The Legends,0,0,['Fire'],,,,,,,,Common,
JUS091E,JUS091E,Jutsu,set_10_lineage_of_the_legends,jus091e.webp,Set 10 Lineage Of The Legends,0,0,['Fire'],,,,,,,,Common,
JUS092,JUS092,Jutsu,set_10_lineage_of_the_legends,jus092.webp,Set 10 Lineage Of The Legends,0,0,['Fire'],,,,,,,,Common,
JUS093,JUS093,Jutsu,set_10_lineage_of_the_legends,jus093.webp,Set 10 Lineage Of The Legends,0,0,['Fire'],,,,,,,,Common,
JUS094,JUS094,Jutsu,set_10_lineage_of_the_legends,jus094.webp,Set 10 Lineage Of The Legends,0,0,['Fire'],,,,,,,,Common,
M264,M264,Mission,set_10_lineage_of_the_legends,m264.webp,Set 10 Lineage Of The Legends,0,0,['Fire'],,,,,,,,Common,
M286,M286,Mission,set_10_lineage_of_the_legends,m286.webp,Set 10 Lineage Of The Legends,0,0,['Fire'],,,,,,,,Common,
M287,M287,Mission,set_10_lineage_of_the_legends,m287.webp,Set 10 Lineage Of The Legends,0,0,['Fire'],,,,,,,,Common,
M288,M288,Mission,set_10_lineage_of_the_legends,m288.webp,Set 10 Lineage Of The Legends,0,0,['Fire'],,,,,,,,Common,
M289,M289,Mission,set_10_lineage_of_the_legends,m289.webp,Set 10 Lineage Of The Legends,0,0,['Fire'],,,,,,,,Common,
M290,M290,Mission,set_10_lineage_of_the_legends,m290.webp,Set 10 Lineage Of The Legends,0,0,['Fire'],,,,,,,,Common,
M291,M291,Mission,set_10_lineage_of_the_legends,m291.webp,Set 10 Lineage Of The Legends,0,0,['Fire'],,,,,,,,Common,
M292,M292,Mission,set_10_lineage_of_the_legends,m292.webp,Set 10 Lineage Of The Legends,0,0,['Fire'],,,,,,,,Common,
M293,M293,Mission,set_10_lineage_of_the_legends,m293.webp,Set 10 Lineage Of The Legends,0,0,['Fire'],,,,,,,,Common,
M294,M294,Mission,set_10_lineage_of_the_legends,m294.webp,Set 10 Lineage Of The Legends,0,0,['Fire'],,,,,,,,Common,
M295,M295,Mission,set_10_lineage_of_the_legends,m295.webp,Set 10 Lineage Of The Legends,0,0,['Fire'],,,,,,,,Common,
M296,M296,Mission,set_10_lineage_of_the_legends,m296.webp,Set 10 Lineage Of The Legends,0,0,['Fire'],,,,,,,,Common,
M297,M297,Mission,set_10_lineage_of_the_legends,m297.webp,Set 10 Lineage Of The Legends,0,0,['Fire'],,,,,,,,Common,
M298,M298,Mission,set_10_lineage_of_the_legends,m298.webp,Set 10 Lineage Of The Legends,0,0,['Fire'],,,,,,,,Common,
M299,M299,Mission,set_10_lineage_of_the_legends,m299.webp,Set 10 Lineage Of The Legends,0,0,['Fire'],,,,,,,,Common,
M300,M300,Mission,set_10_lineage_of_the_legends,m300.webp,Set 10 Lineage Of The Legends,0,0,['Fire'],,,,,,,,Common,
M301,M301,Mission,set_10_lineage_of_the_legends,m301.webp,Set 10 Lineage Of The Legends,0,0,['Fire'],,,,,,,,Common,
M302,M302,Mission,set_10_lineage_of_the_legends,m302.webp,Set 10 Lineage Of The Legends,0,0,['Fire'],,,,,,,,Common,
M303,M303,Mission,set_10_lineage_of_the_legends,m303.webp,Set 10 Lineage Of The Legends,0,0,['Fire'],,,,,,,,Common,
M304,M304,Mission,set_10_lineage_of_the_legends,m304.webp,Set 10 Lineage Of The Legends,0,0,['Fire'],,,,,,,,Common,
M305,M305,Mission,set_10_lineage_of_the_legends,m305.webp,Set 10 Lineage Of The Legends,0,0,['Fire'],,,,,,,,Common,
M306,M306,Mission,set_10_lineage_of_the_legends,m306.webp,Set 10 Lineage Of The Legends,0,0,['Fire'],,,,,,,,Common,
M307,M307,Mission,set_10_lineage_of_the_legends,m307.webp,Set 10 Lineage Of The Legends,0,0,['Fire'],,,,,,,,Common,
M308,M308,Mission,set_10_lineage_of_the_legends,m308.webp,Set 10 Lineage Of The Legends,0,0,['Fire'],,,,,,,,Common,
M309,M309,Mission,set_10_lineage_of_the_legends,m309.webp,Set 10 Lineage Of The Legends,0,0,['Fire'],,,,,,,,Common,
M310,M310,Mission,set_10_lineage_of_the_legends,m310.webp,Set 10 Lineage Of The Legends,0,0,['Fire'],,,,,,,,Common,
M311,M311,Mission,set_10_lineage_of_the_legends,m311.webp,Set 10 Lineage Of The Legends,0,0,['Fire'],,,,,,,,Common,
M312,M312,Mission,set_10_lineage_of_the_legends,m312.webp,Set 10 Lineage Of The Legends,0,0,['Fire'],,,,,,,,Common,
M313,M313,Mission,set_10_lineage_of_the_legends,m313.webp,Set 10 Lineage Of The Legends,0,0,['Fire'],,,,,,,,Common,
M314,M314,Mission,set_10_lineage_of_the_legends,m314.webp,Set 10 Lineage Of The Legends,0,0,['Fire'],,,,,,,,Common,
M315,M315,Mission,set_10_lineage_of_the_legends,m315.webp,Set 10 Lineage Of The Legends,0,0,['Fire'],,,,,,,,Common,
M316,M316,Mission,set_10_lineage_of_the_legends,m316.webp,Set 10 Lineage Of The Legends,0,0,['Fire'],,,,,,,,Common,
M317,M317,Mission,set_10_lineage_of_the_legends,m317.webp,Set 10 Lineage Of The Legends,0,0,['Fire'],,,,,,,,Common,
M318,M318,Mission,set_10_lineage_of_the_legends,m318.webp,Set 10 Lineage Of The Legends,0,0,['Fire'],,,,,,,,Common,
M319,M319,Mission,set_10_lineage_of_the_legends,m319.webp,Set 10 Lineage Of The Legends,0,0,['Fire'],,,,,,,,Common,
M320,M320,Mission,set_10_lineage_of_the_legends,m320.webp,Set 10 Lineage Of The Legends,0,0,['Fire'],,,,,,,,Common,
M321,M321,Mission,set_10_lineage_of_the_legends,m321.webp,Set 10 Lineage Of The Legends,0,0,['Fire'],,,,,,,,Common,
MUS087,MUS087,Mission,set_10_lineage_of_the_legends,mus087.webp,Set 10 Lineage Of The Legends,0,0,['Fire'],,,,,,,,Common,
MUS088,MUS088,Mission,set_10_lineage_of_the_legends,mus088.webp,Set 10 Lineage Of The Legends,0,0,['Fire'],,,,,,,,Common,
MUS089,MUS089,Mission,set_10_lineage_of_the_legends,mus089.webp,Set 10 Lineage Of The Legends,0,0,['Fire'],,,,,,,,Common,
MUS090,MUS090,Mission,set_10_lineage_of_the_legends,mus090.webp,Set 10 Lineage Of The Legends,0,0,['Fire'],,,,,,,,Common,
MUS091E,MUS091E,Mission,set_10_lineage_of_the_legends,mus091e.webp,Set 10 Lineage Of The Legends,0,0,['Fire'],,,,,,,,Common,
MUS092,MUS092,Mission,set_10_lineage_of_the_legends,mus092.webp,Set 10 Lineage Of The Legends,0,0,['Fire'],,,,,,,,Common,
MUS093,MUS093,Mission,set_10_lineage_of_the_legends,mus093.webp,Set 10 Lineage Of The Legends,0,0,['Fire'],,,,,,,,Common,
MUS094,MUS094,Mission,set_10_lineage_of_the_legends,mus094.webp,Set 10 Lineage Of The Legends,0,0,['Fire'],,,,,,,,Common,
MUS095,MUS095,Mission,set_10_lineage_of_the_legends,mus095.webp,Set 10 Lineage Of The Legends,0,0,['Fire'],,,,,,,,Common,
MUS096,MUS096,Mission,set_10_lineage_of_the_legends,mus096.webp,Set 10 Lineage Of The Legends,0,0,['Fire'],,,,,,,,Common,
MUS097,MUS097,Mission,set_10_lineage_of_the_legends,mus097.webp,Set 10 Lineage Of The Legends,0,0,['Fire'],,,,,,,,Common,
MUS098,MUS098,Mission,set_10_lineage_of_the_legends,mus098.webp,Set 10 Lineage Of The Legends,0,0,['Fire'],,,,,,,,Common,
MUS099,MUS099,Mission,set_10_lineage_of_the_legends,mus099.webp,Set 10 Lineage Of The Legends,0,0,['Fire'],,,,,,,,Common,
MUS100,MUS100,Mission,set_10_lineage_of_the_legends,mus100.webp,Set 10 Lineage Of The Legends,0,0,['Fire'],,,,,,,,Common,
MUS101,MUS101,Mission,set_10_lineage_of_the_legends,mus101.webp,Set 10 Lineage Of The Legends,0,0,['Fire'],,,,,,,,Common,
MUS102E,MUS102E,Mission,set_10_lineage_of_the_legends,mus102e.webp,Set 10 Lineage Of The Legends,0,0,['Fire'],,,,,,,,Common,
MUS103,MUS103,Mission,set_10_lineage_of_the_legends,mus103.webp,Set 10 Lineage Of The Legends,0,0,['Fire'],,,,,,,,Common,
MUS104,MUS104,Mission,set_10_lineage_of_the_legends,mus104.webp,Set 10 Lineage Of The Legends,0,0,['Fire'],,,,,,,,Common,
MUS105,MUS105,Mission,set_10_lineage_of_the_legends,mus105.webp,Set 10 Lineage Of The Legends,0,0,['Fire'],,,,,,,,Common,
MUS106,MUS106,Mission,set_10_lineage_of_the_legends,mus106.webp,Set 10 Lineage Of The Legends,0,0,['Fire'],,,,,,,,Common,
MUS107,MUS107,Mission,set_10_lineage_of_the_legends,mus107.webp,Set 10 Lineage Of The Legends,0,0,['Fire'],,,,,,,,Common,
MUS108,MUS108,Mission,set_10_lineage_of_the_legends,mus108.webp,Set 10 Lineage Of The Legends,0,0,['Fire'],,,,,,,,Common,
MUS109,MUS109,Mission,set_10_lineage_of_the_legends,mus109.webp,Set 10 Lineage Of The Legends,0,0,['Fire'],,,,,,,,Common,
MUS110,MUS110,Mission,set_10_lineage_of_the_legends,mus110.webp,Set 10 Lineage Of The Legends,0,0,['Fire'],,,,,,,,Common,
MUS111,MUS111,Mission,set_10_lineage_of_the_legends,mus111.webp,Set 10 Lineage Of The Legends,0,0,['Fire'],,,,,,,,Common,
N344,N344,Ninja,set_10_lineage_of_the_legends,n344.webp,Set 10 Lineage Of The Legends,0,0,['Fire'],,,,,,,,Common,
N345,N345,Ninja,set_10_lineage_of_the_legends,n345.webp,Set 10 Lineage Of The Legends,0,0,['Fire'],,,,,,,,Common,
N346,N346,Ninja,set_10_lineage_of_the_legends,n346.webp,Set 10 Lineage Of The Legends,0,0,['Fire'],,,,,,,,Common,
N347,N347,Ninja,set_10_lineage_of_the_legends,n347.webp,Set 10 Lineage Of The Legends,0,0,['Fire'],,,,,,,,Common,
N348,N348,Ninja,set_10_lineage_of_the_legends,n348.webp,Set 10 Lineage Of The Legends,0,0,['Fire'],,,,,,,,Common,
N349,N349,Ninja,set_10_lineage_of_the_legends,n349.webp,Set 10 Lineage Of The Legends,0,0,['Fire'],,,,,,,,Common,
N350,N350,Ninja,set_10_lineage_of_the_legends,n350.webp,Set 10 Lineage Of The Legends,0,0,['Fire'],,,,,,,,Common,
N351,N351,Ninja,set_10_lineage_of_the_legends,n351.webp,Set 10 Lineage Of The Legends,0,0,['Fire'],,,,,,,,Common,
N352,N352,Ninja,set_10_lineage_of_the_legends,n352.webp,Set 10 Lineage Of The Legends,0,0,['Fire'],,,,,,,,Common,
N353,N353,Ninja,set_10_lineage_of_the_legends,n353.webp,Set 10 Lineage Of The Legends,0,0,['Fire'],,,,,,,,Common,
N354,N354,Ninja,set_10_lineage_of_the_legends,n354.webp,Set 10 Lineage Of The Legends,0,0,['Fire'],,,,,,,,Common,
N355,N355,Ninja,set_10_lineage_of_the_legends,n355.webp,Set 10 Lineage Of The Legends,0,0,['Fire'],,,,,,,,Common,
N356,N356,Ninja,set_10_lineage_of_the_legends,n356.webp,Set 10 Lineage Of The Legends,0,0,['Fire'],,,,,,,,Common,
N357,N357,Ninja,set_10_lineage_of_the_legends,n357.webp,Set 10 Lineage Of The Legends,0,0,['Fire'],,,,,,,,Common,
N358,N358,Ninja,set_10_lineage_of_the_legends,n358.webp,Set 10 Lineage Of The Legends,0,0,['Fire'],,,,,,,,Common,
N359,N359,Ninja,set_10_lineage_of_the_legends,n359.webp,Set 10 Lineage Of The Legends,0,0,['Fire'],,,,,,,,Common,
N360,N360,Ninja,set_10_lineage_of_the_legends,n360.webp,Set 10 Lineage Of The Legends,0,0,['Fire'],,,,,,,,Common,
N361,N361,Ninja,set_10_lineage_of_the_legends,n361.webp,Set 10 Lineage Of The Legends,0,0,['Fire'],,,,,,,,Common,
N362,N362,Ninja,set_10_lineage_of_the_legends,n362.webp,Set 10 Lineage Of The Legends,0,0,['Fire'],,,,,,,,Common,
N363,N363,Ninja,set_10_lineage_of_the_legends,n363.webp,Set 10 Lineage Of The Legends,0,0,['Fire'],,,,,,,,Common,
N364,N364,Ninja,set_10_lineage_of_the_legends,n364.webp,Set 10 Lineage Of The Legends,0,0,['Fire'],,,,,,,,Common,
N365E,N365E,Ninja,set_10_lineage_of_the_legends,n365e.webp,Set 10 Lineage Of The Legends,0,0,['Fire'],,,,,,,,Common,
N366,N366,Ninja,set_10_lineage_of_the_legends,n366.webp,Set 10 Lineage Of The Legends,0,0,['Fire'],,,,,,,,Common,
N367,N367,Ninja,set_10_lineage_of_the_legends,n367.webp,Set 10 Lineage Of The Legends,0,0,['Fire'],,,,,,,,Common,
N368,N368,Ninja,set_10_lineage_of_the_legends,n368.webp,Set 10 Lineage Of The Legends,0,0,['Fire'],,,,,,,,Common,
N369,N369,Ninja,set_10_lineage_of_the_legends,n369.webp,Set 10 Lineage Of The Legends,0,0,['Fire'],,,,,,,,Common,
N370,N370,Ninja,set_10_lineage_of_the_legends,n370.webp,Set 10 Lineage Of The Legends,0,0,['Fire'],,,,,,,,Common,
N371E,N371E,Ninja,set_10_lineage_of_the_legends,n371e.webp,Set 10 Lineage Of The Legends,0,0,['Fire'],,,,,,,,Common,
N372,N372,Ninja,set_10_lineage_of_the_legends,n372.webp,Set 10 Lineage Of The Legends,0,0,['Fire'],,,,,,,,Common,
N373,N373,Ninja,set_10_lineage_of_the_legends,n373.webp,Set 10 Lineage Of The Legends,0,0,['Fire'],,,,,,,,Common,
N374,N374,Ninja,set_10_lineage_of_the_legends,n374.webp,Set 10 Lineage Of The Legends,0,0,['Fire'],,,,,,,,Common,
N375,N375,Ninja,set_10_lineage_of_the_legends,n375.webp,Set 10 Lineage Of The Legends,0,0,['Fire'],,,,,,,,Common,
N376,N376,Ninja,set_10_lineage_of_the_legends,n376.webp,Set 10 Lineage Of The Legends,0,0,['Fire'],,,,,,,,Common,
N377,N377,Ninja,set_10_lineage_of_the_legends,n377.webp,Set 10 Lineage Of The Legends,0,0,['Fire'],,,,,,,,Common,
N378,N378,Ninja,set_10_lineage_of_the_legends,n378.webp,Set 10 Lineage Of The Legends,0,0,['Fire'],,,,,,,,Common,
N379,N379,Ninja,set_10_lineage_of_the_legends,n379.webp,Set 10 Lineage Of The Legends,0,0,['Fire'],,,,,,,,Common,
N380,N380,Ninja,set_10_lineage_of_the_legends,n380.webp,Set 10 Lineage Of The Legends,0,0,['Fire'],,,,,,,,Common,
N381,N381,Ninja,set_10_lineage_of_the_legends,n381.webp,Set 10 Lineage Of The Legends,0,0,['Fire'],,,,,,,,Common,
N382,N382,Ninja,set_10_lineage_of_the_legends,n382.webp,Set 10 Lineage Of The Legends,0,0,['Fire'],,,,,,,,Common,
N383,N383,Ninja,set_10_lineage_of_the_legends,n383.webp,Set 10 Lineage Of The Legends,0,0,['Fire'],,,,,,,,Common,
N384,N384,Ninja,set_10_lineage_of_the_legends,n384.webp,Set 10 Lineage Of The Legends,0,0,['Fire'],,,,,,,,Common,
N385,N385,Ninja,set_10_lineage_of_the_legends,n385.webp,Set 10 Lineage Of The Legends,0,0,['Fire'],,,,,,,,Common,
N386,N386,Ninja,set_10_lineage_of_the_legends,n386.webp,Set 10 Lineage Of The Legends,0,0,['Fire'],,,,,,,,Common,
N387,N387,Ninja,set_10_lineage_of_the_legends,n387.webp,Set 10 Lineage Of The Legends,0,0,['Fire'],,,,,,,,Common,
N388,N388,Ninja,set_10_lineage_of_the_legends,n388.webp,Set 10 Lineage Of The Legends,0,0,['Fire'],,,,,,,,Common,
NUS093,NUS093,Ninja,set_10_lineage_of_the_legends,nus093.webp,Set 10 Lineage Of The Legends,0,0,['Fire'],,,,,,,,Common,
NUS094,NUS094,Ninja,set_10_lineage_of_the_legends,nus094.webp,Set 10 Lineage Of The Legends,0,0,['Fire'],,,,,,,,Common,
NUS095,NUS095,Ninja,set_10_lineage_of_the_legends,nus095.webp,Set 10 Lineage Of The Legends,0,0,['Fire'],,,,,,,,Common,
NUS096,NUS096,Ninja,set_10_lineage_of_the_legends,nus096.webp,Set 10 Lineage Of The Legends,0,0,['Fire'],,,,,,,,Common,
NUS097,NUS097,Ninja,set_10_lineage_of_the_legends,nus097.webp,Set 10 Lineage Of The Legends,0,0,['Fire'],,,,,,,,Common,
NUS098,NUS098,Ninja,set_10_lineage_of_the_legends,nus098.webp,Set 10 Lineage Of The Legends,0,0,['Fire'],,,,,,,,Common,
NUS099,NUS099,Ninja,set_10_lineage_of_the_legends,nus099.webp,Set 10 Lineage Of The Legends,0,0,['Fire'],,,,,,,,Common,
NUS100,NUS100,Ninja,set_10_lineage_of_the_legends,nus100.webp,Set 10 Lineage Of The Legends,0,0,['Fire'],,,,,,,,Common,
NUS101,NUS101,Ninja,set_10_lineage_of_the_legends,nus101.webp,Set 10 Lineage Of The Legends,0,0,['Fire'],,,,,,,,Common,
NUS102,NUS102,Ninja,set_10_lineage_of_the_legends,nus102.webp,Set 10 Lineage Of The Legends,0,0,['Fire'],,,,,,,,Common,
NUS103E,NUS103E,Ninja,set_10_lineage_of_the_legends,nus103e.webp,Set 10 Lineage Of The Legends,0,0,['Fire'],,,,,,,,Common,
NUS104,NUS104,Ninja,set_10_lineage_of_the_legends,nus104.webp,Set 10 Lineage Of The Legends,0,0,['Fire'],,,,,,,,Common,
NUS105,NUS105,Ninja,set_10_lineage_of_the_legends,nus105.webp,Set 10 Lineage Of The Legends,0,0,['Fire'],,,,,,,,Common,
NUS106,NUS106,Ninja,set_10_lineage_of_the_legends,nus106.webp,Set 10 Lineage Of The Legends,0,0,['Fire'],,,,,,,,Common,
NUS107,NUS107,Ninja,set_10_lineage_of_the_legends,nus107.webp,Set 10 Lineage Of The Legends,0,0,['Fire'],,,,,,,,Common,
NUS108,NUS108,Ninja,set_10_lineage_of_the_legends,nus108.webp,Set 10 Lineage Of The Legends,0,0,['Fire'],,,,,,,,Common,
NUS109,NUS109,Ninja,set_10_lineage_of_the_legends,nus109.webp,Set 10 Lineage Of The Legends,0,0,['Fire'],,,,,,,,Common,
NUS110,NUS110,Ninja,set_10_lineage_of_the_legends,nus110.webp,Set 10 Lineage Of The Legends,0,0,['Fire'],,,,,,,,Common,
NUS111,NUS111,Ninja,set_10_lineage_of_the_legends,nus111.webp,Set 10 Lineage Of The Legends,0,0,['Fire'],,,,,,,,Common,
NUS112,NUS112,Ninja,set_10_lineage_of_the_legends,nus112.webp,Set 10 Lineage Of The Legends,0,0,['Fire'],,,,,,,,Common,
NUS113,NUS113,Ninja,set_10_lineage_of_the_legends,nus113.webp,Set 10 Lineage Of The Legends,0,0,['Fire'],,,,,,,,Common,
NUS114,NUS114,Ninja,set_10_lineage_of_the_legends,nus114.webp,Set 10 Lineage Of The Legends,0,0,['Fire'],,,,,,,,Common,
NUS115,NUS115,Ninja,set_10_lineage_of_the_legends,nus115.webp,Set 10 Lineage Of The Legends,0,0,['Fire'],,,,,,,,Common,
NUS116,NUS116,Ninja,set_10_lineage_of_the_legends,nus116.webp,Set 10 Lineage Of The Legends,0,0,['Fire'],,,,,,,,Common,
NUS117,NUS117,Ninja,set_10_lineage_of_the_legends,nus117.webp,Set 10 Lineage Of The Legends,0,0,['Fire'],,,,,,,,Common,
NUS118,NUS118,Ninja,set_10_lineage_of_the_legends,nus118.webp,Set 10 Lineage Of The Legends,0,0,['Fire'],,,,,,,,Common,
NUS119,NUS119,Ninja,set_10_lineage_of_the_legends,nus119.webp,Set 10 Lineage Of The Legends,0,0,['Fire'],,,,,,,,Common,
NUS120,NUS120,Ninja,set_10_lineage_of_the_legends,nus120.webp,Set 10 Lineage Of The Legends,0,0,['Fire'],,,,,,,,Common,
NUS121,NUS121,Ninja,set_10_lineage_of_the_legends,nus121.webp,Set 10 Lineage Of The Legends,0,0,['Fire'],,,,,,,,Common,
NUS122,NUS122,Ninja,set_10_lineage_of_the_legends,nus122.webp,Set 10 Lineage Of The Legends,0,0,['Fire'],,,,,,,,Common,
NUS123,NUS123,Ninja,set_10_lineage_of_the_legends,nus123.webp,Set 10 Lineage Of The Legends,0,0,['Fire'],,,,,,,,Common,
NUS124,NUS124,Ninja,set_10_lineage_of_the_legends,nus124.webp,Set 10 Lineage Of The Legends,0,0,['Fire'],,,,,,,,Common,
C043,C043,Client,set_11_approaching_wind,c043.webp,Set 11 Approaching Wind,0,0,['Fire'],,,,,,,,Common,
C044,C044,Client,set_11_approaching_wind,c044.webp,Set 11 Approaching Wind,0,0,['Fire'],,,,,,,,Common,
C045,C045,Client,set_11_approaching_wind,c045.webp,Set 11 Approaching Wind,0,0,['Fire'],,,,,,,,Common,
C046,C046,Client,set_11_approaching_wind,c046.webp,Set 11 Approaching Wind,0,0,['Fire'],,,,,,,,Common,
J342,J342,Jutsu,set_11_approaching_wind,j342.webp,Set 11 Approaching Wind,0,0,['Fire'],,,,,,,,Common,
J343,J343,Jutsu,set_11_approaching_wind,j343.webp,Set 11 Approaching Wind,0,0,['Fire'],,,,,,,,Common,
J344,J344,Jutsu,set_11_approaching_wind,j344.webp,Set 11 Approaching Wind,0,0,['Fire'],,,,,,,,Common,
J345,J345,Jutsu,set_11_approaching_wind,j345.webp,Set 11 Approaching Wind,0,0,['Fire'],,,,,,,,Common,
J346,J346,Jutsu,set_11_approaching_wind,j346.webp,Set 11 Approaching Wind,0,0,['Fire'],,,,,,,,Common,
J347,J347,Jutsu,set_11_approaching_wind,j347.webp,Set 11 Approaching Wind,0,0,['Fire'],,,,,,,,Common,
J348,J348,Jutsu,set_11_approaching_wind,j348.webp,Set 11 Approaching Wind,0,0,['Fire'],,,,,,,,Common,
J349,J349,Jutsu,set_11_approaching_wind,j349.webp,Set 11 Approaching Wind,0,0,['Fire'],,,,,,,,Common,
J350,J350,Jutsu,set_11_approaching_wind,j350.webp,Set 11 Approaching Wind,0,0,['Fire'],,,,,,,,Common,
J351,J351,Jutsu,set_11_approaching_wind,j351.webp,Set 11 Approaching Wind,0,0,['Fire'],,,,,,,,Common,
J352,J352,Jutsu,set_11_approaching_wind,j352.webp,Set 11 Approaching Wind,0,0,['Fire'],,,,,,,,Common,
J353,J353,Jutsu,set_11_approaching_wind,j353.webp,Set 11 Approaching Wind,0,0,['Fire'],,,,,,,,Common,
J354,J354,Jutsu,set_11_approaching_wind,j354.webp,Set 11 Approaching Wind,0,0,['Fire'],,,,,,,,Common,
J355,J355,Jutsu,set_11_approaching_wind,j355.webp,Set 11 Approaching Wind,0,0,['Fire'],,,,,,,,Common,
J356,J356,Jutsu,set_11_approaching_wind,j356.webp,Set 11 Approaching Wind,0,0,['Fire'],,,,,,,,Common,
J357,J357,Jutsu,set_11_approaching_wind,j357.webp,Set 11 Approaching Wind,0,0,['Fire'],,,,,,,,Common,
J358,J358,Jutsu,set_11_approaching_wind,j358.webp,Set 11 Approaching Wind,0,0,['Fire'],,,,,,,,Common,
J359,J359,Jutsu,set_11_approaching_wind,j359.webp,Set 11 Approaching Wind,0,0,['Fire'],,,,,,,,Common,
J360,J360,Jutsu,set_11_approaching_wind,j360.webp,Set 11 Approaching Wind,0,0,['Fire'],,,,,,,,Common,
J361,J361,Jutsu,set_11_approaching_wind,j361.webp,Set 11 Approaching Wind,0,0,['Fire'],,,,,,,,Common,
J362,J362,Jutsu,set_11_approaching_wind,j362.webp,Set 11 Approaching Wind,0,0,['Fire'],,,,,,,,Common,
J363,J363,Jutsu,set_11_approaching_wind,j363.webp,Set 11 Approaching Wind,0,0,['Fire'],,,,,,,,Common,
J364,J364,Jutsu,set_11_approaching_wind,j364.webp,Set 11 Approaching Wind,0,0,['Fire'],,,,,,,,Common,
J365,J365,Jutsu,set_11_approaching_wind,j365.webp,Set 11 Approaching Wind,0,0,['Fire'],,,,,,,,Common,
J366,J366,Jutsu,set_11_approaching_wind,j366.webp,Set 11 Approaching Wind,0,0,['Fire'],,,,,,,,Common,
J367,J367,Jutsu,set_11_approaching_wind,j367.webp,Set 11 Approaching Wind,0,0,['Fire'],,,,,,,,Common,
J368,J368,Jutsu,set_11_approaching_wind,j368.webp,Set 11 Approaching Wind,0,0,['Fire'],,,,,,,,Common,
J369,J369,Jutsu,set_11_approaching_wind,j369.webp,Set 11 Approaching Wind,0,0,['Fire'],,,,,,,,Common,
J370,J370,Jutsu,set_11_approaching_wind,j370.webp,Set 11 Approaching Wind,0,0,['Fire'],,,,,,,,Common,
J371,J371,Jutsu,set_11_approaching_wind,j371.webp,Set 11 Approaching Wind,0,0,['Fire'],,,,,,,,Common,
J372,J372,Jutsu,set_11_approaching_wind,j372.webp,Set 11 Approaching Wind,0,0,['Fire'],,,,,,,,Common,
J373,J373,Jutsu,set_11_approaching_wind,j373.webp,Set 11 Approaching Wind,0,0,['Fire'],,,,,,,,Common,
J374,J374,Jutsu,set_11_approaching_wind,j374.webp,Set 11 Approaching Wind,0,0,['Fire'],,,,,,,,Common,
J375,J375,Jutsu,set_11_approaching_wind,j375.webp,Set 11 Approaching Wind,0,0,['Fire'],,,,,,,,Common,
J376,J376,Jutsu,set_11_approaching_wind,j376.webp,Set 11 Approaching Wind,0,0,['Fire'],,,,,,,,Common,
J377E,J377E,Jutsu,set_11_approaching_wind,j377e.webp,Set 11 Approaching Wind,0,0,['Fire'],,,,,,,,Common,
J378,J378,Jutsu,set_11_approaching_wind,j378.webp,Set 11 Approaching Wind,0,0,['Fire'],,,,,,,,Common,
J379,J379,Jutsu,set_11_approaching_wind,j379.webp,Set 11 Approaching Wind,0,0,['Fire'],,,,,,,,Common,
J380,J380,Jutsu,set_11_approaching_wind,j380.webp,Set 11 Approaching Wind,0,0,['Fire'],,,,,,,,Common,
J381,J381,Jutsu,set_11_approaching_wind,j381.webp,Set 11 Approaching Wind,0,0,['Fire'],,,,,,,,Common,
J382,J382,Jutsu,set_11_approaching_wind,j382.webp,Set 11 Approaching Wind,0,0,['Fire'],,,,,,,,Common,
J383,J383,Jutsu,set_11_approaching_wind,j383.webp,Set 11 Approaching Wind,0,0,['Fire'],,,,,,,,Common,
J384E,J384E,Jutsu,set_11_approaching_wind,j384e.webp,Set 11 Approaching Wind,0,0,['Fire'],,,,,,,,Common,
J385,J385,Jutsu,set_11_approaching_wind,j385.webp,Set 11 Approaching Wind,0,0,['Fire'],,,,,,,,Common,
J386,J386,Jutsu,set_11_approaching_wind,j386.webp,Set 11 Approaching Wind,0,0,['Fire'],,,,,,,,Common,
M322,M322,Mission,set_11_approaching_wind,m322.webp,Set 11 Approaching Wind,0,0,['Fire'],,,,,,,,Common,
M323,M323,Mission,set_11_approaching_wind,m323.webp,Set 11 Approaching Wind,0,0,['Fire'],,,,,,,,Common,
M324,M324,Mission,set_11_approaching_wind,m324.webp,Set 11 Approaching Wind,0,0,['Fire'],,,,,,,,Common,
M325,M325,Mission,set_11_approaching_wind,m325.webp,Set 11 Approaching Wind,0,0,['Fire'],,,,,,,,Common,
M326,M326,Mission,set_11_approaching_wind,m326.webp,Set 11 Approaching Wind,0,0,['Fire'],,,,,,,,Common,
M327,M327,Mission,set_11_approaching_wind,m327.webp,Set 11 Approaching Wind,0,0,['Fire'],,,,,,,,Common,
M328,M328,Mission,set_11_approaching_wind,m328.webp,Set 11 Approaching Wind,0,0,['Fire'],,,,,,,,Common,
M329,M329,Mission,set_11_approaching_wind,m329.webp,Set 11 Approaching Wind,0,0,['Fire'],,,,,,,,Common,
M330E,M330E,Mission,set_11_approaching_wind,m330e.webp,Set 11 Approaching Wind,0,0,['Fire'],,,,,,,,Common,
M331,M331,Mission,set_11_approaching_wind,m331.webp,Set 11 Approaching Wind,0,0,['Fire'],,,,,,,,Common,
M332,M332,Mission,set_11_approaching_wind,m332.webp,Set 11 Approaching Wind,0,0,['Fire'],,,,,,,,Common,
M333,M333,Mission,set_11_approaching_wind,m333.webp,Set 11 Approaching Wind,0,0,['Fire'],,,,,,,,Common,
M334,M334,Mission,set_11_approaching_wind,m334.webp,Set 11 Approaching Wind,0,0,['Fire'],,,,,,,,Common,
M335,M335,Mission,set_11_approaching_wind,m335.webp,Set 11 Approaching Wind,0,0,['Fire'],,,,,,,,Common,
M336,M336,Mission,set_11_approaching_wind,m336.webp,Set 11 Approaching Wind,0,0,['Fire'],,,,,,,,Common,
M337,M337,Mission,set_11_approaching_wind,m337.webp,Set 11 Approaching Wind,0,0,['Fire'],,,,,,,,Common,
M338,M338,Mission,set_11_approaching_wind,m338.webp,Set 11 Approaching Wind,0,0,['Fire'],,,,,,,,Common,
M339,M339,Mission,set_11_approaching_wind,m339.webp,Set 11 Approaching Wind,0,0,['Fire'],,,,,,,,Common,
M340,M340,Mission,set_11_approaching_wind,m340.webp,Set 11 Approaching Wind,0,0,['Fire'],,,,,,,,Common,
M341,M341,Mission,set_11_approaching_wind,m341.webp,Set 11 Approaching Wind,0,0,['Fire'],,,,,,,,Common,
M342,M342,Mission,set_11_approaching_wind,m342.webp,Set 11 Approaching Wind,0,0,['Fire'],,,,,,,,Common,
M343,M343,Mission,set_11_approaching_wind,m343.webp,Set 11 Approaching Wind,0,0,['Fire'],,,,,,,,Common,
M344,M344,Mission,set_11_approaching_wind,m344.webp,Set 11 Approaching Wind,0,0,['Fire'],,,,,,,,Common,
M345,M345,Mission,set_11_approaching_wind,m345.webp,Set 11 Approaching Wind,0,0,['Fire'],,,,,,,,Common,
M346,M346,Mission,set_11_approaching_wind,m346.webp,Set 11 Approaching Wind,0,0,['Fire'],,,,,,,,Common,
M347,M347,Mission,set_11_approaching_wind,m347.webp,Set 11 Approaching Wind,0,0,['Fire'],,,,,,,,Common,
M348,M348,Mission,set_11_approaching_wind,m348.webp,Set 11 Approaching Wind,0,0,['Fire'],,,,,,,,Common,
M349,M349,Mission,set_11_approaching_wind,m349.webp,Set 11 Approaching Wind,0,0,['Fire'],,,,,,,,Common,
M350,M350,Mission,set_11_approaching_wind,m350.webp,Set 11 Approaching Wind,0,0,['Fire'],,,,,,,,Common,
M351,M351,Mission,set_11_approaching_wind,m351.webp,Set 11 Approaching Wind,0,0,['Fire'],,,,,,,,Common,
M352,M352,Mission,set_11_approaching_wind,m352.webp,Set 11 Approaching Wind,0,0,['Fire'],,,,,,,,Common,
M353,M353,Mission,set_11_approaching_wind,m353.webp,Set 11 Approaching Wind,0,0,['Fire'],,,,,,,,Common,
M354,M354,Mission,set_11_approaching_wind,m354.webp,Set 11 Approaching Wind,0,0,['Fire'],,,,,,,,Common,
M355,M355,Mission,set_11_approaching_wind,m355.webp,Set 11 Approaching Wind,0,0,['Fire'],,,,,,,,Common,
M356,M356,Mission,set_11_approaching_wind,m356.webp,Set 11 Approaching Wind,0,0,['Fire'],,,,,,,,Common,
M357,M357,Mission,set_11_approaching_wind,m357.webp,Set 11 Approaching Wind,0,0,['Fire'],,,,,,,,Common,
M358,M358,Mission,set_11_approaching_wind,m358.webp,Set 11 Approaching Wind,0,0,['Fire'],,,,,,,,Common,
M359,M359,Mission,set_11_approaching_wind,m359.webp,Set 11 Approaching Wind,0,0,['Fire'],,,,,,,,Common,
M360,M360,Mission,set_11_approaching_wind,m360.webp,Set 11 Approaching Wind,0,0,['Fire'],,,,,,,,Common,
M361,M361,Mission,set_11_approaching_wind,m361.webp,Set 11 Approaching Wind,0,0,['Fire'],,,,,,,,Common,
M362,M362,Mission,set_11_approaching_wind,m362.webp,Set 11 Approaching Wind,0,0,['Fire'],,,,,,,,Common,
M363,M363,Mission,set_11_approaching_wind,m363.webp,Set 11 Approaching Wind,0,0,['Fire'],,,,,,,,Common,
N389,N389,Ninja,set_11_approaching_wind,n389.webp,Set 11 Approaching Wind,0,0,['Fire'],,,,,,,,Common,
N390,N390,Ninja,set_11_approaching_wind,n390.webp,Set 11 Approaching Wind,0,0,['Fire'],,,,,,,,Common,
N391,N391,Ninja,set_11_approaching_wind,n391.webp,Set 11 Approaching Wind,0,0,['Fire'],,,,,,,,Common,
N392,N392,Ninja,set_11_approaching_wind,n392.webp,Set 11 Approaching Wind,0,0,['Fire'],,,,,,,,Common,
N393,N393,Ninja,set_11_approaching_wind,n393.webp,Set 11 Approaching Wind,0,0,['Fire'],,,,,,,,Common,
N394,N394,Ninja,set_11_approaching_wind,n394.webp,Set 11 Approaching Wind,0,0,['Fire'],,,,,,,,Common,
N395,N395,Ninja,set_11_approaching_wind,n395.webp,Set 11 Approaching Wind,0,0,['Fire'],,,,,,,,Common,
N396,N396,Ninja,set_11_approaching_wind,n396.webp,Set 11 Approaching Wind,0,0,['Fire'],,,,,,,,Common,
N397,N397,Ninja,set_11_approaching_wind,n397.webp,Set 11 Approaching Wind,0,0,['Fire'],,,,,,,,Common,
N398,N398,Ninja,set_11_approaching_wind,n398.webp,Set 11 Approaching Wind,0,0,['Fire'],,,,,,,,Common,
N399,N399,Ninja,set_11_approaching_wind,n399.webp,Set 11 Approaching Wind,0,0,['Fire'],,,,,,,,Common,
N400,N400,Ninja,set_11_approaching_wind,n400.webp,Set 11 Approaching Wind,0,0,['Fire'],,,,,,,,Common,
N401,N401,Ninja,set_11_approaching_wind,n401.webp,Set 11 Approaching Wind,0,0,['Fire'],,,,,,,,Common,
N402,N402,Ninja,set_11_approaching_wind,n402.webp,Set 11 Approaching Wind,0,0,['Fire'],,,,,,,,Common,
N403,N403,Ninja,set_11_approaching_wind,n403.webp,Set 11 Approaching Wind,0,0,['Fire'],,,,,,,,Common,
N404,N404,Ninja,set_11_approaching_wind,n404.webp,Set 11 Approaching Wind,0,0,['Fire'],,,,,,,,Common,
N405,N405,Ninja,set_11_approaching_wind,n405.webp,Set 11 Approaching Wind,0,0,['Fire'],,,,,,,,Common,
N406,N406,Ninja,set_11_approaching_wind,n406.webp,Set 11 Approaching Wind,0,0,['Fire'],,,,,,,,Common,
N407,N407,Ninja,set_11_approaching_wind,n407.webp,Set 11 Approaching Wind,0,0,['Fire'],,,,,,,,Common,
N408,N408,Ninja,set_11_approaching_wind,n408.webp,Set 11 Approaching Wind,0,0,['Fire'],,,,,,,,Common,
N409,N409,Ninja,set_11_approaching_wind,n409.webp,Set 11 Approaching Wind,0,0,['Fire'],,,,,,,,Common,
N410,N410,Ninja,set_11_approaching_wind,n410.webp,Set 11 Approaching Wind,0,0,['Fire'],,,,,,,,Common,
N411,N411,Ninja,set_11_approaching_wind,n411.webp,Set 11 Approaching Wind,0,0,['Fire'],,,,,,,,Common,
N412,N412,Ninja,set_11_approaching_wind,n412.webp,Set 11 Approaching Wind,0,0,['Fire'],,,,,,,,Common,
N413,N413,Ninja,set_11_approaching_wind,n413.webp,Set 11 Approaching Wind,0,0,['Fire'],,,,,,,,Common,
N414,N414,Ninja,set_11_approaching_wind,n414.webp,Set 11 Approaching Wind,0,0,['Fire'],,,,,,,,Common,
N415,N415,Ninja,set_11_approaching_wind,n415.webp,Set 11 Approaching Wind,0,0,['Fire'],,,,,,,,Common,
N416,N416,Ninja,set_11_approaching_wind,n416.webp,Set 11 Approaching Wind,0,0,['Fire'],,,,,,,,Common,
N417,N417,Ninja,set_11_approaching_wind,n417.webp,Set 11 Approaching Wind,0,0,['Fire'],,,,,,,,Common,
N418,N418,Ninja,set_11_approaching_wind,n418.webp,Set 11 Approaching Wind,0,0,['Fire'],,,,,,,,Common,
N419,N419,Ninja,set_11_approaching_wind,n419.webp,Set 11 Approaching Wind,0,0,['Fire'],,,,,,,,Common,
N420,N420,Ninja,set_11_approaching_wind,n420.webp,Set 11 Approaching Wind,0,0,['Fire'],,,,,,,,Common,
N421,N421,Ninja,set_11_approaching_wind,n421.webp,Set 11 Approaching Wind,0,0,['Fire'],,,,,,,,Common,
N422,N422,Ninja,set_11_approaching_wind,n422.webp,Set 11 Approaching Wind,0,0,['Fire'],,,,,,,,Common,
N423,N423,Ninja,set_11_approaching_wind,n423.webp,Set 11 Approaching Wind,0,0,['Fire'],,,,,,,,Common,
N424,N424,Ninja,set_11_approaching_wind,n424.webp,Set 11 Approaching Wind,0,0,['Fire'],,,,,,,,Common,
N425,N425,Ninja,set_11_approaching_wind,n425.webp,Set 11 Approaching Wind,0,0,['Fire'],,,,,,,,Common,
N426,N426,Ninja,set_11_approaching_wind,n426.webp,Set 11 Approaching Wind,0,0,['Fire'],,,,,,,,Common,
N427,N427,Ninja,set_11_approaching_wind,n427.webp,Set 11 Approaching Wind,0,0,['Fire'],,,,,,,,Common,
N428,N428,Ninja,set_11_approaching_wind,n428.webp,Set 11 Approaching Wind,0,0,['Fire'],,,,,,,,Common,
N429,N429,Ninja,set_11_approaching_wind,n429.webp,Set 11 Approaching Wind,0,0,['Fire'],,,,,,,,Common,
N430,N430,Ninja,set_11_approaching_wind,n430.webp,Set 11 Approaching Wind,0,0,['Fire'],,,,,,,,Common,
N431,N431,Ninja,set_11_approaching_wind,n431.webp,Set 11 Approaching Wind,0,0,['Fire'],,,,,,,,Common,
N432,N432,Ninja,set_11_approaching_wind,n432.webp,Set 11 Approaching Wind,0,0,['Fire'],,,,,,,,Common,
N433,N433,Ninja,set_11_approaching_wind,n433.webp,Set 11 Approaching Wind,0,0,['Fire'],,,,,,,,Common,
N434,N434,Ninja,set_11_approaching_wind,n434.webp,Set 11 Approaching Wind,0,0,['Fire'],,,,,,,,Common,
N435,N435,Ninja,set_11_approaching_wind,n435.webp,Set 11 Approaching Wind,0,0,['Fire'],,,,,,,,Common,
N436,N436,Ninja,set_11_approaching_wind,n436.webp,Set 11 Approaching Wind,0,0,['Fire'],,,,,,,,Common,
N437,N437,Ninja,set_11_approaching_wind,n437.webp,Set 11 Approaching Wind,0,0,['Fire'],,,,,,,,Common,
N438,N438,Ninja,set_11_approaching_wind,n438.webp,Set 11 Approaching Wind,0,0,['Fire'],,,,,,,,Common,
N439,N439,Ninja,set_11_approaching_wind,n439.webp,Set 11 Approaching Wind,0,0,['Fire'],,,,,,,,Common,
N440,N440,Ninja,set_11_approaching_wind,n440.webp,Set 11 Approaching Wind,0,0,['Fire'],,,,,,,,Common,
N441,N441,Ninja,set_11_approaching_wind,n441.webp,Set 11 Approaching Wind,0,0,['Fire'],,,,,,,,Common,
N442,N442,Ninja,set_11_approaching_wind,n442.webp,Set 11 Approaching Wind,0,0,['Fire'],,,,,,,,Common,
N443,N443,Ninja,set_11_approaching_wind,n443.webp,Set 11 Approaching Wind,0,0,['Fire'],,,,,,,,Common,
N444,N444,Ninja,set_11_approaching_wind,n444.webp,Set 11 Approaching Wind,0,0,['Fire'],,,,,,,,Common,
N445,N445,Ninja,set_11_approaching_wind,n445.webp,Set 11 Approaching Wind,0,0,['Fire'],,,,,,,,Common,
N446,N446,Ninja,set_11_approaching_wind,n446.webp,Set 11 Approaching Wind,0,0,['Fire'],,,,,,,,Common,
N447,N447,Ninja,set_11_approaching_wind,n447.webp,Set 11 Approaching Wind,0,0,['Fire'],,,,,,,,Common,
N448,N448,Ninja,set_11_approaching_wind,n448.webp,Set 11 Approaching Wind,0,0,['Fire'],,,,,,,,Common,
N449,N449,Ninja,set_11_approaching_wind,n449.webp,Set 11 Approaching Wind,0,0,['Fire'],,,,,,,,Common,
N450,N450,Ninja,set_11_approaching_wind,n450.webp,Set 11 Approaching Wind,0,0,['Fire'],,,,,,,,Common,
N451,N451,Ninja,set_11_approaching_wind,n451.webp,Set 11 Approaching Wind,0,0,['Fire'],,,,,,,,Common,
N452,N452,Ninja,set_11_approaching_wind,n452.webp,Set 11 Approaching Wind,0,0,['Fire'],,,,,,,,Common,
N453,N453,Ninja,set_11_approaching_wind,n453.webp,Set 11 Approaching Wind,0,0,['Fire'],,,,,,,,Common,
N454,N454,Ninja,set_11_approaching_wind,n454.webp,Set 11 Approaching Wind,0,0,['Fire'],,,,,,,,Common,
N455,N455,Ninja,set_11_approaching_wind,n455.webp,Set 11 Approaching Wind,0,0,['Fire'],,,,,,,,Common,
N456,N456,Ninja,set_11_approaching_wind,n456.webp,Set 11 Approaching Wind,0,0,['Fire'],,,,,,,,Common,
N457,N457,Ninja,set_11_approaching_wind,n457.webp,Set 11 Approaching Wind,0,0,['Fire'],,,,,,,,Common,
N458,N458,Ninja,set_11_approaching_wind,n458.webp,Set 11 Approaching Wind,0,0,['Fire'],,,,,,,,Common,
N459,N459,Ninja,set_11_approaching_wind,n459.webp,Set 11 Approaching Wind,0,0,['Fire'],,,,,,,,Common,
N460,N460,Ninja,set_11_approaching_wind,n460.webp,Set 11 Approaching Wind,0,0,['Fire'],,,,,,,,Common,
J387,J387,Jutsu,set_12_a_new_chronicle,j387.webp,Set 12 A New Chronicle,0,0,['Fire'],,,,,,,,Common,
J388,J388,Jutsu,set_12_a_new_chronicle,j388.webp,Set 12 A New Chronicle,0,0,['Fire'],,,,,,,,Common,
J389,J389,Jutsu,set_12_a_new_chronicle,j389.webp,Set 12 A New Chronicle,0,0,['Fire'],,,,,,,,Common,
J390,J390,Jutsu,set_12_a_new_chronicle,j390.webp,Set 12 A New Chronicle,0,0,['Fire'],,,,,,,,Common,
J391,J391,Jutsu,set_12_a_new_chronicle,j391.webp,Set 12 A New Chronicle,0,0,['Fire'],,,,,,,,Common,
J392,J392,Jutsu,set_12_a_new_chronicle,j392.webp,Set 12 A New Chronicle,0,0,['Fire'],,,,,,,,Common,
J393,J393,Jutsu,set_12_a_new_chronicle,j393.webp,Set 12 A New Chronicle,0,0,['Fire'],,,,,,,,Common,
J394,J394,Jutsu,set_12_a_new_chronicle,j394.webp,Set 12 A New Chronicle,0,0,['Fire'],,,,,,,,Common,
J395,J395,Jutsu,set_12_a_new_chronicle,j395.webp,Set 12 A New Chronicle,0,0,['Fire'],,,,,,,,Common,
J396,J396,Jutsu,set_12_a_new_chronicle,j396.webp,Set 12 A New Chronicle,0,0,['Fire'],,,,,,,,Common,
J397,J397,Jutsu,set_12_a_new_chronicle,j397.webp,Set 12 A New Chronicle,0,0,['Fire'],,,,,,,,Common,
J398,J398,Jutsu,set_12_a_new_chronicle,j398.webp,Set 12 A New Chronicle,0,0,['Fire'],,,,,,,,Common,
J399,J399,Jutsu,set_12_a_new_chronicle,j399.webp,Set 12 A New Chronicle,0,0,['Fire'],,,,,,,,Common,
J400,J400,Jutsu,set_12_a_new_chronicle,j400.webp,Set 12 A New Chronicle,0,0,['Fire'],,,,,,,,Common,
J401,J401,Jutsu,set_12_a_new_chronicle,j401.webp,Set 12 A New Chronicle,0,0,['Fire'],,,,,,,,Common,
J402,J402,Jutsu,set_12_a_new_chronicle,j402.webp,Set 12 A New Chronicle,0,0,['Fire'],,,,,,,,Common,
J403,J403,Jutsu,set_12_a_new_chronicle,j403.webp,Set 12 A New Chronicle,0,0,['Fire'],,,,,,,,Common,
J404,J404,Jutsu,set_12_a_new_chronicle,j404.webp,Set 12 A New Chronicle,0,0,['Fire'],,,,,,,,Common,
J405,J405,Jutsu,set_12_a_new_chronicle,j405.webp,Set 12 A New Chronicle,0,0,['Fire'],,,,,,,,Common,
J406,J406,Jutsu,set_12_a_new_chronicle,j406.webp,Set 12 A New Chronicle,0,0,['Fire'],,,,,,,,Common,
J407,J407,Jutsu,set_12_a_new_chronicle,j407.webp,Set 12 A New Chronicle,0,0,['Fire'],,,,,,,,Common,
J408,J408,Jutsu,set_12_a_new_chronicle,j408.webp,Set 12 A New Chronicle,0,0,['Fire'],,,,,,,,Common,
J409,J409,Jutsu,set_12_a_new_chronicle,j409.webp,Set 12 A New Chronicle,0,0,['Fire'],,,,,,,,Common,
J410,J410,Jutsu,set_12_a_new_chronicle,j410.webp,Set 12 A New Chronicle,0,0,['Fire'],,,,,,,,Common,
J411,J411,Jutsu,set_12_a_new_chronicle,j411.webp,Set 12 A New Chronicle,0,0,['Fire'],,,,,,,,Common,
J412,J412,Jutsu,set_12_a_new_chronicle,j412.webp,Set 12 A New Chronicle,0,0,['Fire'],,,,,,,,Common,
J413,J413,Jutsu,set_12_a_new_chronicle,j413.webp,Set 12 A New Chronicle,0,0,['Fire'],,,,,,,,Common,
J414,J414,Jutsu,set_12_a_new_chronicle,j414.webp,Set 12 A New Chronicle,0,0,['Fire'],,,,,,,,Common,
J415,J415,Jutsu,set_12_a_new_chronicle,j415.webp,Set 12 A New Chronicle,0,0,['Fire'],,,,,,,,Common,
J416,J416,Jutsu,set_12_a_new_chronicle,j416.webp,Set 12 A New Chronicle,0,0,['Fire'],,,,,,,,Common,
J417,J417,Jutsu,set_12_a_new_chronicle,j417.webp,Set 12 A New Chronicle,0,0,['Fire'],,,,,,,,Common,
J418,J418,Jutsu,set_12_a_new_chronicle,j418.webp,Set 12 A New Chronicle,0,0,['Fire'],,,,,,,,Common,
J419,J419,Jutsu,set_12_a_new_chronicle,j419.webp,Set 12 A New Chronicle,0,0,['Fire'],,,,,,,,Common,
J420,J420,Jutsu,set_12_a_new_chronicle,j420.webp,Set 12 A New Chronicle,0,0,['Fire'],,,,,,,,Common,
J421,J421,Jutsu,set_12_a_new_chronicle,j421.webp,Set 12 A New Chronicle,0,0,['Fire'],,,,,,,,Common,
J422,J422,Jutsu,set_12_a_new_chronicle,j422.webp,Set 12 A New Chronicle,0,0,['Fire'],,,,,,,,Common,
J423,J423,Jutsu,set_12_a_new_chronicle,j423.webp,Set 12 A New Chronicle,0,0,['Fire'],,,,,,,,Common,
J424,J424,Jutsu,set_12_a_new_chronicle,j424.webp,Set 12 A New Chronicle,0,0,['Fire'],,,,,,,,Common,
J425,J425,Jutsu,set_12_a_new_chronicle,j425.webp,Set 12 A New Chronicle,0,0,['Fire'],,,,,,,,Common,
J426,J426,Jutsu,set_12_a_new_chronicle,j426.webp,Set 12 A New Chronicle,0,0,['Fire'],,,,,,,,Common,
J427,J427,Jutsu,set_12_a_new_chronicle,j427.webp,Set 12 A New Chronicle,0,0,['Fire'],,,,,,,,Common,
J428,J428,Jutsu,set_12_a_new_chronicle,j428.webp,Set 12 A New Chronicle,0,0,['Fire'],,,,,,,,Common,
J429,J429,Jutsu,set_12_a_new_chronicle,j429.webp,Set 12 A New Chronicle,0,0,['Fire'],,,,,,,,Common,
J430,J430,Jutsu,set_12_a_new_chronicle,j430.webp,Set 12 A New Chronicle,0,0,['Fire'],,,,,,,,Common,
J431,J431,Jutsu,set_12_a_new_chronicle,j431.webp,Set 12 A New Chronicle,0,0,['Fire'],,,,,,,,Common,
J432,J432,Jutsu,set_12_a_new_chronicle,j432.webp,Set 12 A New Chronicle,0,0,['Fire'],,,,,,,,Common,
J433,J433,Jutsu,set_12_a_new_chronicle,j433.webp,Set 12 A New Chronicle,0,0,['Fire'],,,,,,,,Common,
J434,J434,Jutsu,set_12_a_new_chronicle,j434.webp,Set 12 A New Chronicle,0,0,['Fire'],,,,,,,,Common,
J435E,J435E,Jutsu,set_12_a_new_chronicle,j435e.webp,Set 12 A New Chronicle,0,0,['Fire'],,,,,,,,Common,
J436,J436,Jutsu,set_12_a_new_chronicle,j436.webp,Set 12 A New Chronicle,0,0,['Fire'],,,,,,,,Common,
J437,J437,Jutsu,set_12_a_new_chronicle,j437.webp,Set 12 A New Chronicle,0,0,['Fire'],,,,,,,,Common,
J438,J438,Jutsu,set_12_a_new_chronicle,j438.webp,Set 12 A New Chronicle,0,0,['Fire'],,,,,,,,Common,
J439,J439,Jutsu,set_12_a_new_chronicle,j439.webp,Set 12 A New Chronicle,0,0,['Fire'],,,,,,,,Common,
J440,J440,Jutsu,set_12_a_new_chronicle,j440.webp,Set 12 A New Chronicle,0,0,['Fire'],,,,,,,,Common,
J441,J441,Jutsu,set_12_a_new_chronicle,j441.webp,Set 12 A New Chronicle,0,0,['Fire'],,,,,,,,Common,
J442,J442,Jutsu,set_12_a_new_chronicle,j442.webp,Set 12 A New Chronicle,0,0,['Fire'],,,,,,,,Common,
J443,J443,Jutsu,set_12_a_new_chronicle,j443.webp,Set 12 A New Chronicle,0,0,['Fire'],,,,,,,,Common,
J444,J444,Jutsu,set_12_a_new_chronicle,j444.webp,Set 12 A New Chronicle,0,0,['Fire'],,,,,,,,Common,
J445,J445,Jutsu,set_12_a_new_chronicle,j445.webp,Set 12 A New Chronicle,0,0,['Fire'],,,,,,,,Common,
J446,J446,Jutsu,set_12_a_new_chronicle,j446.webp,Set 12 A New Chronicle,0,0,['Fire'],,,,,,,,Common,
J447,J447,Jutsu,set_12_a_new_chronicle,j447.webp,Set 12 A New Chronicle,0,0,['Fire'],,,,,,,,Common,
J448,J448,Jutsu,set_12_a_new_chronicle,j448.webp,Set 12 A New Chronicle,0,0,['Fire'],,,,,,,,Common,
J449,J449,Jutsu,set_12_a_new_chronicle,j449.webp,Set 12 A New Chronicle,0,0,['Fire'],,,,,,,,Common,
M364,M364,Mission,set_12_a_new_chronicle,m364.webp,Set 12 A New Chronicle,0,0,['Fire'],,,,,,,,Common,
M365,M365,Mission,set_12_a_new_chronicle,m365.webp,Set 12 A New Chronicle,0,0,['Fire'],,,,,,,,Common,
M366,M366,Mission,set_12_a_new_chronicle,m366.webp,Set 12 A New Chronicle,0,0,['Fire'],,,,,,,,Common,
M367,M367,Mission,set_12_a_new_chronicle,m367.webp,Set 12 A New Chronicle,0,0,['Fire'],,,,,,,,Common,
M368,M368,Mission,set_12_a_new_chronicle,m368.webp,Set 12 A New Chronicle,0,0,['Fire'],,,,,,,,Common,
M369,M369,Mission,set_12_a_new_chronicle,m369.webp,Set 12 A New Chronicle,0,0,['Fire'],,,,,,,,Common,
M370,M370,Mission,set_12_a_new_chronicle,m370.webp,Set 12 A New Chronicle,0,0,['Fire'],,,,,,,,Common,
M371,M371,Mission,set_12_a_new_chronicle,m371.webp,Set 12 A New Chronicle,0,0,['Fire'],,,,,,,,Common,
M372,M372,Mission,set_12_a_new_chronicle,m372.webp,Set 12 A New Chronicle,0,0,['Fire'],,,,,,,,Common,
M373,M373,Mission,set_12_a_new_chronicle,m373.webp,Set 12 A New Chronicle,0,0,['Fire'],,,,,,,,Common,
M374,M374,Mission,set_12_a_new_chronicle,m374.webp,Set 12 A New Chronicle,0,0,['Fire'],,,,,,,,Common,
M375,M375,Mission,set_12_a_new_chronicle,m375.webp,Set 12 A New Chronicle,0,0,['Fire'],,,,,,,,Common,
M376,M376,Mission,set_12_a_new_chronicle,m376.webp,Set 12 A New Chronicle,0,0,['Fire'],,,,,,,,Common,
M377,M377,Mission,set_12_a_new_chronicle,m377.webp,Set 12 A New Chronicle,0,0,['Fire'],,,,,,,,Common,
M378,M378,Mission,set_12_a_new_chronicle,m378.webp,Set 12 A New Chronicle,0,0,['Fire'],,,,,,,,Common,
M379,M379,Mission,set_12_a_new_chronicle,m379.webp,Set 12 A New Chronicle,0,0,['Fire'],,,,,,,,Common,
M380,M380,Mission,set_12_a_new_chronicle,m380.webp,Set 12 A New Chronicle,0,0,['Fire'],,,,,,,,Common,
M381,M381,Mission,set_12_a_new_chronicle,m381.webp,Set 12 A New Chronicle,0,0,['Fire'],,,,,,,,Common,
M382,M382,Mission,set_12_a_new_chronicle,m382.webp,Set 12 A New Chronicle,0,0,['Fire'],,,,,,,,Common,
M383,M383,Mission,set_12_a_new_chronicle,m383.webp,Set 12 A New Chronicle,0,0,['Fire'],,,,,,,,Common,
M384,M384,Mission,set_12_a_new_chronicle,m384.webp,Set 12 A New Chronicle,0,0,['Fire'],,,,,,,,Common,
M385,M385,Mission,set_12_a_new_chronicle,m385.webp,Set 12 A New Chronicle,0,0,['Fire'],,,,,,,,Common,
M386,M386,Mission,set_12_a_new_chronicle,m386.webp,Set 12 A New Chronicle,0,0,['Fire'],,,,,,,,Common,
M387,M387,Mission,set_12_a_new_chronicle,m387.webp,Set 12 A New Chronicle,0,0,['Fire'],,,,,,,,Common,
M388,M388,Mission,set_12_a_new_chronicle,m388.webp,Set 12 A New Chronicle,0,0,['Fire'],,,,,,,,Common,
M389,M389,Mission,set_12_a_new_chronicle,m389.webp,Set 12 A New Chronicle,0,0,['Fire'],,,,,,,,Common,
M390,M390,Mission,set_12_a_new_chronicle,m390.webp,Set 12 A New Chronicle,0,0,['Fire'],,,,,,,,Common,
M391,M391,Mission,set_12_a_new_chronicle,m391.webp,Set 12 A New Chronicle,0,0,['Fire'],,,,,,,,Common,
M392,M392,Mission,set_12_a_new_chronicle,m392.webp,Set 12 A New Chronicle,0,0,['Fire'],,,,,,,,Common,
M393,M393,Mission,set_12_a_new_chronicle,m393.webp,Set 12 A New Chronicle,0,0,['Fire'],,,,,,,,Common,
M394,M394,Mission,set_12_a_new_chronicle,m394.webp,Set 12 A New Chronicle,0,0,['Fire'],,,,,,,,Common,
M395,M395,Mission,set_12_a_new_chronicle,m395.webp,Set 12 A New Chronicle,0,0,['Fire'],,,,,,,,Common,
M396,M396,Mission,set_12_a_new_chronicle,m396.webp,Set 12 A New Chronicle,0,0,['Fire'],,,,,,,,Common,
M397,M397,Mission,set_12_a_new_chronicle,m397.webp,Set 12 A New Chronicle,0,0,['Fire'],,,,,,,,Common,
M398,M398,Mission,set_12_a_new_chronicle,m398.webp,Set 12 A New Chronicle,0,0,['Fire'],,,,,,,,Common,
M399,M399,Mission,set_12_a_new_chronicle,m399.webp,Set 12 A New Chronicle,0,0,['Fire'],,,,,,,,Common,
M400,M400,Mission,set_12_a_new_chronicle,m400.webp,Set 12 A New Chronicle,0,0,['Fire'],,,,,,,,Common,
M401,M401,Mission,set_12_a_new_chronicle,m401.webp,Set 12 A New Chronicle,0,0,['Fire'],,,,,,,,Common,
M402,M402,Mission,set_12_a_new_chronicle,m402.webp,Set 12 A New Chronicle,0,0,['Fire'],,,,,,,,Common,
M403,M403,Mission,set_12_a_new_chronicle,m403.webp,Set 12 A New Chronicle,0,0,['Fire'],,,,,,,,Common,
M404,M404,Mission,set_12_a_new_chronicle,m404.webp,Set 12 A New Chronicle,0,0,['Fire'],,,,,,,,Common,
M405,M405,Mission,set_12_a_new_chronicle,m405.webp,Set 12 A New Chronicle,0,0,['Fire'],,,,,,,,Common,
M406,M406,Mission,set_12_a_new_chronicle,m406.webp,Set 12 A New Chronicle,0,0,['Fire'],,,,,,,,Common,
M407,M407,Mission,set_12_a_new_chronicle,m407.webp,Set 12 A New Chronicle,0,0,['Fire'],,,,,,,,Common,
M408,M408,Mission,set_12_a_new_chronicle,m408.webp,Set 12 A New Chronicle,0,0,['Fire'],,,,,,,,Common,
M409,M409,Mission,set_12_a_new_chronicle,m409.webp,Set 12 A New Chronicle,0,0,['Fire'],,,,,,,,Common,
M410,M410,Mission,set_12_a_new_chronicle,m410.webp,Set 12 A New Chronicle,0,0,['Fire'],,,,,,,,Common,
M411,M411,Mission,set_12_a_new_chronicle,m411.webp,Set 12 A New Chronicle,0,0,['Fire'],,,,,,,,Common,
N461E,N461E,Ninja,set_12_a_new_chronicle,n461e.webp,Set 12 A New Chronicle,0,0,['Fire'],,,,,,,,Common,
N462,N462,Ninja,set_12_a_new_chronicle,n462.webp,Set 12 A New Chronicle,0,0,['Fire'],,,,,,,,Common,
N463,N463,Ninja,set_12_a_new_chronicle,n463.webp,Set 12 A New Chronicle,0,0,['Fire'],,,,,,,,Common,
N464,N464,Ninja,set_12_a_new_chronicle,n464.webp,Set 12 A New Chronicle,0,0,['Fire'],,,,,,,,Common,
N465,N465,Ninja,set_12_a_new_chronicle,n465.webp,Set 12 A New Chronicle,0,0,['Fire'],,,,,,,,Common,
N466,N466,Ninja,set_12_a_new_chronicle,n466.webp,Set 12 A New Chronicle,0,0,['Fire'],,,,,,,,Common,
N467,N467,Ninja,set_12_a_new_chronicle,n467.webp,Set 12 A New Chronicle,0,0,['Fire'],,,,,,,,Common,
N468,N468,Ninja,set_12_a_new_chronicle,n468.webp,Set 12 A New Chronicle,0,0,['Fire'],,,,,,,,Common,
N469,N469,Ninja,set_12_a_new_chronicle,n469.webp,Set 12 A New Chronicle,0,0,['Fire'],,,,,,,,Common,
N470,N470,Ninja,set_12_a_new_chronicle,n470.webp,Set 12 A New Chronicle,0,0,['Fire'],,,,,,,,Common,
N471,N471,Ninja,set_12_a_new_chronicle,n471.webp,Set 12 A New Chronicle,0,0,['Fire'],,,,,,,,Common,
N472,N472,Ninja,set_12_a_new_chronicle,n472.webp,Set 12 A New Chronicle,0,0,['Fire'],,,,,,,,Common,
N473,N473,Ninja,set_12_a_new_chronicle,n473.webp,Set 12 A New Chronicle,0,0,['Fire'],,,,,,,,Common,
N474,N474,Ninja,set_12_a_new_chronicle,n474.webp,Set 12 A New Chronicle,0,0,['Fire'],,,,,,,,Common,
N475,N475,Ninja,set_12_a_new_chronicle,n475.webp,Set 12 A New Chronicle,0,0,['Fire'],,,,,,,,Common,
N476,N476,Ninja,set_12_a_new_chronicle,n476.webp,Set 12 A New Chronicle,0,0,['Fire'],,,,,,,,Common,
N477,N477,Ninja,set_12_a_new_chronicle,n477.webp,Set 12 A New Chronicle,0,0,['Fire'],,,,,,,,Common,
N478,N478,Ninja,set_12_a_new_chronicle,n478.webp,Set 12 A New Chronicle,0,0,['Fire'],,,,,,,,Common,
N479,N479,Ninja,set_12_a_new_chronicle,n479.webp,Set 12 A New Chronicle,0,0,['Fire'],,,,,,,,Common,
N480,N480,Ninja,set_12_a_new_chronicle,n480.webp,Set 12 A New Chronicle,0,0,['Fire'],,,,,,,,Common,
N481,N481,Ninja,set_12_a_new_chronicle,n481.webp,Set 12 A New Chronicle,0,0,['Fire'],,,,,,,,Common,
N482,N482,Ninja,set_12_a_new_chronicle,n482.webp,Set 12 A New Chronicle,0,0,['Fire'],,,,,,,,Common,
N483,N483,Ninja,set_12_a_new_chronicle,n483.webp,Set 12 A New Chronicle,0,0,['Fire'],,,,,,,,Common,
N484E,N484E,Ninja,set_12_a_new_chronicle,n484e.webp,Set 12 A New Chronicle,0,0,['Fire'],,,,,,,,Common,
N485E,N485E,Ninja,set_12_a_new_chronicle,n485e.webp,Set 12 A New Chronicle,0,0,['Fire'],,,,,,,,Common,
N486E,N486E,Ninja,set_12_a_new_chronicle,n486e.webp,Set 12 A New Chronicle,0,0,['Fire'],,,,,,,,Common,
N487,N487,Ninja,set_12_a_new_chronicle,n487.webp,Set 12 A New Chronicle,0,0,['Fire'],,,,,,,,Common,
N488,N488,Ninja,set_12_a_new_chronicle,n488.webp,Set 12 A New Chronicle,0,0,['Fire'],,,,,,,,Common,
N489,N489,Ninja,set_12_a_new_chronicle,n489.webp,Set 12 A New Chronicle,0,0,['Fire'],,,,,,,,Common,
N490,N490,Ninja,set_12_a_new_chronicle,n490.webp,Set 12 A New Chronicle,0,0,['Fire'],,,,,,,,Common,
N491,N491,Ninja,set_12_a_new_chronicle,n491.webp,Set 12 A New Chronicle,0,0,['Fire'],,,,,,,,Common,
N492,N492,Ninja,set_12_a_new_chronicle,n492.webp,Set 12 A New Chronicle,0,0,['Fire'],,,,,,,,Common,
N493,N493,Ninja,set_12_a_new_chronicle,n493.webp,Set 12 A New Chronicle,0,0,['Fire'],,,,,,,,Common,
N494,N494,Ninja,set_12_a_new_chronicle,n494.webp,Set 12 A New Chronicle,0,0,['Fire'],,,,,,,,Common,
N495,N495,Ninja,set_12_a_new_chronicle,n495.webp,Set 12 A New Chronicle,0,0,['Fire'],,,,,,,,Common,
N496,N496,Ninja,set_12_a_new_chronicle,n496.webp,Set 12 A New Chronicle,0,0,['Fire'],,,,,,,,Common,
N497,N497,Ninja,set_12_a_new_chronicle,n497.webp,Set 12 A New Chronicle,0,0,['Fire'],,,,,,,,Common,
N498,N498,Ninja,set_12_a_new_chronicle,n498.webp,Set 12 A New Chronicle,0,0,['Fire'],,,,,,,,Common,
N499,N499,Ninja,set_12_a_new_chronicle,n499.webp,Set 12 A New Chronicle,0,0,['Fire'],,,,,,,,Common,
N500,N500,Ninja,set_12_a_new_chronicle,n500.webp,Set 12 A New Chronicle,0,0,['Fire'],,,,,,,,Common,
N501,N501,Ninja,set_12_a_new_chronicle,n501.webp,Set 12 A New Chronicle,0,0,['Fire'],,,,,,,,Common,
N502,N502,Ninja,set_12_a_new_chronicle,n502.webp,Set 12 A New Chronicle,0,0,['Fire'],,,,,,,,Common,
N503E,N503E,Ninja,set_12_a_new_chronicle,n503e.webp,Set 12 A New Chronicle,0,0,['Fire'],,,,,,,,Common,
N504,N504,Ninja,set_12_a_new_chronicle,n504.webp,Set 12 A New Chronicle,0,0,['Fire'],,,,,,,,Common,
N505,N505,Ninja,set_12_a_new_chronicle,n505.webp,Set 12 A New Chronicle,0,0,['Fire'],,,,,,,,Common,
N506,N506,Ninja,set_12_a_new_chronicle,n506.webp,Set 12 A New Chronicle,0,0,['Fire'],,,,,,,,Common,
N507,N507,Ninja,set_12_a_new_chronicle,n507.webp,Set 12 A New Chronicle,0,0,['Fire'],,,,,,,,Common,
N508,N508,Ninja,set_12_a_new_chronicle,n508.webp,Set 12 A New Chronicle,0,0,['Fire'],,,,,,,,Common,
N509,N509,Ninja,set_12_a_new_chronicle,n509.webp,Set 12 A New Chronicle,0,0,['Fire'],,,,,,,,Common,
N510,N510,Ninja,set_12_a_new_chronicle,n510.webp,Set 12 A New Chronicle,0,0,['Fire'],,,,,,,,Common,
N511,N511,Ninja,set_12_a_new_chronicle,n511.webp,Set 12 A New Chronicle,0,0,['Fire'],,,,,,,,Common,
N512,N512,Ninja,set_12_a_new_chronicle,n512.webp,Set 12 A New Chronicle,0,0,['Fire'],,,,,,,,Common,
N513E,N513E,Ninja,set_12_a_new_chronicle,n513e.webp,Set 12 A New Chronicle,0,0,['Fire'],,,,,,,,Common,
N514,N514,Ninja,set_12_a_new_chronicle,n514.webp,Set 12 A New Chronicle,0,0,['Fire'],,,,,,,,Common,
N515,N515,Ninja,set_12_a_new_chronicle,n515.webp,Set 12 A New Chronicle,0,0,['Fire'],,,,,,,,Common,
N516,N516,Ninja,set_12_a_new_chronicle,n516.webp,Set 12 A New Chronicle,0,0,['Fire'],,,,,,,,Common,
N517,N517,Ninja,set_12_a_new_chronicle,n517.webp,Set 12 A New Chronicle,0,0,['Fire'],,,,,,,,Common,
N518,N518,Ninja,set_12_a_new_chronicle,n518.webp,Set 12 A New Chronicle,0,0,['Fire'],,,,,,,,Common,
N519,N519,Ninja,set_12_a_new_chronicle,n519.webp,Set 12 A New Chronicle,0,0,['Fire'],,,,,,,,Common,
N520,N520,Ninja,set_12_a_new_chronicle,n520.webp,Set 12 A New Chronicle,0,0,['Fire'],,,,,,,,Common,
N521,N521,Ninja,set_12_a_new_chronicle,n521.webp,Set 12 A New Chronicle,0,0,['Fire'],,,,,,,,Common,
C047,C047,Client,set_13_fateful_reunion,c047.webp,Set 13 Fateful Reunion,0,0,['Fire'],,,,,,,,Common,
C048,C048,Client,set_13_fateful_reunion,c048.webp,Set 13 Fateful Reunion,0,0,['Fire'],,,,,,,,Common,
J450,J450,Jutsu,set_13_fateful_reunion,j450.webp,Set 13 Fateful Reunion,0,0,['Fire'],,,,,,,,Common,
J451,J451,Jutsu,set_13_fateful_reunion,j451.webp,Set 13 Fateful Reunion,0,0,['Fire'],,,,,,,,Common,
J452,J452,Jutsu,set_13_fateful_reunion,j452.webp,Set 13 Fateful Reunion,0,0,['Fire'],,,,,,,,Common,
J453,J453,Jutsu,set_13_fateful_reunion,j453.webp,Set 13 Fateful Reunion,0,0,['Fire'],,,,,,,,Common,
J454,J454,Jutsu,set_13_fateful_reunion,j454.webp,Set 13 Fateful Reunion,0,0,['Fire'],,,,,,,,Common,
J455,J455,Jutsu,set_13_fateful_reunion,j455.webp,Set 13 Fateful Reunion,0,0,['Fire'],,,,,,,,Common,
J456,J456,Jutsu,set_13_fateful_reunion,j456.webp,Set 13 Fateful Reunion,0,0,['Fire'],,,,,,,,Common,
J457,J457,Jutsu,set_13_fateful_reunion,j457.webp,Set 13 Fateful Reunion,0,0,['Fire'],,,,,,,,Common,
J458,J458,Jutsu,set_13_fateful_reunion,j458.webp,Set 13 Fateful Reunion,0,0,['Fire'],,,,,,,,Common,
J459,J459,Jutsu,set_13_fateful_reunion,j459.webp,Set 13 Fateful Reunion,0,0,['Fire'],,,,,,,,Common,
J460,J460,Jutsu,set_13_fateful_reunion,j460.webp,Set 13 Fateful Reunion,0,0,['Fire'],,,,,,,,Common,
J461,J461,Jutsu,set_13_fateful_reunion,j461.webp,Set 13 Fateful Reunion,0,0,['Fire'],,,,,,,,Common,
J462,J462,Jutsu,set_13_fateful_reunion,j462.webp,Set 13 Fateful Reunion,0,0,['Fire'],,,,,,,,Common,
J463,J463,Jutsu,set_13_fateful_reunion,j463.webp,Set 13 Fateful Reunion,0,0,['Fire'],,,,,,,,Common,
J464,J464,Jutsu,set_13_fateful_reunion,j464.webp,Set 13 Fateful Reunion,0,0,['Fire'],,,,,,,,Common,
J465,J465,Jutsu,set_13_fateful_reunion,j465.webp,Set 13 Fateful Reunion,0,0,['Fire'],,,,,,,,Common,
J466,J466,Jutsu,set_13_fateful_reunion,j466.webp,Set 13 Fateful Reunion,0,0,['Fire'],,,,,,,,Common,
J467,J467,Jutsu,set_13_fateful_reunion,j467.webp,Set 13 Fateful Reunion,0,0,['Fire'],,,,,,,,Common,
J468,J468,Jutsu,set_13_fateful_reunion,j468.webp,Set 13 Fateful Reunion,0,0,['Fire'],,,,,,,,Common,
J469,J469,Jutsu,set_13_fateful_reunion,j469.webp,Set 13 Fateful Reunion,0,0,['Fire'],,,,,,,,Common,
J470,J470,Jutsu,set_13_fateful_reunion,j470.webp,Set 13 Fateful Reunion,0,0,['Fire'],,,,,,,,Common,
J471,J471,Jutsu,set_13_fateful_reunion,j471.webp,Set 13 Fateful Reunion,0,0,['Fire'],,,,,,,,Common,
J472,J472,Jutsu,set_13_fateful_reunion,j472.webp,Set 13 Fateful Reunion,0,0,['Fire'],,,,,,,,Common,
J473,J473,Jutsu,set_13_fateful_reunion,j473.webp,Set 13 Fateful Reunion,0,0,['Fire'],,,,,,,,Common,
J474,J474,Jutsu,set_13_fateful_reunion,j474.webp,Set 13 Fateful Reunion,0,0,['Fire'],,,,,,,,Common,
J475,J475,Jutsu,set_13_fateful_reunion,j475.webp,Set 13 Fateful Reunion,0,0,['Fire'],,,,,,,,Common,
J476,J476,Jutsu,set_13_fateful_reunion,j476.webp,Set 13 Fateful Reunion,0,0,['Fire'],,,,,,,,Common,
J477,J477,Jutsu,set_13_fateful_reunion,j477.webp,Set 13 Fateful Reunion,0,0,['Fire'],,,,,,,,Common,
J478,J478,Jutsu,set_13_fateful_reunion,j478.webp,Set 13 Fateful Reunion,0,0,['Fire'],,,,,,,,Common,
J479,J479,Jutsu,set_13_fateful_reunion,j479.webp,Set 13 Fateful Reunion,0,0,['Fire'],,,,,,,,Common,
J480,J480,Jutsu,set_13_fateful_reunion,j480.webp,Set 13 Fateful Reunion,0,0,['Fire'],,,,,,,,Common,
J481,J481,Jutsu,set_13_fateful_reunion,j481.webp,Set 13 Fateful Reunion,0,0,['Fire'],,,,,,,,Common,
J482,J482,Jutsu,set_13_fateful_reunion,j482.webp,Set 13 Fateful Reunion,0,0,['Fire'],,,,,,,,Common,
J483,J483,Jutsu,set_13_fateful_reunion,j483.webp,Set 13 Fateful Reunion,0,0,['Fire'],,,,,,,,Common,
J484,J484,Jutsu,set_13_fateful_reunion,j484.webp,Set 13 Fateful Reunion,0,0,['Fire'],,,,,,,,Common,
J485,J485,Jutsu,set_13_fateful_reunion,j485.webp,Set 13 Fateful Reunion,0,0,['Fire'],,,,,,,,Common,
J485E,J485E,Jutsu,set_13_fateful_reunion,j485e.webp,Set 13 Fateful Reunion,0,0,['Fire'],,,,,,,,Common,
J486,J486,Jutsu,set_13_fateful_reunion,j486.webp,Set 13 Fateful Reunion,0,0,['Fire'],,,,,,,,Common,
J487,J487,Jutsu,set_13_fateful_reunion,j487.webp,Set 13 Fateful Reunion,0,0,['Fire'],,,,,,,,Common,
J488,J488,Jutsu,set_13_fateful_reunion,j488.webp,Set 13 Fateful Reunion,0,0,['Fire'],,,,,,,,Common,
J489,J489,Jutsu,set_13_fateful_reunion,j489.webp,Set 13 Fateful Reunion,0,0,['Fire'],,,,,,,,Common,
J490,J490,Jutsu,set_13_fateful_reunion,j490.webp,Set 13 Fateful Reunion,0,0,['Fire'],,,,,,,,Common,
J491,J491,Jutsu,set_13_fateful_reunion,j491.webp,Set 13 Fateful Reunion,0,0,['Fire'],,,,,,,,Common,
J492,J492,Jutsu,set_13_fateful_reunion,j492.webp,Set 13 Fateful Reunion,0,0,['Fire'],,,,,,,,Common,
J493,J493,Jutsu,set_13_fateful_reunion,j493.webp,Set 13 Fateful Reunion,0,0,['Fire'],,,,,,,,Common,
J494,J494,Jutsu,set_13_fateful_reunion,j494.webp,Set 13 Fateful Reunion,0,0,['Fire'],,,,,,,,Common,
J495,J495,Jutsu,set_13_fateful_reunion,j495.webp,Set 13 Fateful Reunion,0,0,['Fire'],,,,,,,,Common,
M412,M412,Mission,set_13_fateful_reunion,m412.webp,Set 13 Fateful Reunion,0,0,['Fire'],,,,,,,,Common,
M413,M413,Mission,set_13_fateful_reunion,m413.webp,Set 13 Fateful Reunion,0,0,['Fire'],,,,,,,,Common,
M414,M414,Mission,set_13_fateful_reunion,m414.webp,Set 13 Fateful Reunion,0,0,['Fire'],,,,,,,,Common,
M415,M415,Mission,set_13_fateful_reunion,m415.webp,Set 13 Fateful Reunion,0,0,['Fire'],,,,,,,,Common,
M416,M416,Mission,set_13_fateful_reunion,m416.webp,Set 13 Fateful Reunion,0,0,['Fire'],,,,,,,,Common,
M417,M417,Mission,set_13_fateful_reunion,m417.webp,Set 13 Fateful Reunion,0,0,['Fire'],,,,,,,,Common,
M418,M418,Mission,set_13_fateful_reunion,m418.webp,Set 13 Fateful Reunion,0,0,['Fire'],,,,,,,,Common,
M419,M419,Mission,set_13_fateful_reunion,m419.webp,Set 13 Fateful Reunion,0,0,['Fire'],,,,,,,,Common,
M420,M420,Mission,set_13_fateful_reunion,m420.webp,Set 13 Fateful Reunion,0,0,['Fire'],,,,,,,,Common,
M421,M421,Mission,set_13_fateful_reunion,m421.webp,Set 13 Fateful Reunion,0,0,['Fire'],,,,,,,,Common,
M422,M422,Mission,set_13_fateful_reunion,m422.webp,Set 13 Fateful Reunion,0,0,['Fire'],,,,,,,,Common,
M423,M423,Mission,set_13_fateful_reunion,m423.webp,Set 13 Fateful Reunion,0,0,['Fire'],,,,,,,,Common,
M424,M424,Mission,set_13_fateful_reunion,m424.webp,Set 13 Fateful Reunion,0,0,['Fire'],,,,,,,,Common,
M425,M425,Mission,set_13_fateful_reunion,m425.webp,Set 13 Fateful Reunion,0,0,['Fire'],,,,,,,,Common,
M426,M426,Mission,set_13_fateful_reunion,m426.webp,Set 13 Fateful Reunion,0,0,['Fire'],,,,,,,,Common,
M427,M427,Mission,set_13_fateful_reunion,m427.webp,Set 13 Fateful Reunion,0,0,['Fire'],,,,,,,,Common,
M428,M428,Mission,set_13_fateful_reunion,m428.webp,Set 13 Fateful Reunion,0,0,['Fire'],,,,,,,,Common,
M429,M429,Mission,set_13_fateful_reunion,m429.webp,Set 13 Fateful Reunion,0,0,['Fire'],,,,,,,,Common,
M430,M430,Mission,set_13_fateful_reunion,m430.webp,Set 13 Fateful Reunion,0,0,['Fire'],,,,,,,,Common,
M431,M431,Mission,set_13_fateful_reunion,m431.webp,Set 13 Fateful Reunion,0,0,['Fire'],,,,,,,,Common,
M432,M432,Mission,set_13_fateful_reunion,m432.webp,Set 13 Fateful Reunion,0,0,['Fire'],,,,,,,,Common,
M433,M433,Mission,set_13_fateful_reunion,m433.webp,Set 13 Fateful Reunion,0,0,['Fire'],,,,,,,,Common,
M434,M434,Mission,set_13_fateful_reunion,m434.webp,Set 13 Fateful Reunion,0,0,['Fire'],,,,,,,,Common,
M435,M435,Mission,set_13_fateful_reunion,m435.webp,Set 13 Fateful Reunion,0,0,['Fire'],,,,,,,,Common,
M436,M436,Mission,set_13_fateful_reunion,m436.webp,Set 13 Fateful Reunion,0,0,['Fire'],,,,,,,,Common,
M437,M437,Mission,set_13_fateful_reunion,m437.webp,Set 13 Fateful Reunion,0,0,['Fire'],,,,,,,,Common,
M438,M438,Mission,set_13_fateful_reunion,m438.webp,Set 13 Fateful Reunion,0,0,['Fire'],,,,,,,,Common,
M439,M439,Mission,set_13_fateful_reunion,m439.webp,Set 13 Fateful Reunion,0,0,['Fire'],,,,,,,,Common,
M440,M440,Mission,set_13_fateful_reunion,m440.webp,Set 13 Fateful Reunion,0,0,['Fire'],,,,,,,,Common,
M441,M441,Mission,set_13_fateful_reunion,m441.webp,Set 13 Fateful Reunion,0,0,['Fire'],,,,,,,,Common,
M442,M442,Mission,set_13_fateful_reunion,m442.webp,Set 13 Fateful Reunion,0,0,['Fire'],,,,,,,,Common,
M443,M443,Mission,set_13_fateful_reunion,m443.webp,Set 13 Fateful Reunion,0,0,['Fire'],,,,,,,,Common,
M444,M444,Mission,set_13_fateful_reunion,m444.webp,Set 13 Fateful Reunion,0,0,['Fire'],,,,,,,,Common,
M445,M445,Mission,set_13_fateful_reunion,m445.webp,Set 13 Fateful Reunion,0,0,['Fire'],,,,,,,,Common,
M446,M446,Mission,set_13_fateful_reunion,m446.webp,Set 13 Fateful Reunion,0,0,['Fire'],,,,,,,,Common,
M447,M447,Mission,set_13_fateful_reunion,m447.webp,Set 13 Fateful Reunion,0,0,['Fire'],,,,,,,,Common,
M448,M448,Mission,set_13_fateful_reunion,m448.webp,Set 13 Fateful Reunion,0,0,['Fire'],,,,,,,,Common,
M449,M449,Mission,set_13_fateful_reunion,m449.webp,Set 13 Fateful Reunion,0,0,['Fire'],,,,,,,,Common,
M450,M450,Mission,set_13_fateful_reunion,m450.webp,Set 13 Fateful Reunion,0,0,['Fire'],,,,,,,,Common,
M451,M451,Mission,set_13_fateful_reunion,m451.webp,Set 13 Fateful Reunion,0,0,['Fire'],,,,,,,,Common,
M452E,M452E,Mission,set_13_fateful_reunion,m452e.webp,Set 13 Fateful Reunion,0,0,['Fire'],,,,,,,,Common,
M453,M453,Mission,set_13_fateful_reunion,m453.webp,Set 13 Fateful Reunion,0,0,['Fire'],,,,,,,,Common,
M454,M454,Mission,set_13_fateful_reunion,m454.webp,Set 13 Fateful Reunion,0,0,['Fire'],,,,,,,,Common,
N522,N522,Ninja,set_13_fateful_reunion,n522.webp,Set 13 Fateful Reunion,0,0,['Fire'],,,,,,,,Common,
N523,N523,Ninja,set_13_fateful_reunion,n523.webp,Set 13 Fateful Reunion,0,0,['Fire'],,,,,,,,Common,
N524,N524,Ninja,set_13_fateful_reunion,n524.webp,Set 13 Fateful Reunion,0,0,['Fire'],,,,,,,,Common,
N525,N525,Ninja,set_13_fateful_reunion,n525.webp,Set 13 Fateful Reunion,0,0,['Fire'],,,,,,,,Common,
N526,N526,Ninja,set_13_fateful_reunion,n526.webp,Set 13 Fateful Reunion,0,0,['Fire'],,,,,,,,Common,
N527,N527,Ninja,set_13_fateful_reunion,n527.webp,Set 13 Fateful Reunion,0,0,['Fire'],,,,,,,,Common,
N528,N528,Ninja,set_13_fateful_reunion,n528.webp,Set 13 Fateful Reunion,0,0,['Fire'],,,,,,,,Common,
N529,N529,Ninja,set_13_fateful_reunion,n529.webp,Set 13 Fateful Reunion,0,0,['Fire'],,,,,,,,Common,
N530,N530,Ninja,set_13_fateful_reunion,n530.webp,Set 13 Fateful Reunion,0,0,['Fire'],,,,,,,,Common,
N531,N531,Ninja,set_13_fateful_reunion,n531.webp,Set 13 Fateful Reunion,0,0,['Fire'],,,,,,,,Common,
N532,N532,Ninja,set_13_fateful_reunion,n532.webp,Set 13 Fateful Reunion,0,0,['Fire'],,,,,,,,Common,
N533,N533,Ninja,set_13_fateful_reunion,n533.webp,Set 13 Fateful Reunion,0,0,['Fire'],,,,,,,,Common,
N534,N534,Ninja,set_13_fateful_reunion,n534.webp,Set 13 Fateful Reunion,0,0,['Fire'],,,,,,,,Common,
N535,N535,Ninja,set_13_fateful_reunion,n535.webp,Set 13 Fateful Reunion,0,0,['Fire'],,,,,,,,Common,
N536,N536,Ninja,set_13_fateful_reunion,n536.webp,Set 13 Fateful Reunion,0,0,['Fire'],,,,,,,,Common,
N537,N537,Ninja,set_13_fateful_reunion,n537.webp,Set 13 Fateful Reunion,0,0,['Fire'],,,,,,,,Common,
N538,N538,Ninja,set_13_fateful_reunion,n538.webp,Set 13 Fateful Reunion,0,0,['Fire'],,,,,,,,Common,
N539,N539,Ninja,set_13_fateful_reunion,n539.webp,Set 13 Fateful Reunion,0,0,['Fire'],,,,,,,,Common,
N540E,N540E,Ninja,set_13_fateful_reunion,n540e.webp,Set 13 Fateful Reunion,0,0,['Fire'],,,,,,,,Common,
N541E,N541E,Ninja,set_13_fateful_reunion,n541e.webp,Set 13 Fateful Reunion,0,0,['Fire'],,,,,,,,Common,
N542,N542,Ninja,set_13_fateful_reunion,n542.webp,Set 13 Fateful Reunion,0,0,['Fire'],,,,,,,,Common,
N543,N543,Ninja,set_13_fateful_reunion,n543.webp,Set 13 Fateful Reunion,0,0,['Fire'],,,,,,,,Common,
N544,N544,Ninja,set_13_fateful_reunion,n544.webp,Set 13 Fateful Reunion,0,0,['Fire'],,,,,,,,Common,
N545,N545,Ninja,set_13_fateful_reunion,n545.webp,Set 13 Fateful Reunion,0,0,['Fire'],,,,,,,,Common,
N546,N546,Ninja,set_13_fateful_reunion,n546.webp,Set 13 Fateful Reunion,0,0,['Fire'],,,,,,,,Common,
N547,N547,Ninja,set_13_fateful_reunion,n547.webp,Set 13 Fateful Reunion,0,0,['Fire'],,,,,,,,Common,
N548E,N548E,Ninja,set_13_fateful_reunion,n548e.webp,Set 13 Fateful Reunion,0,0,['Fire'],,,,,,,,Common,
N549,N549,Ninja,set_13_fateful_reunion,n549.webp,Set 13 Fateful Reunion,0,0,['Fire'],,,,,,,,Common,
N550,N550,Ninja,set_13_fateful_reunion,n550.webp,Set 13 Fateful Reunion,0,0,['Fire'],,,,,,,,Common,
N551,N551,Ninja,set_13_fateful_reunion,n551.webp,Set 13 Fateful Reunion,0,0,['Fire'],,,,,,,,Common,
N552,N552,Ninja,set_13_fateful_reunion,n552.webp,Set 13 Fateful Reunion,0,0,['Fire'],,,,,,,,Common,
N553,N553,Ninja,set_13_fateful_reunion,n553.webp,Set 13 Fateful Reunion,0,0,['Fire'],,,,,,,,Common,
N554,N554,Ninja,set_13_fateful_reunion,n554.webp,Set 13 Fateful Reunion,0,0,['Fire'],,,,,,,,Common,
N555,N555,Ninja,set_13_fateful_reunion,n555.webp,Set 13 Fateful Reunion,0,0,['Fire'],,,,,,,,Common,
N556,N556,Ninja,set_13_fateful_reunion,n556.webp,Set 13 Fateful Reunion,0,0,['Fire'],,,,,,,,Common,
N557,N557,Ninja,set_13_fateful_reunion,n557.webp,Set 13 Fateful Reunion,0,0,['Fire'],,,,,,,,Common,
N558,N558,Ninja,set_13_fateful_reunion,n558.webp,Set 13 Fateful Reunion,0,0,['Fire'],,,,,,,,Common,
N559,N559,Ninja,set_13_fateful_reunion,n559.webp,Set 13 Fateful Reunion,0,0,['Fire'],,,,,,,,Common,
N560,N560,Ninja,set_13_fateful_reunion,n560.webp,Set 13 Fateful Reunion,0,0,['Fire'],,,,,,,,Common,
N561,N561,Ninja,set_13_fateful_reunion,n561.webp,Set 13 Fateful Reunion,0,0,['Fire'],,,,,,,,Common,
N562,N562,Ninja,set_13_fateful_reunion,n562.webp,Set 13 Fateful Reunion,0,0,['Fire'],,,,,,,,Common,
N563,N563,Ninja,set_13_fateful_reunion,n563.webp,Set 13 Fateful Reunion,0,0,['Fire'],,,,,,,,Common,
N564,N564,Ninja,set_13_fateful_reunion,n564.webp,Set 13 Fateful Reunion,0,0,['Fire'],,,,,,,,Common,
N565,N565,Ninja,set_13_fateful_reunion,n565.webp,Set 13 Fateful Reunion,0,0,['Fire'],,,,,,,,Common,
N566,N566,Ninja,set_13_fateful_reunion,n566.webp,Set 13 Fateful Reunion,0,0,['Fire'],,,,,,,,Common,
N567,N567,Ninja,set_13_fateful_reunion,n567.webp,Set 13 Fateful Reunion,0,0,['Fire'],,,,,,,,Common,
N568,N568,Ninja,set_13_fateful_reunion,n568.webp,Set 13 Fateful Reunion,0,0,['Fire'],,,,,,,,Common,
N569,N569,Ninja,set_13_fateful_reunion,n569.webp,Set 13 Fateful Reunion,0,0,['Fire'],,,,,,,,Common,
N570,N570,Ninja,set_13_fateful_reunion,n570.webp,Set 13 Fateful Reunion,0,0,['Fire'],,,,,,,,Common,
N571,N571,Ninja,set_13_fateful_reunion,n571.webp,Set 13 Fateful Reunion,0,0,['Fire'],,,,,,,,Common,
N572,N572,Ninja,set_13_fateful_reunion,n572.webp,Set 13 Fateful Reunion,0,0,['Fire'],,,,,,,,Common,
N573,N573,Ninja,set_13_fateful_reunion,n573.webp,Set 13 Fateful Reunion,0,0,['Fire'],,,,,,,,Common,
N574,N574,Ninja,set_13_fateful_reunion,n574.webp,Set 13 Fateful Reunion,0,0,['Fire'],,,,,,,,Common,
N575E,N575E,Ninja,set_13_fateful_reunion,n575e.webp,Set 13 Fateful Reunion,0,0,['Fire'],,,,,,,,Common,
N576,N576,Ninja,set_13_fateful_reunion,n576.webp,Set 13 Fateful Reunion,0,0,['Fire'],,,,,,,,Common,
N577,N577,Ninja,set_13_fateful_reunion,n577.webp,Set 13 Fateful Reunion,0,0,['Fire'],,,,,,,,Common,
N578,N578,Ninja,set_13_fateful_reunion,n578.webp,Set 13 Fateful Reunion,0,0,['Fire'],,,,,,,,Common,
N579,N579,Ninja,set_13_fateful_reunion,n579.webp,Set 13 Fateful Reunion,0,0,['Fire'],,,,,,,,Common,
N580,N580,Ninja,set_13_fateful_reunion,n580.webp,Set 13 Fateful Reunion,0,0,['Fire'],,,,,,,,Common,
N581,N581,Ninja,set_13_fateful_reunion,n581.webp,Set 13 Fateful Reunion,0,0,['Fire'],,,,,,,,Common,
N582,N582,Ninja,set_13_fateful_reunion,n582.webp,Set 13 Fateful Reunion,0,0,['Fire'],,,,,,,,Common,
N583,N583,Ninja,set_13_fateful_reunion,n583.webp,Set 13 Fateful Reunion,0,0,['Fire'],,,,,,,,Common,
N584,N584,Ninja,set_13_fateful_reunion,n584.webp,Set 13 Fateful Reunion,0,0,['Fire'],,,,,,,,Common,
N585,N585,Ninja,set_13_fateful_reunion,n585.webp,Set 13 Fateful Reunion,0,0,['Fire'],,,,,,,,Common,
N586,N586,Ninja,set_13_fateful_reunion,n586.webp,Set 13 Fateful Reunion,0,0,['Fire'],,,,,,,,Common,
N587,N587,Ninja,set_13_fateful_reunion,n587.webp,Set 13 Fateful Reunion,0,0,['Fire'],,,,,,,,Common,
N588,N588,Ninja,set_13_fateful_reunion,n588.webp,Set 13 Fateful Reunion,0,0,['Fire'],,,,,,,,Common,
N589,N589,Ninja,set_13_fateful_reunion,n589.webp,Set 13 Fateful Reunion,0,0,['Fire'],,,,,,,,Common,
J496,J496,Jutsu,set_14_emerging_alliance,j496.webp,Set 14 Emerging Alliance,0,0,['Fire'],,,,,,,,Common,
J497,J497,Jutsu,set_14_emerging_alliance,j497.webp,Set 14 Emerging Alliance,0,0,['Fire'],,,,,,,,Common,
J498,J498,Jutsu,set_14_emerging_alliance,j498.webp,Set 14 Emerging Alliance,0,0,['Fire'],,,,,,,,Common,
J499,J499,Jutsu,set_14_emerging_alliance,j499.webp,Set 14 Emerging Alliance,0,0,['Fire'],,,,,,,,Common,
J500,J500,Jutsu,set_14_emerging_alliance,j500.webp,Set 14 Emerging Alliance,0,0,['Fire'],,,,,,,,Common,
J501,J501,Jutsu,set_14_emerging_alliance,j501.webp,Set 14 Emerging Alliance,0,0,['Fire'],,,,,,,,Common,
J502,J502,Jutsu,set_14_emerging_alliance,j502.webp,Set 14 Emerging Alliance,0,0,['Fire'],,,,,,,,Common,
J503,J503,Jutsu,set_14_emerging_alliance,j503.webp,Set 14 Emerging Alliance,0,0,['Fire'],,,,,,,,Common,
J504,J504,Jutsu,set_14_emerging_alliance,j504.webp,Set 14 Emerging Alliance,0,0,['Fire'],,,,,,,,Common,
J505,J505,Jutsu,set_14_emerging_alliance,j505.webp,Set 14 Emerging Alliance,0,0,['Fire'],,,,,,,,Common,
J506,J506,Jutsu,set_14_emerging_alliance,j506.webp,Set 14 Emerging Alliance,0,0,['Fire'],,,,,,,,Common,
J507,J507,Jutsu,set_14_emerging_alliance,j507.webp,Set 14 Emerging Alliance,0,0,['Fire'],,,,,,,,Common,
J508,J508,Jutsu,set_14_emerging_alliance,j508.webp,Set 14 Emerging Alliance,0,0,['Fire'],,,,,,,,Common,
J509,J509,Jutsu,set_14_emerging_alliance,j509.webp,Set 14 Emerging Alliance,0,0,['Fire'],,,,,,,,Common,
J510,J510,Jutsu,set_14_emerging_alliance,j510.webp,Set 14 Emerging Alliance,0,0,['Fire'],,,,,,,,Common,
J511,J511,Jutsu,set_14_emerging_alliance,j511.webp,Set 14 Emerging Alliance,0,0,['Fire'],,,,,,,,Common,
J512,J512,Jutsu,set_14_emerging_alliance,j512.webp,Set 14 Emerging Alliance,0,0,['Fire'],,,,,,,,Common,
J513E,J513E,Jutsu,set_14_emerging_alliance,j513e.webp,Set 14 Emerging Alliance,0,0,['Fire'],,,,,,,,Common,
J514,J514,Jutsu,set_14_emerging_alliance,j514.webp,Set 14 Emerging Alliance,0,0,['Fire'],,,,,,,,Common,
J515,J515,Jutsu,set_14_emerging_alliance,j515.webp,Set 14 Emerging Alliance,0,0,['Fire'],,,,,,,,Common,
J516,J516,Jutsu,set_14_emerging_alliance,j516.webp,Set 14 Emerging Alliance,0,0,['Fire'],,,,,,,,Common,
J517,J517,Jutsu,set_14_emerging_alliance,j517.webp,Set 14 Emerging Alliance,0,0,['Fire'],,,,,,,,Common,
J518,J518,Jutsu,set_14_emerging_alliance,j518.webp,Set 14 Emerging Alliance,0,0,['Fire'],,,,,,,,Common,
J519,J519,Jutsu,set_14_emerging_alliance,j519.webp,Set 14 Emerging Alliance,0,0,['Fire'],,,,,,,,Common,
J520,J520,Jutsu,set_14_emerging_alliance,j520.webp,Set 14 Emerging Alliance,0,0,['Fire'],,,,,,,,Common,
J521E,J521E,Jutsu,set_14_emerging_alliance,j521e.webp,Set 14 Emerging Alliance,0,0,['Fire'],,,,,,,,Common,
J522,J522,Jutsu,set_14_emerging_alliance,j522.webp,Set 14 Emerging Alliance,0,0,['Fire'],,,,,,,,Common,
J523,J523,Jutsu,set_14_emerging_alliance,j523.webp,Set 14 Emerging Alliance,0,0,['Fire'],,,,,,,,Common,
J524,J524,Jutsu,set_14_emerging_alliance,j524.webp,Set 14 Emerging Alliance,0,0,['Fire'],,,,,,,,Common,
J525,J525,Jutsu,set_14_emerging_alliance,j525.webp,Set 14 Emerging Alliance,0,0,['Fire'],,,,,,,,Common,
J526,J526,Jutsu,set_14_emerging_alliance,j526.webp,Set 14 Emerging Alliance,0,0,['Fire'],,,,,,,,Common,
J527,J527,Jutsu,set_14_emerging_alliance,j527.webp,Set 14 Emerging Alliance,0,0,['Fire'],,,,,,,,Common,
J528,J528,Jutsu,set_14_emerging_alliance,j528.webp,Set 14 Emerging Alliance,0,0,['Fire'],,,,,,,,Common,
J529,J529,Jutsu,set_14_emerging_alliance,j529.webp,Set 14 Emerging Alliance,0,0,['Fire'],,,,,,,,Common,
J530,J530,Jutsu,set_14_emerging_alliance,j530.webp,Set 14 Emerging Alliance,0,0,['Fire'],,,,,,,,Common,
J531,J531,Jutsu,set_14_emerging_alliance,j531.webp,Set 14 Emerging Alliance,0,0,['Fire'],,,,,,,,Common,
J532,J532,Jutsu,set_14_emerging_alliance,j532.webp,Set 14 Emerging Alliance,0,0,['Fire'],,,,,,,,Common,
J533,J533,Jutsu,set_14_emerging_alliance,j533.webp,Set 14 Emerging Alliance,0,0,['Fire'],,,,,,,,Common,
J534,J534,Jutsu,set_14_emerging_alliance,j534.webp,Set 14 Emerging Alliance,0,0,['Fire'],,,,,,,,Common,
J535,J535,Jutsu,set_14_emerging_alliance,j535.webp,Set 14 Emerging Alliance,0,0,['Fire'],,,,,,,,Common,
J536,J536,Jutsu,set_14_emerging_alliance,j536.webp,Set 14 Emerging Alliance,0,0,['Fire'],,,,,,,,Common,
J537,J537,Jutsu,set_14_emerging_alliance,j537.webp,Set 14 Emerging Alliance,0,0,['Fire'],,,,,,,,Common,
J538,J538,Jutsu,set_14_emerging_alliance,j538.webp,Set 14 Emerging Alliance,0,0,['Fire'],,,,,,,,Common,
J539,J539,Jutsu,set_14_emerging_alliance,j539.webp,Set 14 Emerging Alliance,0,0,['Fire'],,,,,,,,Common,
J540,J540,Jutsu,set_14_emerging_alliance,j540.webp,Set 14 Emerging Alliance,0,0,['Fire'],,,,,,,,Common,
M455,M455,Mission,set_14_emerging_alliance,m455.webp,Set 14 Emerging Alliance,0,0,['Fire'],,,,,,,,Common,
M456,M456,Mission,set_14_emerging_alliance,m456.webp,Set 14 Emerging Alliance,0,0,['Fire'],,,,,,,,Common,
M457,M457,Mission,set_14_emerging_alliance,m457.webp,Set 14 Emerging Alliance,0,0,['Fire'],,,,,,,,Common,
M458,M458,Mission,set_14_emerging_alliance,m458.webp,Set 14 Emerging Alliance,0,0,['Fire'],,,,,,,,Common,
M459,M459,Mission,set_14_emerging_alliance,m459.webp,Set 14 Emerging Alliance,0,0,['Fire'],,,,,,,,Common,
M460,M460,Mission,set_14_emerging_alliance,m460.webp,Set 14 Emerging Alliance,0,0,['Fire'],,,,,,,,Common,
M461,M461,Mission,set_14_emerging_alliance,m461.webp,Set 14 Emerging Alliance,0,0,['Fire'],,,,,,,,Common,
M462,M462,Mission,set_14_emerging_alliance,m462.webp,Set 14 Emerging Alliance,0,0,['Fire'],,,,,,,,Common,
M463,M463,Mission,set_14_emerging_alliance,m463.webp,Set 14 Emerging Alliance,0,0,['Fire'],,,,,,,,Common,
M464,M464,Mission,set_14_emerging_alliance,m464.webp,Set 14 Emerging Alliance,0,0,['Fire'],,,,,,,,Common,
M465,M465,Mission,set_14_emerging_alliance,m465.webp,Set 14 Emerging Alliance,0,0,['Fire'],,,,,,,,Common,
M466,M466,Mission,set_14_emerging_alliance,m466.webp,Set 14 Emerging Alliance,0,0,['Fire'],,,,,,,,Common,
M467,M467,Mission,set_14_emerging_alliance,m467.webp,Set 14 Emerging Alliance,0,0,['Fire'],,,,,,,,Common,
M468,M468,Mission,set_14_emerging_alliance,m468.webp,Set 14 Emerging Alliance,0,0,['Fire'],,,,,,,,Common,
M469,M469,Mission,set_14_emerging_alliance,m469.webp,Set 14 Emerging Alliance,0,0,['Fire'],,,,,,,,Common,
M470,M470,Mission,set_14_emerging_alliance,m470.webp,Set 14 Emerging Alliance,0,0,['Fire'],,,,,,,,Common,
M471,M471,Mission,set_14_emerging_alliance,m471.webp,Set 14 Emerging Alliance,0,0,['Fire'],,,,,,,,Common,
M472,M472,Mission,set_14_emerging_alliance,m472.webp,Set 14 Emerging Alliance,0,0,['Fire'],,,,,,,,Common,
M473,M473,Mission,set_14_emerging_alliance,m473.webp,Set 14 Emerging Alliance,0,0,['Fire'],,,,,,,,Common,
M474,M474,Mission,set_14_emerging_alliance,m474.webp,Set 14 Emerging Alliance,0,0,['Fire'],,,,,,,,Common,
M475,M475,Mission,set_14_emerging_alliance,m475.webp,Set 14 Emerging Alliance,0,0,['Fire'],,,,,,,,Common,
M476,M476,Mission,set_14_emerging_alliance,m476.webp,Set 14 Emerging Alliance,0,0,['Fire'],,,,,,,,Common,
M477,M477,Mission,set_14_emerging_alliance,m477.webp,Set 14 Emerging Alliance,0,0,['Fire'],,,,,,,,Common,
M478,M478,Mission,set_14_emerging_alliance,m478.webp,Set 14 Emerging Alliance,0,0,['Fire'],,,,,,,,Common,
M479,M479,Mission,set_14_emerging_alliance,m479.webp,Set 14 Emerging Alliance,0,0,['Fire'],,,,,,,,Common,
M480,M480,Mission,set_14_emerging_alliance,m480.webp,Set 14 Emerging Alliance,0,0,['Fire'],,,,,,,,Common,
M481,M481,Mission,set_14_emerging_alliance,m481.webp,Set 14 Emerging Alliance,0,0,['Fire'],,,,,,,,Common,
M482,M482,Mission,set_14_emerging_alliance,m482.webp,Set 14 Emerging Alliance,0,0,['Fire'],,,,,,,,Common,
M483,M483,Mission,set_14_emerging_alliance,m483.webp,Set 14 Emerging Alliance,0,0,['Fire'],,,,,,,,Common,
M484,M484,Mission,set_14_emerging_alliance,m484.webp,Set 14 Emerging Alliance,0,0,['Fire'],,,,,,,,Common,
M485,M485,Mission,set_14_emerging_alliance,m485.webp,Set 14 Emerging Alliance,0,0,['Fire'],,,,,,,,Common,
M486E,M486E,Mission,set_14_emerging_alliance,m486e.webp,Set 14 Emerging Alliance,0,0,['Fire'],,,,,,,,Common,
M487,M487,Mission,set_14_emerging_alliance,m487.webp,Set 14 Emerging Alliance,0,0,['Fire'],,,,,,,,Common,
M488,M488,Mission,set_14_emerging_alliance,m488.webp,Set 14 Emerging Alliance,0,0,['Fire'],,,,,,,,Common,
M489,M489,Mission,set_14_emerging_alliance,m489.webp,Set 14 Emerging Alliance,0,0,['Fire'],,,,,,,,Common,
M490,M490,Mission,set_14_emerging_alliance,m490.webp,Set 14 Emerging Alliance,0,0,['Fire'],,,,,,,,Common,
M491,M491,Mission,set_14_emerging_alliance,m491.webp,Set 14 Emerging Alliance,0,0,['Fire'],,,,,,,,Common,
M492,M492,Mission,set_14_emerging_alliance,m492.webp,Set 14 Emerging Alliance,0,0,['Fire'],,,,,,,,Common,
M493,M493,Mission,set_14_emerging_alliance,m493.webp,Set 14 Emerging Alliance,0,0,['Fire'],,,,,,,,Common,
M494,M494,Mission,set_14_emerging_alliance,m494.webp,Set 14 Emerging Alliance,0,0,['Fire'],,,,,,,,Common,
M495,M495,Mission,set_14_emerging_alliance,m495.webp,Set 14 Emerging Alliance,0,0,['Fire'],,,,,,,,Common,
M496,M496,Mission,set_14_emerging_alliance,m496.webp,Set 14 Emerging Alliance,0,0,['Fire'],,,,,,,,Common,
M497,M497,Mission,set_14_emerging_alliance,m497.webp,Set 14 Emerging Alliance,0,0,['Fire'],,,,,,,,Common,
M498,M498,Mission,set_14_emerging_alliance,m498.webp,Set 14 Emerging Alliance,0,0,['Fire'],,,,,,,,Common,
M499,M499,Mission,set_14_emerging_alliance,m499.webp,Set 14 Emerging Alliance,0,0,['Fire'],,,,,,,,Common,
N590,N590,Ninja,set_14_emerging_alliance,n590.webp,Set 14 Emerging Alliance,0,0,['Fire'],,,,,,,,Common,
N591,N591,Ninja,set_14_emerging_alliance,n591.webp,Set 14 Emerging Alliance,0,0,['Fire'],,,,,,,,Common,
N592,N592,Ninja,set_14_emerging_alliance,n592.webp,Set 14 Emerging Alliance,0,0,['Fire'],,,,,,,,Common,
N593,N593,Ninja,set_14_emerging_alliance,n593.webp,Set 14 Emerging Alliance,0,0,['Fire'],,,,,,,,Common,
N594,N594,Ninja,set_14_emerging_alliance,n594.webp,Set 14 Emerging Alliance,0,0,['Fire'],,,,,,,,Common,
N595,N595,Ninja,set_14_emerging_alliance,n595.webp,Set 14 Emerging Alliance,0,0,['Fire'],,,,,,,,Common,
N596,N596,Ninja,set_14_emerging_alliance,n596.webp,Set 14 Emerging Alliance,0,0,['Fire'],,,,,,,,Common,
N597,N597,Ninja,set_14_emerging_alliance,n597.webp,Set 14 Emerging Alliance,0,0,['Fire'],,,,,,,,Common,
N598,N598,Ninja,set_14_emerging_alliance,n598.webp,Set 14 Emerging Alliance,0,0,['Fire'],,,,,,,,Common,
N599,N599,Ninja,set_14_emerging_alliance,n599.webp,Set 14 Emerging Alliance,0,0,['Fire'],,,,,,,,Common,
N600,N600,Ninja,set_14_emerging_alliance,n600.webp,Set 14 Emerging Alliance,0,0,['Fire'],,,,,,,,Common,
N601,N601,Ninja,set_14_emerging_alliance,n601.webp,Set 14 Emerging Alliance,0,0,['Fire'],,,,,,,,Common,
N602,N602,Ninja,set_14_emerging_alliance,n602.webp,Set 14 Emerging Alliance,0,0,['Fire'],,,,,,,,Common,
N603,N603,Ninja,set_14_emerging_alliance,n603.webp,Set 14 Emerging Alliance,0,0,['Fire'],,,,,,,,Common,
N604,N604,Ninja,set_14_emerging_alliance,n604.webp,Set 14 Emerging Alliance,0,0,['Fire'],,,,,,,,Common,
N605,N605,Ninja,set_14_emerging_alliance,n605.webp,Set 14 Emerging Alliance,0,0,['Fire'],,,,,,,,Common,
N606,N606,Ninja,set_14_emerging_alliance,n606.webp,Set 14 Emerging Alliance,0,0,['Fire'],,,,,,,,Common,
N607,N607,Ninja,set_14_emerging_alliance,n607.webp,Set 14 Emerging Alliance,0,0,['Fire'],,,,,,,,Common,
N608,N608,Ninja,set_14_emerging_alliance,n608.webp,Set 14 Emerging Alliance,0,0,['Fire'],,,,,,,,Common,
N609,N609,Ninja,set_14_emerging_alliance,n609.webp,Set 14 Emerging Alliance,0,0,['Fire'],,,,,,,,Common,
N610,N610,Ninja,set_14_emerging_alliance,n610.webp,Set 14 Emerging Alliance,0,0,['Fire'],,,,,,,,Common,
N611,N611,Ninja,set_14_emerging_alliance,n611.webp,Set 14 Emerging Alliance,0,0,['Fire'],,,,,,,,Common,
N612,N612,Ninja,set_14_emerging_alliance,n612.webp,Set 14 Emerging Alliance,0,0,['Fire'],,,,,,,,Common,
N613,N613,Ninja,set_14_emerging_alliance,n613.webp,Set 14 Emerging Alliance,0,0,['Fire'],,,,,,,,Common,
N614,N614,Ninja,set_14_emerging_alliance,n614.webp,Set 14 Emerging Alliance,0,0,['Fire'],,,,,,,,Common,
N615,N615,Ninja,set_14_emerging_alliance,n615.webp,Set 14 Emerging Alliance,0,0,['Fire'],,,,,,,,Common,
N616,N616,Ninja,set_14_emerging_alliance,n616.webp,Set 14 Emerging Alliance,0,0,['Fire'],,,,,,,,Common,
N617,N617,Ninja,set_14_emerging_alliance,n617.webp,Set 14 Emerging Alliance,0,0,['Fire'],,,,,,,,Common,
N618,N618,Ninja,set_14_emerging_alliance,n618.webp,Set 14 Emerging Alliance,0,0,['Fire'],,,,,,,,Common,
N619E,N619E,Ninja,set_14_emerging_alliance,n619e.webp,Set 14 Emerging Alliance,0,0,['Fire'],,,,,,,,Common,
N620,N620,Ninja,set_14_emerging_alliance,n620.webp,Set 14 Emerging Alliance,0,0,['Fire'],,,,,,,,Common,
N621,N621,Ninja,set_14_emerging_alliance,n621.webp,Set 14 Emerging Alliance,0,0,['Fire'],,,,,,,,Common,
N622E,N622E,Ninja,set_14_emerging_alliance,n622e.webp,Set 14 Emerging Alliance,0,0,['Fire'],,,,,,,,Common,
N623,N623,Ninja,set_14_emerging_alliance,n623.webp,Set 14 Emerging Alliance,0,0,['Fire'],,,,,,,,Common,
N624,N624,Ninja,set_14_emerging_alliance,n624.webp,Set 14 Emerging Alliance,0,0,['Fire'],,,,,,,,Common,
N625,N625,Ninja,set_14_emerging_alliance,n625.webp,Set 14 Emerging Alliance,0,0,['Fire'],,,,,,,,Common,
N626,N626,Ninja,set_14_emerging_alliance,n626.webp,Set 14 Emerging Alliance,0,0,['Fire'],,,,,,,,Common,
N627,N627,Ninja,set_14_emerging_alliance,n627.webp,Set 14 Emerging Alliance,0,0,['Fire'],,,,,,,,Common,
N628,N628,Ninja,set_14_emerging_alliance,n628.webp,Set 14 Emerging Alliance,0,0,['Fire'],,,,,,,,Common,
N629,N629,Ninja,set_14_emerging_alliance,n629.webp,Set 14 Emerging Alliance,0,0,['Fire'],,,,,,,,Common,
N630,N630,Ninja,set_14_emerging_alliance,n630.webp,Set 14 Emerging Alliance,0,0,['Fire'],,,,,,,,Common,
N631,N631,Ninja,set_14_emerging_alliance,n631.webp,Set 14 Emerging Alliance,0,0,['Fire'],,,,,,,,Common,
N632,N632,Ninja,set_14_emerging_alliance,n632.webp,Set 14 Emerging Alliance,0,0,['Fire'],,,,,,,,Common,
N633,N633,Ninja,set_14_emerging_alliance,n633.webp,Set 14 Emerging Alliance,0,0,['Fire'],,,,,,,,Common,
N634,N634,Ninja,set_14_emerging_alliance,n634.webp,Set 14 Emerging Alliance,0,0,['Fire'],,,,,,,,Common,
N635,N635,Ninja,set_14_emerging_alliance,n635.webp,Set 14 Emerging Alliance,0,0,['Fire'],,,,,,,,Common,
N636,N636,Ninja,set_14_emerging_alliance,n636.webp,Set 14 Emerging Alliance,0,0,['Fire'],,,,,,,,Common,
N637,N637,Ninja,set_14_emerging_alliance,n637.webp,Set 14 Emerging Alliance,0,0,['Fire'],,,,,,,,Common,
N638,N638,Ninja,set_14_emerging_alliance,n638.webp,Set 14 Emerging Alliance,0,0,['Fire'],,,,,,,,Common,
N639,N639,Ninja,set_14_emerging_alliance,n639.webp,Set 14 Emerging Alliance,0,0,['Fire'],,,,,,,,Common,
N640E,N640E,Ninja,set_14_emerging_alliance,n640e.webp,Set 14 Emerging Alliance,0,0,['Fire'],,,,,,,,Common,
N641,N641,Ninja,set_14_emerging_alliance,n641.webp,Set 14 Emerging Alliance,0,0,['Fire'],,,,,,,,Common,
N642,N642,Ninja,set_14_emerging_alliance,n642.webp,Set 14 Emerging Alliance,0,0,['Fire'],,,,,,,,Common,
N643,N643,Ninja,set_14_emerging_alliance,n643.webp,Set 14 Emerging Alliance,0,0,['Fire'],,,,,,,,Common,
N644,N644,Ninja,set_14_emerging_alliance,n644.webp,Set 14 Emerging Alliance,0,0,['Fire'],,,,,,,,Common,
C032,C032,Client,set_15_fortold_prophecy,c032.webp,Set 15 Fortold Prophecy,0,0,['Fire'],,,,,,,,Common,
C049,C049,Client,set_15_fortold_prophecy,c049.webp,Set 15 Fortold Prophecy,0,0,['Fire'],,,,,,,,Common,
C050,C050,Client,set_15_fortold_prophecy,c050.webp,Set 15 Fortold Prophecy,0,0,['Fire'],,,,,,,,Common,
C051,C051,Client,set_15_fortold_prophecy,c051.webp,Set 15 Fortold Prophecy,0,0,['Fire'],,,,,,,,Common,
J032,J032,Jutsu,set_15_fortold_prophecy,j032.webp,Set 15 Fortold Prophecy,0,0,['Fire'],,,,,,,,Common,
J067,J067,Jutsu,set_15_fortold_prophecy,j067.webp,Set 15 Fortold Prophecy,0,0,['Fire'],,,,,,,,Common,
J332,J332,Jutsu,set_15_fortold_prophecy,j332.webp,Set 15 Fortold Prophecy,0,0,['Fire'],,,,,,,,Common,
J386,J386,Jutsu,set_15_fortold_prophecy,j386.webp,Set 15 Fortold Prophecy,0,0,['Fire'],,,,,,,,Common,
J437,J437,Jutsu,set_15_fortold_prophecy,j437.webp,Set 15 Fortold Prophecy,0,0,['Fire'],,,,,,,,Common,
J537,J537,Jutsu,set_15_fortold_prophecy,j537.webp,Set 15 Fortold Prophecy,0,0,['Fire'],,,,,,,,Common,
J538,J538,Jutsu,set_15_fortold_prophecy,j538.webp,Set 15 Fortold Prophecy,0,0,['Fire'],,,,,,,,Common,
J541,J541,Jutsu,set_15_fortold_prophecy,j541.webp,Set 15 Fortold Prophecy,0,0,['Fire'],,,,,,,,Common,
J542,J542,Jutsu,set_15_fortold_prophecy,j542.webp,Set 15 Fortold Prophecy,0,0,['Fire'],,,,,,,,Common,
J543,J543,Jutsu,set_15_fortold_prophecy,j543.webp,Set 15 Fortold Prophecy,0,0,['Fire'],,,,,,,,Common,
J544E,J544E,Jutsu,set_15_fortold_prophecy,j544e.webp,Set 15 Fortold Prophecy,0,0,['Fire'],,,,,,,,Common,
J545,J545,Jutsu,set_15_fortold_prophecy,j545.webp,Set 15 Fortold Prophecy,0,0,['Fire'],,,,,,,,Common,
J546,J546,Jutsu,set_15_fortold_prophecy,j546.webp,Set 15 Fortold Prophecy,0,0,['Fire'],,,,,,,,Common,
J547E,J547E,Jutsu,set_15_fortold_prophecy,j547e.webp,Set 15 Fortold Prophecy,0,0,['Fire'],,,,,,,,Common,
J548,J548,Jutsu,set_15_fortold_prophecy,j548.webp,Set 15 Fortold Prophecy,0,0,['Fire'],,,,,,,,Common,
J549E,J549E,Jutsu,set_15_fortold_prophecy,j549e.webp,Set 15 Fortold Prophecy,0,0,['Fire'],,,,,,,,Common,
J550,J550,Jutsu,set_15_fortold_prophecy,j550.webp,Set 15 Fortold Prophecy,0,0,['Fire'],,,,,,,,Common,
J551,J551,Jutsu,set_15_fortold_prophecy,j551.webp,Set 15 Fortold Prophecy,0,0,['Fire'],,,,,,,,Common,
J552,J552,Jutsu,set_15_fortold_prophecy,j552.webp,Set 15 Fortold Prophecy,0,0,['Fire'],,,,,,,,Common,
J553,J553,Jutsu,set_15_fortold_prophecy,j553.webp,Set 15 Fortold Prophecy,0,0,['Fire'],,,,,,,,Common,
J554,J554,Jutsu,set_15_fortold_prophecy,j554.webp,Set 15 Fortold Prophecy,0,0,['Fire'],,,,,,,,Common,
J555,J555,Jutsu,set_15_fortold_prophecy,j555.webp,Set 15 Fortold Prophecy,0,0,['Fire'],,,,,,,,Common,
J556,J556,Jutsu,set_15_fortold_prophecy,j556.webp,Set 15 Fortold Prophecy,0,0,['Fire'],,,,,,,,Common,
J557,J557,Jutsu,set_15_fortold_prophecy,j557.webp,Set 15 Fortold Prophecy,0,0,['Fire'],,,,,,,,Common,
J558,J558,Jutsu,set_15_fortold_prophecy,j558.webp,Set 15 Fortold Prophecy,0,0,['Fire'],,,,,,,,Common,
J559,J559,Jutsu,set_15_fortold_prophecy,j559.webp,Set 15 Fortold Prophecy,0,0,['Fire'],,,,,,,,Common,
J560,J560,Jutsu,set_15_fortold_prophecy,j560.webp,Set 15 Fortold Prophecy,0,0,['Fire'],,,,,,,,Common,
J561,J561,Jutsu,set_15_fortold_prophecy,j561.webp,Set 15 Fortold Prophecy,0,0,['Fire'],,,,,,,,Common,
J562,J562,Jutsu,set_15_fortold_prophecy,j562.webp,Set 15 Fortold Prophecy,0,0,['Fire'],,,,,,,,Common,
J563,J563,Jutsu,set_15_fortold_prophecy,j563.webp,Set 15 Fortold Prophecy,0,0,['Fire'],,,,,,,,Common,
J564,J564,Jutsu,set_15_fortold_prophecy,j564.webp,Set 15 Fortold Prophecy,0,0,['Fire'],,,,,,,,Common,
J565,J565,Jutsu,set_15_fortold_prophecy,j565.webp,Set 15 Fortold Prophecy,0,0,['Fire'],,,,,,,,Common,
J566,J566,Jutsu,set_15_fortold_prophecy,j566.webp,Set 15 Fortold Prophecy,0,0,['Fire'],,,,,,,,Common,
J567,J567,Jutsu,set_15_fortold_prophecy,j567.webp,Set 15 Fortold Prophecy,0,0,['Fire'],,,,,,,,Common,
J568E,J568E,Jutsu,set_15_fortold_prophecy,j568e.webp,Set 15 Fortold Prophecy,0,0,['Fire'],,,,,,,,Common,
J569,J569,Jutsu,set_15_fortold_prophecy,j569.webp,Set 15 Fortold Prophecy,0,0,['Fire'],,,,,,,,Common,
J570,J570,Jutsu,set_15_fortold_prophecy,j570.webp,Set 15 Fortold Prophecy,0,0,['Fire'],,,,,,,,Common,
J571,J571,Jutsu,set_15_fortold_prophecy,j571.webp,Set 15 Fortold Prophecy,0,0,['Fire'],,,,,,,,Common,
J572,J572,Jutsu,set_15_fortold_prophecy,j572.webp,Set 15 Fortold Prophecy,0,0,['Fire'],,,,,,,,Common,
J573,J573,Jutsu,set_15_fortold_prophecy,j573.webp,Set 15 Fortold Prophecy,0,0,['Fire'],,,,,,,,Common,
J574,J574,Jutsu,set_15_fortold_prophecy,j574.webp,Set 15 Fortold Prophecy,0,0,['Fire'],,,,,,,,Common,
J575,J575,Jutsu,set_15_fortold_prophecy,j575.webp,Set 15 Fortold Prophecy,0,0,['Fire'],,,,,,,,Common,
J576,J576,Jutsu,set_15_fortold_prophecy,j576.webp,Set 15 Fortold Prophecy,0,0,['Fire'],,,,,,,,Common,
J577,J577,Jutsu,set_15_fortold_prophecy,j577.webp,Set 15 Fortold Prophecy,0,0,['Fire'],,,,,,,,Common,
J578,J578,Jutsu,set_15_fortold_prophecy,j578.webp,Set 15 Fortold Prophecy,0,0,['Fire'],,,,,,,,Common,
J579,J579,Jutsu,set_15_fortold_prophecy,j579.webp,Set 15 Fortold Prophecy,0,0,['Fire'],,,,,,,,Common,
J580,J580,Jutsu,set_15_fortold_prophecy,j580.webp,Set 15 Fortold Prophecy,0,0,['Fire'],,,,,,,,Common,
J581,J581,Jutsu,set_15_fortold_prophecy,j581.webp,Set 15 Fortold Prophecy,0,0,['Fire'],,,,,,,,Common,
J582,J582,Jutsu,set_15_fortold_prophecy,j582.webp,Set 15 Fortold Prophecy,0,0,['Fire'],,,,,,,,Common,
J583,J583,Jutsu,set_15_fortold_prophecy,j583.webp,Set 15 Fortold Prophecy,0,0,['Fire'],,,,,,,,Common,
J584,J584,Jutsu,set_15_fortold_prophecy,j584.webp,Set 15 Fortold Prophecy,0,0,['Fire'],,,,,,,,Common,
J585,J585,Jutsu,set_15_fortold_prophecy,j585.webp,Set 15 Fortold Prophecy,0,0,['Fire'],,,,,,,,Common,
J586,J586,Jutsu,set_15_fortold_prophecy,j586.webp,Set 15 Fortold Prophecy,0,0,['Fire'],,,,,,,,Common,
J587,J587,Jutsu,set_15_fortold_prophecy,j587.webp,Set 15 Fortold Prophecy,0,0,['Fire'],,,,,,,,Common,
J588,J588,Jutsu,set_15_fortold_prophecy,j588.webp,Set 15 Fortold Prophecy,0,0,['Fire'],,,,,,,,Common,
J589,J589,Jutsu,set_15_fortold_prophecy,j589.webp,Set 15 Fortold Prophecy,0,0,['Fire'],,,,,,,,Common,
J590,J590,Jutsu,set_15_fortold_prophecy,j590.webp,Set 15 Fortold Prophecy,0,0,['Fire'],,,,,,,,Common,
J591,J591,Jutsu,set_15_fortold_prophecy,j591.webp,Set 15 Fortold Prophecy,0,0,['Fire'],,,,,,,,Common,
J592,J592,Jutsu,set_15_fortold_prophecy,j592.webp,Set 15 Fortold Prophecy,0,0,['Fire'],,,,,,,,Common,
J592E,J592E,Jutsu,set_15_fortold_prophecy,j592e.webp,Set 15 Fortold Prophecy,0,0,['Fire'],,,,,,,,Common,
J593,J593,Jutsu,set_15_fortold_prophecy,j593.webp,Set 15 Fortold Prophecy,0,0,['Fire'],,,,,,,,Common,
J594,J594,Jutsu,set_15_fortold_prophecy,j594.webp,Set 15 Fortold Prophecy,0,0,['Fire'],,,,,,,,Common,
J595,J595,Jutsu,set_15_fortold_prophecy,j595.webp,Set 15 Fortold Prophecy,0,0,['Fire'],,,,,,,,Common,
J596,J596,Jutsu,set_15_fortold_prophecy,j596.webp,Set 15 Fortold Prophecy,0,0,['Fire'],,,,,,,,Common,
J597,J597,Jutsu,set_15_fortold_prophecy,j597.webp,Set 15 Fortold Prophecy,0,0,['Fire'],,,,,,,,Common,
J598,J598,Jutsu,set_15_fortold_prophecy,j598.webp,Set 15 Fortold Prophecy,0,0,['Fire'],,,,,,,,Common,
J599,J599,Jutsu,set_15_fortold_prophecy,j599.webp,Set 15 Fortold Prophecy,0,0,['Fire'],,,,,,,,Common,
J600,J600,Jutsu,set_15_fortold_prophecy,j600.webp,Set 15 Fortold Prophecy,0,0,['Fire'],,,,,,,,Common,
J601,J601,Jutsu,set_15_fortold_prophecy,j601.webp,Set 15 Fortold Prophecy,0,0,['Fire'],,,,,,,,Common,
M051,M051,Mission,set_15_fortold_prophecy,m051.webp,Set 15 Fortold Prophecy,0,0,['Fire'],,,,,,,,Common,
M118,M118,Mission,set_15_fortold_prophecy,m118.webp,Set 15 Fortold Prophecy,0,0,['Fire'],,,,,,,,Common,
M193,M193,Mission,set_15_fortold_prophecy,m193.webp,Set 15 Fortold Prophecy,0,0,['Fire'],,,,,,,,Common,
M209E,M209E,Mission,set_15_fortold_prophecy,m209e.webp,Set 15 Fortold Prophecy,0,0,['Fire'],,,,,,,,Common,
M272E,M272E,Mission,set_15_fortold_prophecy,m272e.webp,Set 15 Fortold Prophecy,0,0,['Fire'],,,,,,,,Common,
M356,M356,Mission,set_15_fortold_prophecy,m356.webp,Set 15 Fortold Prophecy,0,0,['Fire'],,,,,,,,Common,
M412,M412,Mission,set_15_fortold_prophecy,m412.webp,Set 15 Fortold Prophecy,0,0,['Fire'],,,,,,,,Common,
M500,M500,Mission,set_15_fortold_prophecy,m500.webp,Set 15 Fortold Prophecy,0,0,['Fire'],,,,,,,,Common,
M501,M501,Mission,set_15_fortold_prophecy,m501.webp,Set 15 Fortold Prophecy,0,0,['Fire'],,,,,,,,Common,
M502,M502,Mission,set_15_fortold_prophecy,m502.webp,Set 15 Fortold Prophecy,0,0,['Fire'],,,,,,,,Common,
M503,M503,Mission,set_15_fortold_prophecy,m503.webp,Set 15 Fortold Prophecy,0,0,['Fire'],,,,,,,,Common,
M504,M504,Mission,set_15_fortold_prophecy,m504.webp,Set 15 Fortold Prophecy,0,0,['Fire'],,,,,,,,Common,
M505,M505,Mission,set_15_fortold_prophecy,m505.webp,Set 15 Fortold Prophecy,0,0,['Fire'],,,,,,,,Common,
M506,M506,Mission,set_15_fortold_prophecy,m506.webp,Set 15 Fortold Prophecy,0,0,['Fire'],,,,,,,,Common,
M507,M507,Mission,set_15_fortold_prophecy,m507.webp,Set 15 Fortold Prophecy,0,0,['Fire'],,,,,,,,Common,
M508,M508,Mission,set_15_fortold_prophecy,m508.webp,Set 15 Fortold Prophecy,0,0,['Fire'],,,,,,,,Common,
M509,M509,Mission,set_15_fortold_prophecy,m509.webp,Set 15 Fortold Prophecy,0,0,['Fire'],,,,,,,,Common,
M510,M510,Mission,set_15_fortold_prophecy,m510.webp,Set 15 Fortold Prophecy,0,0,['Fire'],,,,,,,,Common,
M511,M511,Mission,set_15_fortold_prophecy,m511.webp,Set 15 Fortold Prophecy,0,0,['Fire'],,,,,,,,Common,
M512,M512,Mission,set_15_fortold_prophecy,m512.webp,Set 15 Fortold Prophecy,0,0,['Fire'],,,,,,,,Common,
M513,M513,Mission,set_15_fortold_prophecy,m513.webp,Set 15 Fortold Prophecy,0,0,['Fire'],,,,,,,,Common,
M514,M514,Mission,set_15_fortold_prophecy,m514.webp,Set 15 Fortold Prophecy,0,0,['Fire'],,,,,,,,Common,
M515,M515,Mission,set_15_fortold_prophecy,m515.webp,Set 15 Fortold Prophecy,0,0,['Fire'],,,,,,,,Common,
M516,M516,Mission,set_15_fortold_prophecy,m516.webp,Set 15 Fortold Prophecy,0,0,['Fire'],,,,,,,,Common,
M517,M517,Mission,set_15_fortold_prophecy,m517.webp,Set 15 Fortold Prophecy,0,0,['Fire'],,,,,,,,Common,
M518,M518,Mission,set_15_fortold_prophecy,m518.webp,Set 15 Fortold Prophecy,0,0,['Fire'],,,,,,,,Common,
M519,M519,Mission,set_15_fortold_prophecy,m519.webp,Set 15 Fortold Prophecy,0,0,['Fire'],,,,,,,,Common,
M520,M520,Mission,set_15_fortold_prophecy,m520.webp,Set 15 Fortold Prophecy,0,0,['Fire'],,,,,,,,Common,
M521,M521,Mission,set_15_fortold_prophecy,m521.webp,Set 15 Fortold Prophecy,0,0,['Fire'],,,,,,,,Common,
M522,M522,Mission,set_15_fortold_prophecy,m522.webp,Set 15 Fortold Prophecy,0,0,['Fire'],,,,,,,,Common,
M523,M523,Mission,set_15_fortold_prophecy,m523.webp,Set 15 Fortold Prophecy,0,0,['Fire'],,,,,,,,Common,
M524,M524,Mission,set_15_fortold_prophecy,m524.webp,Set 15 Fortold Prophecy,0,0,['Fire'],,,,,,,,Common,
M525,M525,Mission,set_15_fortold_prophecy,m525.webp,Set 15 Fortold Prophecy,0,0,['Fire'],,,,,,,,Common,
M526,M526,Mission,set_15_fortold_prophecy,m526.webp,Set 15 Fortold Prophecy,0,0,['Fire'],,,,,,,,Common,
M527,M527,Mission,set_15_fortold_prophecy,m527.webp,Set 15 Fortold Prophecy,0,0,['Fire'],,,,,,,,Common,
M528,M528,Mission,set_15_fortold_prophecy,m528.webp,Set 15 Fortold Prophecy,0,0,['Fire'],,,,,,,,Common,
M529,M529,Mission,set_15_fortold_prophecy,m529.webp,Set 15 Fortold Prophecy,0,0,['Fire'],,,,,,,,Common,
M530,M530,Mission,set_15_fortold_prophecy,m530.webp,Set 15 Fortold Prophecy,0,0,['Fire'],,,,,,,,Common,
M531,M531,Mission,set_15_fortold_prophecy,m531.webp,Set 15 Fortold Prophecy,0,0,['Fire'],,,,,,,,Common,
M532,M532,Mission,set_15_fortold_prophecy,m532.webp,Set 15 Fortold Prophecy,0,0,['Fire'],,,,,,,,Common,
M533,M533,Mission,set_15_fortold_prophecy,m533.webp,Set 15 Fortold Prophecy,0,0,['Fire'],,,,,,,,Common,
M534,M534,Mission,set_15_fortold_prophecy,m534.webp,Set 15 Fortold Prophecy,0,0,['Fire'],,,,,,,,Common,
M535,M535,Mission,set_15_fortold_prophecy,m535.webp,Set 15 Fortold Prophecy,0,0,['Fire'],,,,,,,,Common,
M536,M536,Mission,set_15_fortold_prophecy,m536.webp,Set 15 Fortold Prophecy,0,0,['Fire'],,,,,,,,Common,
M537,M537,Mission,set_15_fortold_prophecy,m537.webp,Set 15 Fortold Prophecy,0,0,['Fire'],,,,,,,,Common,
M538E,M538E,Mission,set_15_fortold_prophecy,m538e.webp,Set 15 Fortold Prophecy,0,0,['Fire'],,,,,,,,Common,
M539,M539,Mission,set_15_fortold_prophecy,m539.webp,Set 15 Fortold Prophecy,0,0,['Fire'],,,,,,,,Common,
M540,M540,Mission,set_15_fortold_prophecy,m540.webp,Set 15 Fortold Prophecy,0,0,['Fire'],,,,,,,,Common,
M541,M541,Mission,set_15_fortold_prophecy,m541.webp,Set 15 Fortold Prophecy,0,0,['Fire'],,,,,,,,Common,
M542,M542,Mission,set_15_fortold_prophecy,m542.webp,Set 15 Fortold Prophecy,0,0,['Fire'],,,,,,,,Common,
M543,M543,Mission,set_15_fortold_prophecy,m543.webp,Set 15 Fortold Prophecy,0,0,['Fire'],,,,,,,,Common,
M544,M544,Mission,set_15_fortold_prophecy,m544.webp,Set 15 Fortold Prophecy,0,0,['Fire'],,,,,,,,Common,
M545,M545,Mission,set_15_fortold_prophecy,m545.webp,Set 15 Fortold Prophecy,0,0,['Fire'],,,,,,,,Common,
M546,M546,Mission,set_15_fortold_prophecy,m546.webp,Set 15 Fortold Prophecy,0,0,['Fire'],,,,,,,,Common,
M547,M547,Mission,set_15_fortold_prophecy,m547.webp,Set 15 Fortold Prophecy,0,0,['Fire'],,,,,,,,Common,
M548,M548,Mission,set_15_fortold_prophecy,m548.webp,Set 15 Fortold Prophecy,0,0,['Fire'],,,,,,,,Common,
M549,M549,Mission,set_15_fortold_prophecy,m549.webp,Set 15 Fortold Prophecy,0,0,['Fire'],,,,,,,,Common,
MUS077,MUS077,Mission,set_15_fortold_prophecy,mus077.webp,Set 15 Fortold Prophecy,0,0,['Fire'],,,,,,,,Common,
MUS086,MUS086,Mission,set_15_fortold_prophecy,mus086.webp,Set 15 Fortold Prophecy,0,0,['Fire'],,,,,,,,Common,
N102,N102,Ninja,set_15_fortold_prophecy,n102.webp,Set 15 Fortold Prophecy,0,0,['Fire'],,,,,,,,Common,
N144,N144,Ninja,set_15_fortold_prophecy,n144.webp,Set 15 Fortold Prophecy,0,0,['Fire'],,,,,,,,Common,
N198,N198,Ninja,set_15_fortold_prophecy,n198.webp,Set 15 Fortold Prophecy,0,0,['Fire'],,,,,,,,Common,
N260,N260,Ninja,set_15_fortold_prophecy,n260.webp,Set 15 Fortold Prophecy,0,0,['Fire'],,,,,,,,Common,
N261,N261,Ninja,set_15_fortold_prophecy,n261.webp,Set 15 Fortold Prophecy,0,0,['Fire'],,,,,,,,Common,
N303,N303,Ninja,set_15_fortold_prophecy,n303.webp,Set 15 Fortold Prophecy,0,0,['Fire'],,,,,,,,Common,
N320,N320,Ninja,set_15_fortold_prophecy,n320.webp,Set 15 Fortold Prophecy,0,0,['Fire'],,,,,,,,Common,
N384,N384,Ninja,set_15_fortold_prophecy,n384.webp,Set 15 Fortold Prophecy,0,0,['Fire'],,,,,,,,Common,
N409,N409,Ninja,set_15_fortold_prophecy,n409.webp,Set 15 Fortold Prophecy,0,0,['Fire'],,,,,,,,Common,
N479,N479,Ninja,set_15_fortold_prophecy,n479.webp,Set 15 Fortold Prophecy,0,0,['Fire'],,,,,,,,Common,
N512,N512,Ninja,set_15_fortold_prophecy,n512.webp,Set 15 Fortold Prophecy,0,0,['Fire'],,,,,,,,Common,
N547,N547,Ninja,set_15_fortold_prophecy,n547.webp,Set 15 Fortold Prophecy,0,0,['Fire'],,,,,,,,Common,
N555,N555,Ninja,set_15_fortold_prophecy,n555.webp,Set 15 Fortold Prophecy,0,0,['Fire'],,,,,,,,Common,
N571,N571,Ninja,set_15_fortold_prophecy,n571.webp,Set 15 Fortold Prophecy,0,0,['Fire'],,,,,,,,Common,
N575E,N575E,Ninja,set_15_fortold_prophecy,n575e.webp,Set 15 Fortold Prophecy,0,0,['Fire'],,,,,,,,Common,
N615,N615,Ninja,set_15_fortold_prophecy,n615.webp,Set 15 Fortold Prophecy,0,0,['Fire'],,,,,,,,Common,
N617,N617,Ninja,set_15_fortold_prophecy,n617.webp,Set 15 Fortold Prophecy,0,0,['Fire'],,,,,,,,Common,
N618,N618,Ninja,set_15_fortold_prophecy,n618.webp,Set 15 Fortold Prophecy,0,0,['Fire'],,,,,,,,Common,
N619E,N619E,Ninja,set_15_fortold_prophecy,n619e.webp,Set 15 Fortold Prophecy,0,0,['Fire'],,,,,,,,Common,
N622E,N622E,Ninja,set_15_fortold_prophecy,n622e.webp,Set 15 Fortold Prophecy,0,0,['Fire'],,,,,,,,Common,
N625,N625,Ninja,set_15_fortold_prophecy,n625.webp,Set 15 Fortold Prophecy,0,0,['Fire'],,,,,,,,Common,
N645,N645,Ninja,set_15_fortold_prophecy,n645.webp,Set 15 Fortold Prophecy,0,0,['Fire'],,,,,,,,Common,
N646,N646,Ninja,set_15_fortold_prophecy,n646.webp,Set 15 Fortold Prophecy,0,0,['Fire'],,,,,,,,Common,
N647,N647,Ninja,set_15_fortold_prophecy,n647.webp,Set 15 Fortold Prophecy,0,0,['Fire'],,,,,,,,Common,
N648,N648,Ninja,set_15_fortold_prophecy,n648.webp,Set 15 Fortold Prophecy,0,0,['Fire'],,,,,,,,Common,
N649,N649,Ninja,set_15_fortold_prophecy,n649.webp,Set 15 Fortold Prophecy,0,0,['Fire'],,,,,,,,Common,
N650,N650,Ninja,set_15_fortold_prophecy,n650.webp,Set 15 Fortold Prophecy,0,0,['Fire'],,,,,,,,Common,
N651,N651,Ninja,set_15_fortold_prophecy,n651.webp,Set 15 Fortold Prophecy,0,0,['Fire'],,,,,,,,Common,
N652,N652,Ninja,set_15_fortold_prophecy,n652.webp,Set 15 Fortold Prophecy,0,0,['Fire'],,,,,,,,Common,
N653,N653,Ninja,set_15_fortold_prophecy,n653.webp,Set 15 Fortold Prophecy,0,0,['Fire'],,,,,,,,Common,
N654,N654,Ninja,set_15_fortold_prophecy,n654.webp,Set 15 Fortold Prophecy,0,0,['Fire'],,,,,,,,Common,
N655,N655,Ninja,set_15_fortold_prophecy,n655.webp,Set 15 Fortold Prophecy,0,0,['Fire'],,,,,,,,Common,
N656,N656,Ninja,set_15_fortold_prophecy,n656.webp,Set 15 Fortold Prophecy,0,0,['Fire'],,,,,,,,Common,
N657,N657,Ninja,set_15_fortold_prophecy,n657.webp,Set 15 Fortold Prophecy,0,0,['Fire'],,,,,,,,Common,
N658,N658,Ninja,set_15_fortold_prophecy,n658.webp,Set 15 Fortold Prophecy,0,0,['Fire'],,,,,,,,Common,
N659,N659,Ninja,set_15_fortold_prophecy,n659.webp,Set 15 Fortold Prophecy,0,0,['Fire'],,,,,,,,Common,
N660,N660,Ninja,set_15_fortold_prophecy,n660.webp,Set 15 Fortold Prophecy,0,0,['Fire'],,,,,,,,Common,
N661,N661,Ninja,set_15_fortold_prophecy,n661.webp,Set 15 Fortold Prophecy,0,0,['Fire'],,,,,,,,Common,
N662E,N662E,Ninja,set_15_fortold_prophecy,n662e.webp,Set 15 Fortold Prophecy,0,0,['Fire'],,,,,,,,Common,
N663,N663,Ninja,set_15_fortold_prophecy,n663.webp,Set 15 Fortold Prophecy,0,0,['Fire'],,,,,,,,Common,
N664,N664,Ninja,set_15_fortold_prophecy,n664.webp,Set 15 Fortold Prophecy,0,0,['Fire'],,,,,,,,Common,
N665,N665,Ninja,set_15_fortold_prophecy,n665.webp,Set 15 Fortold Prophecy,0,0,['Fire'],,,,,,,,Common,
N666,N666,Ninja,set_15_fortold_prophecy,n666.webp,Set 15 Fortold Prophecy,0,0,['Fire'],,,,,,,,Common,
N667,N667,Ninja,set_15_fortold_prophecy,n667.webp,Set 15 Fortold Prophecy,0,0,['Fire'],,,,,,,,Common,
N668,N668,Ninja,set_15_fortold_prophecy,n668.webp,Set 15 Fortold Prophecy,0,0,['Fire'],,,,,,,,Common,
N669,N669,Ninja,set_15_fortold_prophecy,n669.webp,Set 15 Fortold Prophecy,0,0,['Fire'],,,,,,,,Common,
N670,N670,Ninja,set_15_fortold_prophecy,n670.webp,Set 15 Fortold Prophecy,0,0,['Fire'],,,,,,,,Common,
N671,N671,Ninja,set_15_fortold_prophecy,n671.webp,Set 15 Fortold Prophecy,0,0,['Fire'],,,,,,,,Common,
N672,N672,Ninja,set_15_fortold_prophecy,n672.webp,Set 15 Fortold Prophecy,0,0,['Fire'],,,,,,,,Common,
N673,N673,Ninja,set_15_fortold_prophecy,n673.webp,Set 15 Fortold Prophecy,0,0,['Fire'],,,,,,,,Common,
N673E,N673E,Ninja,set_15_fortold_prophecy,n673e.webp,Set 15 Fortold Prophecy,0,0,['Fire'],,,,,,,,Common,
N674,N674,Ninja,set_15_fortold_prophecy,n674.webp,Set 15 Fortold Prophecy,0,0,['Fire'],,,,,,,,Common,
N675,N675,Ninja,set_15_fortold_prophecy,n675.webp,Set 15 Fortold Prophecy,0,0,['Fire'],,,,,,,,Common,
N676E,N676E,Ninja,set_15_fortold_prophecy,n676e.webp,Set 15 Fortold Prophecy,0,0,['Fire'],,,,,,,,Common,
N677,N677,Ninja,set_15_fortold_prophecy,n677.webp,Set 15 Fortold Prophecy,0,0,['Fire'],,,,,,,,Common,
N678,N678,Ninja,set_15_fortold_prophecy,n678.webp,Set 15 Fortold Prophecy,0,0,['Fire'],,,,,,,,Common,
N679,N679,Ninja,set_15_fortold_prophecy,n679.webp,Set 15 Fortold Prophecy,0,0,['Fire'],,,,,,,,Common,
N680,N680,Ninja,set_15_fortold_prophecy,n680.webp,Set 15 Fortold Prophecy,0,0,['Fire'],,,,,,,,Common,
N681,N681,Ninja,set_15_fortold_prophecy,n681.webp,Set 15 Fortold Prophecy,0,0,['Fire'],,,,,,,,Common,
N682,N682,Ninja,set_15_fortold_prophecy,n682.webp,Set 15 Fortold Prophecy,0,0,['Fire'],,,,,,,,Common,
N683,N683,Ninja,set_15_fortold_prophecy,n683.webp,Set 15 Fortold Prophecy,0,0,['Fire'],,,,,,,,Common,
N684,N684,Ninja,set_15_fortold_prophecy,n684.webp,Set 15 Fortold Prophecy,0,0,['Fire'],,,,,,,,Common,
N685,N685,Ninja,set_15_fortold_prophecy,n685.webp,Set 15 Fortold Prophecy,0,0,['Fire'],,,,,,,,Common,
N686,N686,Ninja,set_15_fortold_prophecy,n686.webp,Set 15 Fortold Prophecy,0,0,['Fire'],,,,,,,,Common,
N687,N687,Ninja,set_15_fortold_prophecy,n687.webp,Set 15 Fortold Prophecy,0,0,['Fire'],,,,,,,,Common,
N688E,N688E,Ninja,set_15_fortold_prophecy,n688e.webp,Set 15 Fortold Prophecy,0,0,['Fire'],,,,,,,,Common,
N689,N689,Ninja,set_15_fortold_prophecy,n689.webp,Set 15 Fortold Prophecy,0,0,['Fire'],,,,,,,,Common,
N690,N690,Ninja,set_15_fortold_prophecy,n690.webp,Set 15 Fortold Prophecy,0,0,['Fire'],,,,,,,,Common,
N691,N691,Ninja,set_15_fortold_prophecy,n691.webp,Set 15 Fortold Prophecy,0,0,['Fire'],,,,,,,,Common,
N692,N692,Ninja,set_15_fortold_prophecy,n692.webp,Set 15 Fortold Prophecy,0,0,['Fire'],,,,,,,,Common,
N693,N693,Ninja,set_15_fortold_prophecy,n693.webp,Set 15 Fortold Prophecy,0,0,['Fire'],,,,,,,,Common,
N694E,N694E,Ninja,set_15_fortold_prophecy,n694e.webp,Set 15 Fortold Prophecy,0,0,['Fire'],,,,,,,,Common,
N695,N695,Ninja,set_15_fortold_prophecy,n695.webp,Set 15 Fortold Prophecy,0,0,['Fire'],,,,,,,,Common,
N696,N696,Ninja,set_15_fortold_prophecy,n696.webp,Set 15 Fortold Prophecy,0,0,['Fire'],,,,,,,,Common,
N697,N697,Ninja,set_15_fortold_prophecy,n697.webp,Set 15 Fortold Prophecy,0,0,['Fire'],,,,,,,,Common,
N698,N698,Ninja,set_15_fortold_prophecy,n698.webp,Set 15 Fortold Prophecy,0,0,['Fire'],,,,,,,,Common,
N699,N699,Ninja,set_15_fortold_prophecy,n699.webp,Set 15 Fortold Prophecy,0,0,['Fire'],,,,,,,,Common,
N700,N700,Ninja,set_15_fortold_prophecy,n700.webp,Set 15 Fortold Prophecy,0,0,['Fire'],,,,,,,,Common,
N701,N701,Ninja,set_15_fortold_prophecy,n701.webp,Set 15 Fortold Prophecy,0,0,['Fire'],,,,,,,,Common,
N702,N702,Ninja,set_15_fortold_prophecy,n702.webp,Set 15 Fortold Prophecy,0,0,['Fire'],,,,,,,,Common,
N703,N703,Ninja,set_15_fortold_prophecy,n703.webp,Set 15 Fortold Prophecy,0,0,['Fire'],,,,,,,,Common,
N704,N704,Ninja,set_15_fortold_prophecy,n704.webp,Set 15 Fortold Prophecy,0,0,['Fire'],,,,,,,,Common,
N705,N705,Ninja,set_15_fortold_prophecy,n705.webp,Set 15 Fortold Prophecy,0,0,['Fire'],,,,,,,,Common,
N706,N706,Ninja,set_15_fortold_prophecy,n706.webp,Set 15 Fortold Prophecy,0,0,['Fire'],,,,,,,,Common,
N707,N707,Ninja,set_15_fortold_prophecy,n707.webp,Set 15 Fortold Prophecy,0,0,['Fire'],,,,,,,,Common,
N708,N708,Ninja,set_15_fortold_prophecy,n708.webp,Set 15 Fortold Prophecy,0,0,['Fire'],,,,,,,,Common,
C052,C052,Client,set_16_broken_promise,c052.webp,Set 16 Broken Promise,0,0,['Fire'],,,,,,,,Common,
C053,C053,Client,set_16_broken_promise,c053.webp,Set 16 Broken Promise,0,0,['Fire'],,,,,,,,Common,
C054,C054,Client,set_16_broken_promise,c054.webp,Set 16 Broken Promise,0,0,['Fire'],,,,,,,,Common,
C055,C055,Client,set_16_broken_promise,c055.webp,Set 16 Broken Promise,0,0,['Fire'],,,,,,,,Common,
J602,J602,Jutsu,set_16_broken_promise,j602.webp,Set 16 Broken Promise,0,0,['Fire'],,,,,,,,Common,
J603,J603,Jutsu,set_16_broken_promise,j603.webp,Set 16 Broken Promise,0,0,['Fire'],,,,,,,,Common,
J604,J604,Jutsu,set_16_broken_promise,j604.webp,Set 16 Broken Promise,0,0,['Fire'],,,,,,,,Common,
J605,J605,Jutsu,set_16_broken_promise,j605.webp,Set 16 Broken Promise,0,0,['Fire'],,,,,,,,Common,
J606,J606,Jutsu,set_16_broken_promise,j606.webp,Set 16 Broken Promise,0,0,['Fire'],,,,,,,,Common,
J607,J607,Jutsu,set_16_broken_promise,j607.webp,Set 16 Broken Promise,0,0,['Fire'],,,,,,,,Common,
J608,J608,Jutsu,set_16_broken_promise,j608.webp,Set 16 Broken Promise,0,0,['Fire'],,,,,,,,Common,
J609,J609,Jutsu,set_16_broken_promise,j609.webp,Set 16 Broken Promise,0,0,['Fire'],,,,,,,,Common,
J610,J610,Jutsu,set_16_broken_promise,j610.webp,Set 16 Broken Promise,0,0,['Fire'],,,,,,,,Common,
J611,J611,Jutsu,set_16_broken_promise,j611.webp,Set 16 Broken Promise,0,0,['Fire'],,,,,,,,Common,
J612,J612,Jutsu,set_16_broken_promise,j612.webp,Set 16 Broken Promise,0,0,['Fire'],,,,,,,,Common,
J613,J613,Jutsu,set_16_broken_promise,j613.webp,Set 16 Broken Promise,0,0,['Fire'],,,,,,,,Common,
J614,J614,Jutsu,set_16_broken_promise,j614.webp,Set 16 Broken Promise,0,0,['Fire'],,,,,,,,Common,
J615,J615,Jutsu,set_16_broken_promise,j615.webp,Set 16 Broken Promise,0,0,['Fire'],,,,,,,,Common,
J616,J616,Jutsu,set_16_broken_promise,j616.webp,Set 16 Broken Promise,0,0,['Fire'],,,,,,,,Common,
J617,J617,Jutsu,set_16_broken_promise,j617.webp,Set 16 Broken Promise,0,0,['Fire'],,,,,,,,Common,
J618,J618,Jutsu,set_16_broken_promise,j618.webp,Set 16 Broken Promise,0,0,['Fire'],,,,,,,,Common,
J619,J619,Jutsu,set_16_broken_promise,j619.webp,Set 16 Broken Promise,0,0,['Fire'],,,,,,,,Common,
J620,J620,Jutsu,set_16_broken_promise,j620.webp,Set 16 Broken Promise,0,0,['Fire'],,,,,,,,Common,
J621,J621,Jutsu,set_16_broken_promise,j621.webp,Set 16 Broken Promise,0,0,['Fire'],,,,,,,,Common,
J622,J622,Jutsu,set_16_broken_promise,j622.webp,Set 16 Broken Promise,0,0,['Fire'],,,,,,,,Common,
J623,J623,Jutsu,set_16_broken_promise,j623.webp,Set 16 Broken Promise,0,0,['Fire'],,,,,,,,Common,
J624,J624,Jutsu,set_16_broken_promise,j624.webp,Set 16 Broken Promise,0,0,['Fire'],,,,,,,,Common,
J625E,J625E,Jutsu,set_16_broken_promise,j625e.webp,Set 16 Broken Promise,0,0,['Fire'],,,,,,,,Common,
J626,J626,Jutsu,set_16_broken_promise,j626.webp,Set 16 Broken Promise,0,0,['Fire'],,,,,,,,Common,
J627,J627,Jutsu,set_16_broken_promise,j627.webp,Set 16 Broken Promise,0,0,['Fire'],,,,,,,,Common,
J628,J628,Jutsu,set_16_broken_promise,j628.webp,Set 16 Broken Promise,0,0,['Fire'],,,,,,,,Common,
J629,J629,Jutsu,set_16_broken_promise,j629.webp,Set 16 Broken Promise,0,0,['Fire'],,,,,,,,Common,
J630,J630,Jutsu,set_16_broken_promise,j630.webp,Set 16 Broken Promise,0,0,['Fire'],,,,,,,,Common,
J631,J631,Jutsu,set_16_broken_promise,j631.webp,Set 16 Broken Promise,0,0,['Fire'],,,,,,,,Common,
J632,J632,Jutsu,set_16_broken_promise,j632.webp,Set 16 Broken Promise,0,0,['Fire'],,,,,,,,Common,
J633,J633,Jutsu,set_16_broken_promise,j633.webp,Set 16 Broken Promise,0,0,['Fire'],,,,,,,,Common,
J634,J634,Jutsu,set_16_broken_promise,j634.webp,Set 16 Broken Promise,0,0,['Fire'],,,,,,,,Common,
J635,J635,Jutsu,set_16_broken_promise,j635.webp,Set 16 Broken Promise,0,0,['Fire'],,,,,,,,Common,
J636,J636,Jutsu,set_16_broken_promise,j636.webp,Set 16 Broken Promise,0,0,['Fire'],,,,,,,,Common,
J637,J637,Jutsu,set_16_broken_promise,j637.webp,Set 16 Broken Promise,0,0,['Fire'],,,,,,,,Common,
J638E,J638E,Jutsu,set_16_broken_promise,j638e.webp,Set 16 Broken Promise,0,0,['Fire'],,,,,,,,Common,
J639,J639,Jutsu,set_16_broken_promise,j639.webp,Set 16 Broken Promise,0,0,['Fire'],,,,,,,,Common,
J640,J640,Jutsu,set_16_broken_promise,j640.webp,Set 16 Broken Promise,0,0,['Fire'],,,,,,,,Common,
J641,J641,Jutsu,set_16_broken_promise,j641.webp,Set 16 Broken Promise,0,0,['Fire'],,,,,,,,Common,
J642,J642,Jutsu,set_16_broken_promise,j642.webp,Set 16 Broken Promise,0,0,['Fire'],,,,,,,,Common,
J643,J643,Jutsu,set_16_broken_promise,j643.webp,Set 16 Broken Promise,0,0,['Fire'],,,,,,,,Common,
J644,J644,Jutsu,set_16_broken_promise,j644.webp,Set 16 Broken Promise,0,0,['Fire'],,,,,,,,Common,
M585,M585,Mission,set_16_broken_promise,m585.webp,Set 16 Broken Promise,0,0,['Fire'],,,,,,,,Common,
M586,M586,Mission,set_16_broken_promise,m586.webp,Set 16 Broken Promise,0,0,['Fire'],,,,,,,,Common,
M587,M587,Mission,set_16_broken_promise,m587.webp,Set 16 Broken Promise,0,0,['Fire'],,,,,,,,Common,
M588,M588,Mission,set_16_broken_promise,m588.webp,Set 16 Broken Promise,0,0,['Fire'],,,,,,,,Common,
M589,M589,Mission,set_16_broken_promise,m589.webp,Set 16 Broken Promise,0,0,['Fire'],,,,,,,,Common,
M590,M590,Mission,set_16_broken_promise,m590.webp,Set 16 Broken Promise,0,0,['Fire'],,,,,,,,Common,
M591,M591,Mission,set_16_broken_promise,m591.webp,Set 16 Broken Promise,0,0,['Fire'],,,,,,,,Common,
M592,M592,Mission,set_16_broken_promise,m592.webp,Set 16 Broken Promise,0,0,['Fire'],,,,,,,,Common,
M593,M593,Mission,set_16_broken_promise,m593.webp,Set 16 Broken Promise,0,0,['Fire'],,,,,,,,Common,
M594,M594,Mission,set_16_broken_promise,m594.webp,Set 16 Broken Promise,0,0,['Fire'],,,,,,,,Common,
M595,M595,Mission,set_16_broken_promise,m595.webp,Set 16 Broken Promise,0,0,['Fire'],,,,,,,,Common,
M596,M596,Mission,set_16_broken_promise,m596.webp,Set 16 Broken Promise,0,0,['Fire'],,,,,,,,Common,
M597,M597,Mission,set_16_broken_promise,m597.webp,Set 16 Broken Promise,0,0,['Fire'],,,,,,,,Common,
M598,M598,Mission,set_16_broken_promise,m598.webp,Set 16 Broken Promise,0,0,['Fire'],,,,,,,,Common,
M599,M599,Mission,set_16_broken_promise,m599.webp,Set 16 Broken Promise,0,0,['Fire'],,,,,,,,Common,
M600,M600,Mission,set_16_broken_promise,m600.webp,Set 16 Broken Promise,0,0,['Fire'],,,,,,,,Common,
M601,M601,Mission,set_16_broken_promise,m601.webp,Set 16 Broken Promise,0,0,['Fire'],,,,,,,,Common,
M602,M602,Mission,set_16_broken_promise,m602.webp,Set 16 Broken Promise,0,0,['Fire'],,,,,,,,Common,
M603,M603,Mission,set_16_broken_promise,m603.webp,Set 16 Broken Promise,0,0,['Fire'],,,,,,,,Common,
M604,M604,Mission,set_16_broken_promise,m604.webp,Set 16 Broken Promise,0,0,['Fire'],,,,,,,,Common,
M605,M605,Mission,set_16_broken_promise,m605.webp,Set 16 Broken Promise,0,0,['Fire'],,,,,,,,Common,
M606,M606,Mission,set_16_broken_promise,m606.webp,Set 16 Broken Promise,0,0,['Fire'],,,,,,,,Common,
M607,M607,Mission,set_16_broken_promise,m607.webp,Set 16 Broken Promise,0,0,['Fire'],,,,,,,,Common,
M608,M608,Mission,set_16_broken_promise,m608.webp,Set 16 Broken Promise,0,0,['Fire'],,,,,,,,Common,
M609,M609,Mission,set_16_broken_promise,m609.webp,Set 16 Broken Promise,0,0,['Fire'],,,,,,,,Common,
M610,M610,Mission,set_16_broken_promise,m610.webp,Set 16 Broken Promise,0,0,['Fire'],,,,,,,,Common,
M611,M611,Mission,set_16_broken_promise,m611.webp,Set 16 Broken Promise,0,0,['Fire'],,,,,,,,Common,
M612,M612,Mission,set_16_broken_promise,m612.webp,Set 16 Broken Promise,0,0,['Fire'],,,,,,,,Common,
M613,M613,Mission,set_16_broken_promise,m613.webp,Set 16 Broken Promise,0,0,['Fire'],,,,,,,,Common,
M614,M614,Mission,set_16_broken_promise,m614.webp,Set 16 Broken Promise,0,0,['Fire'],,,,,,,,Common,
M615,M615,Mission,set_16_broken_promise,m615.webp,Set 16 Broken Promise,0,0,['Fire'],,,,,,,,Common,
M616,M616,Mission,set_16_broken_promise,m616.webp,Set 16 Broken Promise,0,0,['Fire'],,,,,,,,Common,
M617,M617,Mission,set_16_broken_promise,m617.webp,Set 16 Broken Promise,0,0,['Fire'],,,,,,,,Common,
M618,M618,Mission,set_16_broken_promise,m618.webp,Set 16 Broken Promise,0,0,['Fire'],,,,,,,,Common,
M619,M619,Mission,set_16_broken_promise,m619.webp,Set 16 Broken Promise,0,0,['Fire'],,,,,,,,Common,
M620,M620,Mission,set_16_broken_promise,m620.webp,Set 16 Broken Promise,0,0,['Fire'],,,,,,,,Common,
N709,N709,Ninja,set_16_broken_promise,n709.webp,Set 16 Broken Promise,0,0,['Fire'],,,,,,,,Common,
N710,N710,Ninja,set_16_broken_promise,n710.webp,Set 16 Broken Promise,0,0,['Fire'],,,,,,,,Common,
N711,N711,Ninja,set_16_broken_promise,n711.webp,Set 16 Broken Promise,0,0,['Fire'],,,,,,,,Common,
N712E,N712E,Ninja,set_16_broken_promise,n712e.webp,Set 16 Broken Promise,0,0,['Fire'],,,,,,,,Common,
N713,N713,Ninja,set_16_broken_promise,n713.webp,Set 16 Broken Promise,0,0,['Fire'],,,,,,,,Common,
N714,N714,Ninja,set_16_broken_promise,n714.webp,Set 16 Broken Promise,0,0,['Fire'],,,,,,,,Common,
N715,N715,Ninja,set_16_broken_promise,n715.webp,Set 16 Broken Promise,0,0,['Fire'],,,,,,,,Common,
N716,N716,Ninja,set_16_broken_promise,n716.webp,Set 16 Broken Promise,0,0,['Fire'],,,,,,,,Common,
N717E,N717E,Ninja,set_16_broken_promise,n717e.webp,Set 16 Broken Promise,0,0,['Fire'],,,,,,,,Common,
N718,N718,Ninja,set_16_broken_promise,n718.webp,Set 16 Broken Promise,0,0,['Fire'],,,,,,,,Common,
N719,N719,Ninja,set_16_broken_promise,n719.webp,Set 16 Broken Promise,0,0,['Fire'],,,,,,,,Common,
N720,N720,Ninja,set_16_broken_promise,n720.webp,Set 16 Broken Promise,0,0,['Fire'],,,,,,,,Common,
N721,N721,Ninja,set_16_broken_promise,n721.webp,Set 16 Broken Promise,0,0,['Fire'],,,,,,,,Common,
N722,N722,Ninja,set_16_broken_promise,n722.webp,Set 16 Broken Promise,0,0,['Fire'],,,,,,,,Common,
N723,N723,Ninja,set_16_broken_promise,n723.webp,Set 16 Broken Promise,0,0,['Fire'],,,,,,,,Common,
N724,N724,Ninja,set_16_broken_promise,n724.webp,Set 16 Broken Promise,0,0,['Fire'],,,,,,,,Common,
N725,N725,Ninja,set_16_broken_promise,n725.webp,Set 16 Broken Promise,0,0,['Fire'],,,,,,,,Common,
N726,N726,Ninja,set_16_broken_promise,n726.webp,Set 16 Broken Promise,0,0,['Fire'],,,,,,,,Common,
N727,N727,Ninja,set_16_broken_promise,n727.webp,Set 16 Broken Promise,0,0,['Fire'],,,,,,,,Common,
N728,N728,Ninja,set_16_broken_promise,n728.webp,Set 16 Broken Promise,0,0,['Fire'],,,,,,,,Common,
N729,N729,Ninja,set_16_broken_promise,n729.webp,Set 16 Broken Promise,0,0,['Fire'],,,,,,,,Common,
N730,N730,Ninja,set_16_broken_promise,n730.webp,Set 16 Broken Promise,0,0,['Fire'],,,,,,,,Common,
N731,N731,Ninja,set_16_broken_promise,n731.webp,Set 16 Broken Promise,0,0,['Fire'],,,,,,,,Common,
N732,N732,Ninja,set_16_broken_promise,n732.webp,Set 16 Broken Promise,0,0,['Fire'],,,,,,,,Common,
N733,N733,Ninja,set_16_broken_promise,n733.webp,Set 16 Broken Promise,0,0,['Fire'],,,,,,,,Common,
N734,N734,Ninja,set_16_broken_promise,n734.webp,Set 16 Broken Promise,0,0,['Fire'],,,,,,,,Common,
N735,N735,Ninja,set_16_broken_promise,n735.webp,Set 16 Broken Promise,0,0,['Fire'],,,,,,,,Common,
N736,N736,Ninja,set_16_broken_promise,n736.webp,Set 16 Broken Promise,0,0,['Fire'],,,,,,,,Common,
N737,N737,Ninja,set_16_broken_promise,n737.webp,Set 16 Broken Promise,0,0,['Fire'],,,,,,,,Common,
N738,N738,Ninja,set_16_broken_promise,n738.webp,Set 16 Broken Promise,0,0,['Fire'],,,,,,,,Common,
N739,N739,Ninja,set_16_broken_promise,n739.webp,Set 16 Broken Promise,0,0,['Fire'],,,,,,,,Common,
N740,N740,Ninja,set_16_broken_promise,n740.webp,Set 16 Broken Promise,0,0,['Fire'],,,,,,,,Common,
N741,N741,Ninja,set_16_broken_promise,n741.webp,Set 16 Broken Promise,0,0,['Fire'],,,,,,,,Common,
N742,N742,Ninja,set_16_broken_promise,n742.webp,Set 16 Broken Promise,0,0,['Fire'],,,,,,,,Common,
N743,N743,Ninja,set_16_broken_promise,n743.webp,Set 16 Broken Promise,0,0,['Fire'],,,,,,,,Common,
N744,N744,Ninja,set_16_broken_promise,n744.webp,Set 16 Broken Promise,0,0,['Fire'],,,,,,,,Common,
N745,N745,Ninja,set_16_broken_promise,n745.webp,Set 16 Broken Promise,0,0,['Fire'],,,,,,,,Common,
N746,N746,Ninja,set_16_broken_promise,n746.webp,Set 16 Broken Promise,0,0,['Fire'],,,,,,,,Common,
N747,N747,Ninja,set_16_broken_promise,n747.webp,Set 16 Broken Promise,0,0,['Fire'],,,,,,,,Common,
N748,N748,Ninja,set_16_broken_promise,n748.webp,Set 16 Broken Promise,0,0,['Fire'],,,,,,,,Common,
N749,N749,Ninja,set_16_broken_promise,n749.webp,Set 16 Broken Promise,0,0,['Fire'],,,,,,,,Common,
N750,N750,Ninja,set_16_broken_promise,n750.webp,Set 16 Broken Promise,0,0,['Fire'],,,,,,,,Common,
N751,N751,Ninja,set_16_broken_promise,n751.webp,Set 16 Broken Promise,0,0,['Fire'],,,,,,,,Common,
N752,N752,Ninja,set_16_broken_promise,n752.webp,Set 16 Broken Promise,0,0,['Fire'],,,,,,,,Common,
N753,N753,Ninja,set_16_broken_promise,n753.webp,Set 16 Broken Promise,0,0,['Fire'],,,,,,,,Common,
N754,N754,Ninja,set_16_broken_promise,n754.webp,Set 16 Broken Promise,0,0,['Fire'],,,,,,,,Common,
N755,N755,Ninja,set_16_broken_promise,n755.webp,Set 16 Broken Promise,0,0,['Fire'],,,,,,,,Common,
N756,N756,Ninja,set_16_broken_promise,n756.webp,Set 16 Broken Promise,0,0,['Fire'],,,,,,,,Common,
N757,N757,Ninja,set_16_broken_promise,n757.webp,Set 16 Broken Promise,0,0,['Fire'],,,,,,,,Common,
N758,N758,Ninja,set_16_broken_promise,n758.webp,Set 16 Broken Promise,0,0,['Fire'],,,,,,,,Common,
N759,N759,Ninja,set_16_broken_promise,n759.webp,Set 16 Broken Promise,0,0,['Fire'],,,,,,,,Common,
N760,N760,Ninja,set_16_broken_promise,n760.webp,Set 16 Broken Promise,0,0,['Fire'],,,,,,,,Common,
N761,N761,Ninja,set_16_broken_promise,n761.webp,Set 16 Broken Promise,0,0,['Fire'],,,,,,,,Common,
N762,N762,Ninja,set_16_broken_promise,n762.webp,Set 16 Broken Promise,0,0,['Fire'],,,,,,,,Common,
N763,N763,Ninja,set_16_broken_promise,n763.webp,Set 16 Broken Promise,0,0,['Fire'],,,,,,,,Common,
N764,N764,Ninja,set_16_broken_promise,n764.webp,Set 16 Broken Promise,0,0,['Fire'],,,,,,,,Common,
N765E,N765E,Ninja,set_16_broken_promise,n765e.webp,Set 16 Broken Promise,0,0,['Fire'],,,,,,,,Common,
N766,N766,Ninja,set_16_broken_promise,n766.webp,Set 16 Broken Promise,0,0,['Fire'],,,,,,,,Common,
N767,N767,Ninja,set_16_broken_promise,n767.webp,Set 16 Broken Promise,0,0,['Fire'],,,,,,,,Common,
N768,N768,Ninja,set_16_broken_promise,n768.webp,Set 16 Broken Promise,0,0,['Fire'],,,,,,,,Common,
N769,N769,Ninja,set_16_broken_promise,n769.webp,Set 16 Broken Promise,0,0,['Fire'],,,,,,,,Common,
N770,N770,Ninja,set_16_broken_promise,n770.webp,Set 16 Broken Promise,0,0,['Fire'],,,,,,,,Common,
N771,N771,Ninja,set_16_broken_promise,n771.webp,Set 16 Broken Promise,0,0,['Fire'],,,,,,,,Common,
N772,N772,Ninja,set_16_broken_promise,n772.webp,Set 16 Broken Promise,0,0,['Fire'],,,,,,,,Common,
N773,N773,Ninja,set_16_broken_promise,n773.webp,Set 16 Broken Promise,0,0,['Fire'],,,,,,,,Common,
N774,N774,Ninja,set_16_broken_promise,n774.webp,Set 16 Broken Promise,0,0,['Fire'],,,,,,,,Common,
N775,N775,Ninja,set_16_broken_promise,n775.webp,Set 16 Broken Promise,0,0,['Fire'],,,,,,,,Common,
N776,N776,Ninja,set_16_broken_promise,n776.webp,Set 16 Broken Promise,0,0,['Fire'],,,,,,,,Common,
N777,N777,Ninja,set_16_broken_promise,n777.webp,Set 16 Broken Promise,0,0,['Fire'],,,,,,,,Common,
N778,N778,Ninja,set_16_broken_promise,n778.webp,Set 16 Broken Promise,0,0,['Fire'],,,,,,,,Common,
N779,N779,Ninja,set_16_broken_promise,n779.webp,Set 16 Broken Promise,0,0,['Fire'],,,,,,,,Common,
N780,N780,Ninja,set_16_broken_promise,n780.webp,Set 16 Broken Promise,0,0,['Fire'],,,,,,,,Common,
N781,N781,Ninja,set_16_broken_promise,n781.webp,Set 16 Broken Promise,0,0,['Fire'],,,,,,,,Common,
N782,N782,Ninja,set_16_broken_promise,n782.webp,Set 16 Broken Promise,0,0,['Fire'],,,,,,,,Common,
N783,N783,Ninja,set_16_broken_promise,n783.webp,Set 16 Broken Promise,0,0,['Fire'],,,,,,,,Common,
J696B,J696B,Jutsu,set_17.5_tournament_pack_1,j696b.webp,Set 17.5 Tournament Pack 1,0,0,['Fire'],,,,,,,,Common,
J697,J697,Jutsu,set_17.5_tournament_pack_1,j697.webp,Set 17.5 Tournament Pack 1,0,0,['Fire'],,,,,,,,Common,
J698,J698,Jutsu,set_17.5_tournament_pack_1,j698.webp,Set 17.5 Tournament Pack 1,0,0,['Fire'],,,,,,,,Common,
J699,J699,Jutsu,set_17.5_tournament_pack_1,j699.webp,Set 17.5 Tournament Pack 1,0,0,['Fire'],,,,,,,,Common,
J700,J700,Jutsu,set_17.5_tournament_pack_1,j700.webp,Set 17.5 Tournament Pack 1,0,0,['Fire'],,,,,,,,Common,
J701,J701,Jutsu,set_17.5_tournament_pack_1,j701.webp,Set 17.5 Tournament Pack 1,0,0,['Fire'],,,,,,,,Common,
J702,J702,Jutsu,set_17.5_tournament_pack_1,j702.webp,Set 17.5 Tournament Pack 1,0,0,['Fire'],,,,,,,,Common,
J703,J703,Jutsu,set_17.5_tournament_pack_1,j703.webp,Set 17.5 Tournament Pack 1,0,0,['Fire'],,,,,,,,Common,
J704E,J704E,Jutsu,set_17.5_tournament_pack_1,j704e.webp,Set 17.5 Tournament Pack 1,0,0,['Fire'],,,,,,,,Common,
J705,J705,Jutsu,set_17.5_tournament_pack_1,j705.webp,Set 17.5 Tournament Pack 1,0,0,['Fire'],,,,,,,,Common,
M665,M665,Mission,set_17.5_tournament_pack_1,m665.webp,Set 17.5 Tournament Pack 1,0,0,['Fire'],,,,,,,,Common,
M666,M666,Mission,set_17.5_tournament_pack_1,m666.webp,Set 17.5 Tournament Pack 1,0,0,['Fire'],,,,,,,,Common,
M667,M667,Mission,set_17.5_tournament_pack_1,m667.webp,Set 17.5 Tournament Pack 1,0,0,['Fire'],,,,,,,,Common,
M668E,M668E,Mission,set_17.5_tournament_pack_1,m668e.webp,Set 17.5 Tournament Pack 1,0,0,['Fire'],,,,,,,,Common,
M669,M669,Mission,set_17.5_tournament_pack_1,m669.webp,Set 17.5 Tournament Pack 1,0,0,['Fire'],,,,,,,,Common,
N019B,N019B,Ninja,set_17.5_tournament_pack_1,n019b.webp,Set 17.5 Tournament Pack 1,0,0,['Fire'],,,,,,,,Common,
N024BE,N024BE,Ninja,set_17.5_tournament_pack_1,n024be.webp,Set 17.5 Tournament Pack 1,0,0,['Fire'],,,,,,,,Common,
N114BE,N114BE,Ninja,set_17.5_tournament_pack_1,n114be.webp,Set 17.5 Tournament Pack 1,0,0,['Fire'],,,,,,,,Common,
N122B,N122B,Ninja,set_17.5_tournament_pack_1,n122b.webp,Set 17.5 Tournament Pack 1,0,0,['Fire'],,,,,,,,Common,
N202B,N202B,Ninja,set_17.5_tournament_pack_1,n202b.webp,Set 17.5 Tournament Pack 1,0,0,['Fire'],,,,,,,,Common,
N209B,N209B,Ninja,set_17.5_tournament_pack_1,n209b.webp,Set 17.5 Tournament Pack 1,0,0,['Fire'],,,,,,,,Common,
N333B,N333B,Ninja,set_17.5_tournament_pack_1,n333b.webp,Set 17.5 Tournament Pack 1,0,0,['Fire'],,,,,,,,Common,
N336B,N336B,Ninja,set_17.5_tournament_pack_1,n336b.webp,Set 17.5 Tournament Pack 1,0,0,['Fire'],,,,,,,,Common,
N371BAE,N371BAE,Ninja,set_17.5_tournament_pack_1,n371bae.webp,Set 17.5 Tournament Pack 1,0,0,['Fire'],,,,,,,,Common,
N382B,N382B,Ninja,set_17.5_tournament_pack_1,n382b.webp,Set 17.5 Tournament Pack 1,0,0,['Fire'],,,,,,,,Common,
N384B,N384B,Ninja,set_17.5_tournament_pack_1,n384b.webp,Set 17.5 Tournament Pack 1,0,0,['Fire'],,,,,,,,Common,
N451B,N451B,Ninja,set_17.5_tournament_pack_1,n451b.webp,Set 17.5 Tournament Pack 1,0,0,['Fire'],,,,,,,,Common,
N511B,N511B,Ninja,set_17.5_tournament_pack_1,n511b.webp,Set 17.5 Tournament Pack 1,0,0,['Fire'],,,,,,,,Common,
N547B,N547B,Ninja,set_17.5_tournament_pack_1,n547b.webp,Set 17.5 Tournament Pack 1,0,0,['Fire'],,,,,,,,Common,
N571B,N571B,Ninja,set_17.5_tournament_pack_1,n571b.webp,Set 17.5 Tournament Pack 1,0,0,['Fire'],,,,,,,,Common,
N595B,N595B,Ninja,set_17.5_tournament_pack_1,n595b.webp,Set 17.5 Tournament Pack 1,0,0,['Fire'],,,,,,,,Common,
N600B,N600B,Ninja,set_17.5_tournament_pack_1,n600b.webp,Set 17.5 Tournament Pack 1,0,0,['Fire'],,,,,,,,Common,
N622B,N622B,Ninja,set_17.5_tournament_pack_1,n622b.webp,Set 17.5 Tournament Pack 1,0,0,['Fire'],,,,,,,,Common,
N631B,N631B,Ninja,set_17.5_tournament_pack_1,n631b.webp,Set 17.5 Tournament Pack 1,0,0,['Fire'],,,,,,,,Common,
N640B,N640B,Ninja,set_17.5_tournament_pack_1,n640b.webp,Set 17.5 Tournament Pack 1,0,0,['Fire'],,,,,,,,Common,
N864,N864,Ninja,set_17.5_tournament_pack_1,n864.webp,Set 17.5 Tournament Pack 1,0,0,['Fire'],,,,,,,,Common,
N865,N865,Ninja,set_17.5_tournament_pack_1,n865.webp,Set 17.5 Tournament Pack 1,0,0,['Fire'],,,,,,,,Common,
N866,N866,Ninja,set_17.5_tournament_pack_1,n866.webp,Set 17.5 Tournament Pack 1,0,0,['Fire'],,,,,,,,Common,
N867,N867,Ninja,set_17.5_tournament_pack_1,n867.webp,Set 17.5 Tournament Pack 1,0,0,['Fire'],,,,,,,,Common,
N868,N868,Ninja,set_17.5_tournament_pack_1,n868.webp,Set 17.5 Tournament Pack 1,0,0,['Fire'],,,,,,,,Common,
N869,N869,Ninja,set_17.5_tournament_pack_1,n869.webp,Set 17.5 Tournament Pack 1,0,0,['Fire'],,,,,,,,Common,
N870,N870,Ninja,set_17.5_tournament_pack_1,n870.webp,Set 17.5 Tournament Pack 1,0,0,['Fire'],,,,,,,,Common,
N871,N871,Ninja,set_17.5_tournament_pack_1,n871.webp,Set 17.5 Tournament Pack 1,0,0,['Fire'],,,,,,,,Common,
N872,N872,Ninja,set_17.5_tournament_pack_1,n872.webp,Set 17.5 Tournament Pack 1,0,0,['Fire'],,,,,,,,Common,
N873,N873,Ninja,set_17.5_tournament_pack_1,n873.webp,Set 17.5 Tournament Pack 1,0,0,['Fire'],,,,,,,,Common,
N874,N874,Ninja,set_17.5_tournament_pack_1,n874.webp,Set 17.5 Tournament Pack 1,0,0,['Fire'],,,,,,,,Common,
N875,N875,Ninja,set_17.5_tournament_pack_1,n875.webp,Set 17.5 Tournament Pack 1,0,0,['Fire'],,,,,,,,Common,
N876,N876,Ninja,set_17.5_tournament_pack_1,n876.webp,Set 17.5 Tournament Pack 1,0,0,['Fire'],,,,,,,,Common,
N877,N877,Ninja,set_17.5_tournament_pack_1,n877.webp,Set 17.5 Tournament Pack 1,0,0,['Fire'],,,,,,,,Common,
N878,N878,Ninja,set_17.5_tournament_pack_1,n878.webp,Set 17.5 Tournament Pack 1,0,0,['Fire'],,,,,,,,Common,
N879E,N879E,Ninja,set_17.5_tournament_pack_1,n879e.webp,Set 17.5 Tournament Pack 1,0,0,['Fire'],,,,,,,,Common,
N880E,N880E,Ninja,set_17.5_tournament_pack_1,n880e.webp,Set 17.5 Tournament Pack 1,0,0,['Fire'],,,,,,,,Common,
N881,N881,Ninja,set_17.5_tournament_pack_1,n881.webp,Set 17.5 Tournament Pack 1,0,0,['Fire'],,,,,,,,Common,
N882,N882,Ninja,set_17.5_tournament_pack_1,n882.webp,Set 17.5 Tournament Pack 1,0,0,['Fire'],,,,,,,,Common,
NUS006B,NUS006B,Ninja,set_17.5_tournament_pack_1,nus006b.webp,Set 17.5 Tournament Pack 1,0,0,['Fire'],,,,,,,,Common,
NUS015B,NUS015B,Ninja,set_17.5_tournament_pack_1,nus015b.webp,Set 17.5 Tournament Pack 1,0,0,['Fire'],,,,,,,,Common,
NUS027BAE,NUS027BAE,Ninja,set_17.5_tournament_pack_1,nus027bae.webp,Set 17.5 Tournament Pack 1,0,0,['Fire'],,,,,,,,Common,
NUS035BAE,NUS035BAE,Ninja,set_17.5_tournament_pack_1,nus035bae.webp,Set 17.5 Tournament Pack 1,0,0,['Fire'],,,,,,,,Common,
NUS072B,NUS072B,Ninja,set_17.5_tournament_pack_1,nus072b.webp,Set 17.5 Tournament Pack 1,0,0,['Fire'],,,,,,,,Common,
NUS106B,NUS106B,Ninja,set_17.5_tournament_pack_1,nus106b.webp,Set 17.5 Tournament Pack 1,0,0,['Fire'],,,,,,,,Common,
C056,C056,Client,set_17_will_of_fire,c056.webp,Set 17 Will Of Fire,0,0,['Fire'],,,,,,,,Common,
C057,C057,Client,set_17_will_of_fire,c057.webp,Set 17 Will Of Fire,0,0,['Fire'],,,,,,,,Common,
C058,C058,Client,set_17_will_of_fire,c058.webp,Set 17 Will Of Fire,0,0,['Fire'],,,,,,,,Common,
C059,C059,Client,set_17_will_of_fire,c059.webp,Set 17 Will Of Fire,0,0,['Fire'],,,,,,,,Common,
J020E,J020E,Jutsu,set_17_will_of_fire,j020e.webp,Set 17 Will Of Fire,0,0,['Fire'],,,,,,,,Common,
J066,J066,Jutsu,set_17_will_of_fire,j066.webp,Set 17 Will Of Fire,0,0,['Fire'],,,,,,,,Common,
J645,J645,Jutsu,set_17_will_of_fire,j645.webp,Set 17 Will Of Fire,0,0,['Fire'],,,,,,,,Common,
J646,J646,Jutsu,set_17_will_of_fire,j646.webp,Set 17 Will Of Fire,0,0,['Fire'],,,,,,,,Common,
J647,J647,Jutsu,set_17_will_of_fire,j647.webp,Set 17 Will Of Fire,0,0,['Fire'],,,,,,,,Common,
J648,J648,Jutsu,set_17_will_of_fire,j648.webp,Set 17 Will Of Fire,0,0,['Fire'],,,,,,,,Common,
J649,J649,Jutsu,set_17_will_of_fire,j649.webp,Set 17 Will Of Fire,0,0,['Fire'],,,,,,,,Common,
J650,J650,Jutsu,set_17_will_of_fire,j650.webp,Set 17 Will Of Fire,0,0,['Fire'],,,,,,,,Common,
J651,J651,Jutsu,set_17_will_of_fire,j651.webp,Set 17 Will Of Fire,0,0,['Fire'],,,,,,,,Common,
J652,J652,Jutsu,set_17_will_of_fire,j652.webp,Set 17 Will Of Fire,0,0,['Fire'],,,,,,,,Common,
J653,J653,Jutsu,set_17_will_of_fire,j653.webp,Set 17 Will Of Fire,0,0,['Fire'],,,,,,,,Common,
J654,J654,Jutsu,set_17_will_of_fire,j654.webp,Set 17 Will Of Fire,0,0,['Fire'],,,,,,,,Common,
J655,J655,Jutsu,set_17_will_of_fire,j655.webp,Set 17 Will Of Fire,0,0,['Fire'],,,,,,,,Common,
J656,J656,Jutsu,set_17_will_of_fire,j656.webp,Set 17 Will Of Fire,0,0,['Fire'],,,,,,,,Common,
J657,J657,Jutsu,set_17_will_of_fire,j657.webp,Set 17 Will Of Fire,0,0,['Fire'],,,,,,,,Common,
J658,J658,Jutsu,set_17_will_of_fire,j658.webp,Set 17 Will Of Fire,0,0,['Fire'],,,,,,,,Common,
J659,J659,Jutsu,set_17_will_of_fire,j659.webp,Set 17 Will Of Fire,0,0,['Fire'],,,,,,,,Common,
J660,J660,Jutsu,set_17_will_of_fire,j660.webp,Set 17 Will Of Fire,0,0,['Fire'],,,,,,,,Common,
J661,J661,Jutsu,set_17_will_of_fire,j661.webp,Set 17 Will Of Fire,0,0,['Fire'],,,,,,,,Common,
J662,J662,Jutsu,set_17_will_of_fire,j662.webp,Set 17 Will Of Fire,0,0,['Fire'],,,,,,,,Common,
J663,J663,Jutsu,set_17_will_of_fire,j663.webp,Set 17 Will Of Fire,0,0,['Fire'],,,,,,,,Common,
J664,J664,Jutsu,set_17_will_of_fire,j664.webp,Set 17 Will Of Fire,0,0,['Fire'],,,,,,,,Common,
J665,J665,Jutsu,set_17_will_of_fire,j665.webp,Set 17 Will Of Fire,0,0,['Fire'],,,,,,,,Common,
J666,J666,Jutsu,set_17_will_of_fire,j666.webp,Set 17 Will Of Fire,0,0,['Fire'],,,,,,,,Common,
J667,J667,Jutsu,set_17_will_of_fire,j667.webp,Set 17 Will Of Fire,0,0,['Fire'],,,,,,,,Common,
J668,J668,Jutsu,set_17_will_of_fire,j668.webp,Set 17 Will Of Fire,0,0,['Fire'],,,,,,,,Common,
J669,J669,Jutsu,set_17_will_of_fire,j669.webp,Set 17 Will Of Fire,0,0,['Fire'],,,,,,,,Common,
J670,J670,Jutsu,set_17_will_of_fire,j670.webp,Set 17 Will Of Fire,0,0,['Fire'],,,,,,,,Common,
J671,J671,Jutsu,set_17_will_of_fire,j671.webp,Set 17 Will Of Fire,0,0,['Fire'],,,,,,,,Common,
J672,J672,Jutsu,set_17_will_of_fire,j672.webp,Set 17 Will Of Fire,0,0,['Fire'],,,,,,,,Common,
J673,J673,Jutsu,set_17_will_of_fire,j673.webp,Set 17 Will Of Fire,0,0,['Fire'],,,,,,,,Common,
J674,J674,Jutsu,set_17_will_of_fire,j674.webp,Set 17 Will Of Fire,0,0,['Fire'],,,,,,,,Common,
J675,J675,Jutsu,set_17_will_of_fire,j675.webp,Set 17 Will Of Fire,0,0,['Fire'],,,,,,,,Common,
J676,J676,Jutsu,set_17_will_of_fire,j676.webp,Set 17 Will Of Fire,0,0,['Fire'],,,,,,,,Common,
J677,J677,Jutsu,set_17_will_of_fire,j677.webp,Set 17 Will Of Fire,0,0,['Fire'],,,,,,,,Common,
J678,J678,Jutsu,set_17_will_of_fire,j678.webp,Set 17 Will Of Fire,0,0,['Fire'],,,,,,,,Common,
J679,J679,Jutsu,set_17_will_of_fire,j679.webp,Set 17 Will Of Fire,0,0,['Fire'],,,,,,,,Common,
J680,J680,Jutsu,set_17_will_of_fire,j680.webp,Set 17 Will Of Fire,0,0,['Fire'],,,,,,,,Common,
J681,J681,Jutsu,set_17_will_of_fire,j681.webp,Set 17 Will Of Fire,0,0,['Fire'],,,,,,,,Common,
J682,J682,Jutsu,set_17_will_of_fire,j682.webp,Set 17 Will Of Fire,0,0,['Fire'],,,,,,,,Common,
J683,J683,Jutsu,set_17_will_of_fire,j683.webp,Set 17 Will Of Fire,0,0,['Fire'],,,,,,,,Common,
J684,J684,Jutsu,set_17_will_of_fire,j684.webp,Set 17 Will Of Fire,0,0,['Fire'],,,,,,,,Common,
J685,J685,Jutsu,set_17_will_of_fire,j685.webp,Set 17 Will Of Fire,0,0,['Fire'],,,,,,,,Common,
J686,J686,Jutsu,set_17_will_of_fire,j686.webp,Set 17 Will Of Fire,0,0,['Fire'],,,,,,,,Common,
J687,J687,Jutsu,set_17_will_of_fire,j687.webp,Set 17 Will Of Fire,0,0,['Fire'],,,,,,,,Common,
J688,J688,Jutsu,set_17_will_of_fire,j688.webp,Set 17 Will Of Fire,0,0,['Fire'],,,,,,,,Common,
J689,J689,Jutsu,set_17_will_of_fire,j689.webp,Set 17 Will Of Fire,0,0,['Fire'],,,,,,,,Common,
J690,J690,Jutsu,set_17_will_of_fire,j690.webp,Set 17 Will Of Fire,0,0,['Fire'],,,,,,,,Common,
J691,J691,Jutsu,set_17_will_of_fire,j691.webp,Set 17 Will Of Fire,0,0,['Fire'],,,,,,,,Common,
J692,J692,Jutsu,set_17_will_of_fire,j692.webp,Set 17 Will Of Fire,0,0,['Fire'],,,,,,,,Common,
J693,J693,Jutsu,set_17_will_of_fire,j693.webp,Set 17 Will Of Fire,0,0,['Fire'],,,,,,,,Common,
J694,J694,Jutsu,set_17_will_of_fire,j694.webp,Set 17 Will Of Fire,0,0,['Fire'],,,,,,,,Common,
J695E,J695E,Jutsu,set_17_will_of_fire,j695e.webp,Set 17 Will Of Fire,0,0,['Fire'],,,,,,,,Common,
J696A,J696A,Jutsu,set_17_will_of_fire,j696a.webp,Set 17 Will Of Fire,0,0,['Fire'],,,,,,,,Common,
JUS059,JUS059,Jutsu,set_17_will_of_fire,jus059.webp,Set 17 Will Of Fire,0,0,['Fire'],,,,,,,,Common,
M391,M391,Mission,set_17_will_of_fire,m391.webp,Set 17 Will Of Fire,0,0,['Fire'],,,,,,,,Common,
M585,M585,Mission,set_17_will_of_fire,m585.webp,Set 17 Will Of Fire,0,0,['Fire'],,,,,,,,Common,
M624,M624,Mission,set_17_will_of_fire,m624.webp,Set 17 Will Of Fire,0,0,['Fire'],,,,,,,,Common,
M625,M625,Mission,set_17_will_of_fire,m625.webp,Set 17 Will Of Fire,0,0,['Fire'],,,,,,,,Common,
M626E,M626E,Mission,set_17_will_of_fire,m626e.webp,Set 17 Will Of Fire,0,0,['Fire'],,,,,,,,Common,
M627,M627,Mission,set_17_will_of_fire,m627.webp,Set 17 Will Of Fire,0,0,['Fire'],,,,,,,,Common,
M628,M628,Mission,set_17_will_of_fire,m628.webp,Set 17 Will Of Fire,0,0,['Fire'],,,,,,,,Common,
M629,M629,Mission,set_17_will_of_fire,m629.webp,Set 17 Will Of Fire,0,0,['Fire'],,,,,,,,Common,
M630,M630,Mission,set_17_will_of_fire,m630.webp,Set 17 Will Of Fire,0,0,['Fire'],,,,,,,,Common,
M631,M631,Mission,set_17_will_of_fire,m631.webp,Set 17 Will Of Fire,0,0,['Fire'],,,,,,,,Common,
M632,M632,Mission,set_17_will_of_fire,m632.webp,Set 17 Will Of Fire,0,0,['Fire'],,,,,,,,Common,
M633,M633,Mission,set_17_will_of_fire,m633.webp,Set 17 Will Of Fire,0,0,['Fire'],,,,,,,,Common,
M634,M634,Mission,set_17_will_of_fire,m634.webp,Set 17 Will Of Fire,0,0,['Fire'],,,,,,,,Common,
M635,M635,Mission,set_17_will_of_fire,m635.webp,Set 17 Will Of Fire,0,0,['Fire'],,,,,,,,Common,
M636E,M636E,Mission,set_17_will_of_fire,m636e.webp,Set 17 Will Of Fire,0,0,['Fire'],,,,,,,,Common,
M637,M637,Mission,set_17_will_of_fire,m637.webp,Set 17 Will Of Fire,0,0,['Fire'],,,,,,,,Common,
M638,M638,Mission,set_17_will_of_fire,m638.webp,Set 17 Will Of Fire,0,0,['Fire'],,,,,,,,Common,
M639,M639,Mission,set_17_will_of_fire,m639.webp,Set 17 Will Of Fire,0,0,['Fire'],,,,,,,,Common,
M640,M640,Mission,set_17_will_of_fire,m640.webp,Set 17 Will Of Fire,0,0,['Fire'],,,,,,,,Common,
M641,M641,Mission,set_17_will_of_fire,m641.webp,Set 17 Will Of Fire,0,0,['Fire'],,,,,,,,Common,
M642,M642,Mission,set_17_will_of_fire,m642.webp,Set 17 Will Of Fire,0,0,['Fire'],,,,,,,,Common,
M643,M643,Mission,set_17_will_of_fire,m643.webp,Set 17 Will Of Fire,0,0,['Fire'],,,,,,,,Common,
M644,M644,Mission,set_17_will_of_fire,m644.webp,Set 17 Will Of Fire,0,0,['Fire'],,,,,,,,Common,
M645,M645,Mission,set_17_will_of_fire,m645.webp,Set 17 Will Of Fire,0,0,['Fire'],,,,,,,,Common,
M646,M646,Mission,set_17_will_of_fire,m646.webp,Set 17 Will Of Fire,0,0,['Fire'],,,,,,,,Common,
M647,M647,Mission,set_17_will_of_fire,m647.webp,Set 17 Will Of Fire,0,0,['Fire'],,,,,,,,Common,
M648,M648,Mission,set_17_will_of_fire,m648.webp,Set 17 Will Of Fire,0,0,['Fire'],,,,,,,,Common,
M649,M649,Mission,set_17_will_of_fire,m649.webp,Set 17 Will Of Fire,0,0,['Fire'],,,,,,,,Common,
M650,M650,Mission,set_17_will_of_fire,m650.webp,Set 17 Will Of Fire,0,0,['Fire'],,,,,,,,Common,
M651,M651,Mission,set_17_will_of_fire,m651.webp,Set 17 Will Of Fire,0,0,['Fire'],,,,,,,,Common,
M652E,M652E,Mission,set_17_will_of_fire,m652e.webp,Set 17 Will Of Fire,0,0,['Fire'],,,,,,,,Common,
M653,M653,Mission,set_17_will_of_fire,m653.webp,Set 17 Will Of Fire,0,0,['Fire'],,,,,,,,Common,
M654,M654,Mission,set_17_will_of_fire,m654.webp,Set 17 Will Of Fire,0,0,['Fire'],,,,,,,,Common,
M655,M655,Mission,set_17_will_of_fire,m655.webp,Set 17 Will Of Fire,0,0,['Fire'],,,,,,,,Common,
M656,M656,Mission,set_17_will_of_fire,m656.webp,Set 17 Will Of Fire,0,0,['Fire'],,,,,,,,Common,
M657,M657,Mission,set_17_will_of_fire,m657.webp,Set 17 Will Of Fire,0,0,['Fire'],,,,,,,,Common,
M658,M658,Mission,set_17_will_of_fire,m658.webp,Set 17 Will Of Fire,0,0,['Fire'],,,,,,,,Common,
M659,M659,Mission,set_17_will_of_fire,m659.webp,Set 17 Will Of Fire,0,0,['Fire'],,,,,,,,Common,
M660,M660,Mission,set_17_will_of_fire,m660.webp,Set 17 Will Of Fire,0,0,['Fire'],,,,,,,,Common,
M661E,M661E,Mission,set_17_will_of_fire,m661e.webp,Set 17 Will Of Fire,0,0,['Fire'],,,,,,,,Common,
M662,M662,Mission,set_17_will_of_fire,m662.webp,Set 17 Will Of Fire,0,0,['Fire'],,,,,,,,Common,
M663E,M663E,Mission,set_17_will_of_fire,m663e.webp,Set 17 Will Of Fire,0,0,['Fire'],,,,,,,,Common,
M664,M664,Mission,set_17_will_of_fire,m664.webp,Set 17 Will Of Fire,0,0,['Fire'],,,,,,,,Common,
N005,N005,Ninja,set_17_will_of_fire,n005.webp,Set 17 Will Of Fire,0,0,['Fire'],,,,,,,,Common,
N038E,N038E,Ninja,set_17_will_of_fire,n038e.webp,Set 17 Will Of Fire,0,0,['Fire'],,,,,,,,Common,
N074,N074,Ninja,set_17_will_of_fire,n074.webp,Set 17 Will Of Fire,0,0,['Fire'],,,,,,,,Common,
N187,N187,Ninja,set_17_will_of_fire,n187.webp,Set 17 Will Of Fire,0,0,['Fire'],,,,,,,,Common,
N242,N242,Ninja,set_17_will_of_fire,n242.webp,Set 17 Will Of Fire,0,0,['Fire'],,,,,,,,Common,
N332,N332,Ninja,set_17_will_of_fire,n332.webp,Set 17 Will Of Fire,0,0,['Fire'],,,,,,,,Common,
N430,N430,Ninja,set_17_will_of_fire,n430.webp,Set 17 Will Of Fire,0,0,['Fire'],,,,,,,,Common,
N431,N431,Ninja,set_17_will_of_fire,n431.webp,Set 17 Will Of Fire,0,0,['Fire'],,,,,,,,Common,
N436,N436,Ninja,set_17_will_of_fire,n436.webp,Set 17 Will Of Fire,0,0,['Fire'],,,,,,,,Common,
N437,N437,Ninja,set_17_will_of_fire,n437.webp,Set 17 Will Of Fire,0,0,['Fire'],,,,,,,,Common,
N438,N438,Ninja,set_17_will_of_fire,n438.webp,Set 17 Will Of Fire,0,0,['Fire'],,,,,,,,Common,
N493,N493,Ninja,set_17_will_of_fire,n493.webp,Set 17 Will Of Fire,0,0,['Fire'],,,,,,,,Common,
N657,N657,Ninja,set_17_will_of_fire,n657.webp,Set 17 Will Of Fire,0,0,['Fire'],,,,,,,,Common,
N784,N784,Ninja,set_17_will_of_fire,n784.webp,Set 17 Will Of Fire,0,0,['Fire'],,,,,,,,Common,
N785,N785,Ninja,set_17_will_of_fire,n785.webp,Set 17 Will Of Fire,0,0,['Fire'],,,,,,,,Common,
N786,N786,Ninja,set_17_will_of_fire,n786.webp,Set 17 Will Of Fire,0,0,['Fire'],,,,,,,,Common,
N787,N787,Ninja,set_17_will_of_fire,n787.webp,Set 17 Will Of Fire,0,0,['Fire'],,,,,,,,Common,
N788E,N788E,Ninja,set_17_will_of_fire,n788e.webp,Set 17 Will Of Fire,0,0,['Fire'],,,,,,,,Common,
N789,N789,Ninja,set_17_will_of_fire,n789.webp,Set 17 Will Of Fire,0,0,['Fire'],,,,,,,,Common,
N790,N790,Ninja,set_17_will_of_fire,n790.webp,Set 17 Will Of Fire,0,0,['Fire'],,,,,,,,Common,
N791,N791,Ninja,set_17_will_of_fire,n791.webp,Set 17 Will Of Fire,0,0,['Fire'],,,,,,,,Common,
N792,N792,Ninja,set_17_will_of_fire,n792.webp,Set 17 Will Of Fire,0,0,['Fire'],,,,,,,,Common,
N793,N793,Ninja,set_17_will_of_fire,n793.webp,Set 17 Will Of Fire,0,0,['Fire'],,,,,,,,Common,
N794,N794,Ninja,set_17_will_of_fire,n794.webp,Set 17 Will Of Fire,0,0,['Fire'],,,,,,,,Common,
N795,N795,Ninja,set_17_will_of_fire,n795.webp,Set 17 Will Of Fire,0,0,['Fire'],,,,,,,,Common,
N796,N796,Ninja,set_17_will_of_fire,n796.webp,Set 17 Will Of Fire,0,0,['Fire'],,,,,,,,Common,
N797,N797,Ninja,set_17_will_of_fire,n797.webp,Set 17 Will Of Fire,0,0,['Fire'],,,,,,,,Common,
N798E,N798E,Ninja,set_17_will_of_fire,n798e.webp,Set 17 Will Of Fire,0,0,['Fire'],,,,,,,,Common,
N799,N799,Ninja,set_17_will_of_fire,n799.webp,Set 17 Will Of Fire,0,0,['Fire'],,,,,,,,Common,
N800,N800,Ninja,set_17_will_of_fire,n800.webp,Set 17 Will Of Fire,0,0,['Fire'],,,,,,,,Common,
N801,N801,Ninja,set_17_will_of_fire,n801.webp,Set 17 Will Of Fire,0,0,['Fire'],,,,,,,,Common,
N802,N802,Ninja,set_17_will_of_fire,n802.webp,Set 17 Will Of Fire,0,0,['Fire'],,,,,,,,Common,
N803,N803,Ninja,set_17_will_of_fire,n803.webp,Set 17 Will Of Fire,0,0,['Fire'],,,,,,,,Common,
N804,N804,Ninja,set_17_will_of_fire,n804.webp,Set 17 Will Of Fire,0,0,['Fire'],,,,,,,,Common,
N805,N805,Ninja,set_17_will_of_fire,n805.webp,Set 17 Will Of Fire,0,0,['Fire'],,,,,,,,Common,
N806,N806,Ninja,set_17_will_of_fire,n806.webp,Set 17 Will Of Fire,0,0,['Fire'],,,,,,,,Common,
N807,N807,Ninja,set_17_will_of_fire,n807.webp,Set 17 Will Of Fire,0,0,['Fire'],,,,,,,,Common,
N808,N808,Ninja,set_17_will_of_fire,n808.webp,Set 17 Will Of Fire,0,0,['Fire'],,,,,,,,Common,
N809,N809,Ninja,set_17_will_of_fire,n809.webp,Set 17 Will Of Fire,0,0,['Fire'],,,,,,,,Common,
N810,N810,Ninja,set_17_will_of_fire,n810.webp,Set 17 Will Of Fire,0,0,['Fire'],,,,,,,,Common,
N811,N811,Ninja,set_17_will_of_fire,n811.webp,Set 17 Will Of Fire,0,0,['Fire'],,,,,,,,Common,
N812,N812,Ninja,set_17_will_of_fire,n812.webp,Set 17 Will Of Fire,0,0,['Fire'],,,,,,,,Common,
N813,N813,Ninja,set_17_will_of_fire,n813.webp,Set 17 Will Of Fire,0,0,['Fire'],,,,,,,,Common,
N814,N814,Ninja,set_17_will_of_fire,n814.webp,Set 17 Will Of Fire,0,0,['Fire'],,,,,,,,Common,
N815E,N815E,Ninja,set_17_will_of_fire,n815e.webp,Set 17 Will Of Fire,0,0,['Fire'],,,,,,,,Common,
N816,N816,Ninja,set_17_will_of_fire,n816.webp,Set 17 Will Of Fire,0,0,['Fire'],,,,,,,,Common,
N817,N817,Ninja,set_17_will_of_fire,n817.webp,Set 17 Will Of Fire,0,0,['Fire'],,,,,,,,Common,
N818,N818,Ninja,set_17_will_of_fire,n818.webp,Set 17 Will Of Fire,0,0,['Fire'],,,,,,,,Common,
N819,N819,Ninja,set_17_will_of_fire,n819.webp,Set 17 Will Of Fire,0,0,['Fire'],,,,,,,,Common,
N820,N820,Ninja,set_17_will_of_fire,n820.webp,Set 17 Will Of Fire,0,0,['Fire'],,,,,,,,Common,
N821,N821,Ninja,set_17_will_of_fire,n821.webp,Set 17 Will Of Fire,0,0,['Fire'],,,,,,,,Common,
N822,N822,Ninja,set_17_will_of_fire,n822.webp,Set 17 Will Of Fire,0,0,['Fire'],,,,,,,,Common,
N823,N823,Ninja,set_17_will_of_fire,n823.webp,Set 17 Will Of Fire,0,0,['Fire'],,,,,,,,Common,
N824,N824,Ninja,set_17_will_of_fire,n824.webp,Set 17 Will Of Fire,0,0,['Fire'],,,,,,,,Common,
N825,N825,Ninja,set_17_will_of_fire,n825.webp,Set 17 Will Of Fire,0,0,['Fire'],,,,,,,,Common,
N826,N826,Ninja,set_17_will_of_fire,n826.webp,Set 17 Will Of Fire,0,0,['Fire'],,,,,,,,Common,
N827,N827,Ninja,set_17_will_of_fire,n827.webp,Set 17 Will Of Fire,0,0,['Fire'],,,,,,,,Common,
N828,N828,Ninja,set_17_will_of_fire,n828.webp,Set 17 Will Of Fire,0,0,['Fire'],,,,,,,,Common,
N829,N829,Ninja,set_17_will_of_fire,n829.webp,Set 17 Will Of Fire,0,0,['Fire'],,,,,,,,Common,
N830,N830,Ninja,set_17_will_of_fire,n830.webp,Set 17 Will Of Fire,0,0,['Fire'],,,,,,,,Common,
N831,N831,Ninja,set_17_will_of_fire,n831.webp,Set 17 Will Of Fire,0,0,['Fire'],,,,,,,,Common,
N832,N832,Ninja,set_17_will_of_fire,n832.webp,Set 17 Will Of Fire,0,0,['Fire'],,,,,,,,Common,
N833E,N833E,Ninja,set_17_will_of_fire,n833e.webp,Set 17 Will Of Fire,0,0,['Fire'],,,,,,,,Common,
N834,N834,Ninja,set_17_will_of_fire,n834.webp,Set 17 Will Of Fire,0,0,['Fire'],,,,,,,,Common,
N835,N835,Ninja,set_17_will_of_fire,n835.webp,Set 17 Will Of Fire,0,0,['Fire'],,,,,,,,Common,
N836,N836,Ninja,set_17_will_of_fire,n836.webp,Set 17 Will Of Fire,0,0,['Fire'],,,,,,,,Common,
N837,N837,Ninja,set_17_will_of_fire,n837.webp,Set 17 Will Of Fire,0,0,['Fire'],,,,,,,,Common,
N838,N838,Ninja,set_17_will_of_fire,n838.webp,Set 17 Will Of Fire,0,0,['Fire'],,,,,,,,Common,
N839,N839,Ninja,set_17_will_of_fire,n839.webp,Set 17 Will Of Fire,0,0,['Fire'],,,,,,,,Common,
N840,N840,Ninja,set_17_will_of_fire,n840.webp,Set 17 Will Of Fire,0,0,['Fire'],,,,,,,,Common,
N841,N841,Ninja,set_17_will_of_fire,n841.webp,Set 17 Will Of Fire,0,0,['Fire'],,,,,,,,Common,
N842,N842,Ninja,set_17_will_of_fire,n842.webp,Set 17 Will Of Fire,0,0,['Fire'],,,,,,,,Common,
N843,N843,Ninja,set_17_will_of_fire,n843.webp,Set 17 Will Of Fire,0,0,['Fire'],,,,,,,,Common,
N844,N844,Ninja,set_17_will_of_fire,n844.webp,Set 17 Will Of Fire,0,0,['Fire'],,,,,,,,Common,
N845,N845,Ninja,set_17_will_of_fire,n845.webp,Set 17 Will Of Fire,0,0,['Fire'],,,,,,,,Common,
N846,N846,Ninja,set_17_will_of_fire,n846.webp,Set 17 Will Of Fire,0,0,['Fire'],,,,,,,,Common,
N847,N847,Ninja,set_17_will_of_fire,n847.webp,Set 17 Will Of Fire,0,0,['Fire'],,,,,,,,Common,
N848,N848,Ninja,set_17_will_of_fire,n848.webp,Set 17 Will Of Fire,0,0,['Fire'],,,,,,,,Common,
N849E,N849E,Ninja,set_17_will_of_fire,n849e.webp,Set 17 Will Of Fire,0,0,['Fire'],,,,,,,,Common,
N850,N850,Ninja,set_17_will_of_fire,n850.webp,Set 17 Will Of Fire,0,0,['Fire'],,,,,,,,Common,
N851,N851,Ninja,set_17_will_of_fire,n851.webp,Set 17 Will Of Fire,0,0,['Fire'],,,,,,,,Common,
N852,N852,Ninja,set_17_will_of_fire,n852.webp,Set 17 Will Of Fire,0,0,['Fire'],,,,,,,,Common,
N853,N853,Ninja,set_17_will_of_fire,n853.webp,Set 17 Will Of Fire,0,0,['Fire'],,,,,,,,Common,
N854,N854,Ninja,set_17_will_of_fire,n854.webp,Set 17 Will Of Fire,0,0,['Fire'],,,,,,,,Common,
N855,N855,Ninja,set_17_will_of_fire,n855.webp,Set 17 Will Of Fire,0,0,['Fire'],,,,,,,,Common,
N856,N856,Ninja,set_17_will_of_fire,n856.webp,Set 17 Will Of Fire,0,0,['Fire'],,,,,,,,Common,
N857,N857,Ninja,set_17_will_of_fire,n857.webp,Set 17 Will Of Fire,0,0,['Fire'],,,,,,,,Common,
N858,N858,Ninja,set_17_will_of_fire,n858.webp,Set 17 Will Of Fire,0,0,['Fire'],,,,,,,,Common,
N859,N859,Ninja,set_17_will_of_fire,n859.webp,Set 17 Will Of Fire,0,0,['Fire'],,,,,,,,Common,
N860,N860,Ninja,set_17_will_of_fire,n860.webp,Set 17 Will Of Fire,0,0,['Fire'],,,,,,,,Common,
N861,N861,Ninja,set_17_will_of_fire,n861.webp,Set 17 Will Of Fire,0,0,['Fire'],,,,,,,,Common,
N862E,N862E,Ninja,set_17_will_of_fire,n862e.webp,Set 17 Will Of Fire,0,0,['Fire'],,,,,,,,Common,
N863,N863,Ninja,set_17_will_of_fire,n863.webp,Set 17 Will Of Fire,0,0,['Fire'],,,,,,,,Common,
NUS004,NUS004,Ninja,set_17_will_of_fire,nus004.webp,Set 17 Will Of Fire,0,0,['Fire'],,,,,,,,Common,
NUS069,NUS069,Ninja,set_17_will_of_fire,nus069.webp,Set 17 Will Of Fire,0,0,['Fire'],,,,,,,,Common,
NUS121,NUS121,Ninja,set_17_will_of_fire,nus121.webp,Set 17 Will Of Fire,0,0,['Fire'],,,,,,,,Common,
J706,J706,Jutsu,set_18_fangs_of_the_snake,j706.webp,Set 18 Fangs Of The Snake,0,0,['Fire'],,,,,,,,Common,
J707,J707,Jutsu,set_18_fangs_of_the_snake,j707.webp,Set 18 Fangs Of The Snake,0,0,['Fire'],,,,,,,,Common,
J708,J708,Jutsu,set_18_fangs_of_the_snake,j708.webp,Set 18 Fangs Of The Snake,0,0,['Fire'],,,,,,,,Common,
J709,J709,Jutsu,set_18_fangs_of_the_snake,j709.webp,Set 18 Fangs Of The Snake,0,0,['Fire'],,,,,,,,Common,
J710,J710,Jutsu,set_18_fangs_of_the_snake,j710.webp,Set 18 Fangs Of The Snake,0,0,['Fire'],,,,,,,,Common,
J711,J711,Jutsu,set_18_fangs_of_the_snake,j711.webp,Set 18 Fangs Of The Snake,0,0,['Fire'],,,,,,,,Common,
J712,J712,Jutsu,set_18_fangs_of_the_snake,j712.webp,Set 18 Fangs Of The Snake,0,0,['Fire'],,,,,,,,Common,
J713,J713,Jutsu,set_18_fangs_of_the_snake,j713.webp,Set 18 Fangs Of The Snake,0,0,['Fire'],,,,,,,,Common,
J714,J714,Jutsu,set_18_fangs_of_the_snake,j714.webp,Set 18 Fangs Of The Snake,0,0,['Fire'],,,,,,,,Common,
J715,J715,Jutsu,set_18_fangs_of_the_snake,j715.webp,Set 18 Fangs Of The Snake,0,0,['Fire'],,,,,,,,Common,
J716,J716,Jutsu,set_18_fangs_of_the_snake,j716.webp,Set 18 Fangs Of The Snake,0,0,['Fire'],,,,,,,,Common,
J717,J717,Jutsu,set_18_fangs_of_the_snake,j717.webp,Set 18 Fangs Of The Snake,0,0,['Fire'],,,,,,,,Common,
J718,J718,Jutsu,set_18_fangs_of_the_snake,j718.webp,Set 18 Fangs Of The Snake,0,0,['Fire'],,,,,,,,Common,
J719,J719,Jutsu,set_18_fangs_of_the_snake,j719.webp,Set 18 Fangs Of The Snake,0,0,['Fire'],,,,,,,,Common,
J720,J720,Jutsu,set_18_fangs_of_the_snake,j720.webp,Set 18 Fangs Of The Snake,0,0,['Fire'],,,,,,,,Common,
J721,J721,Jutsu,set_18_fangs_of_the_snake,j721.webp,Set 18 Fangs Of The Snake,0,0,['Fire'],,,,,,,,Common,
J722,J722,Jutsu,set_18_fangs_of_the_snake,j722.webp,Set 18 Fangs Of The Snake,0,0,['Fire'],,,,,,,,Common,
J723,J723,Jutsu,set_18_fangs_of_the_snake,j723.webp,Set 18 Fangs Of The Snake,0,0,['Fire'],,,,,,,,Common,
J724,J724,Jutsu,set_18_fangs_of_the_snake,j724.webp,Set 18 Fangs Of The Snake,0,0,['Fire'],,,,,,,,Common,
J725,J725,Jutsu,set_18_fangs_of_the_snake,j725.webp,Set 18 Fangs Of The Snake,0,0,['Fire'],,,,,,,,Common,
J726,J726,Jutsu,set_18_fangs_of_the_snake,j726.webp,Set 18 Fangs Of The Snake,0,0,['Fire'],,,,,,,,Common,
J727E,J727E,Jutsu,set_18_fangs_of_the_snake,j727e.webp,Set 18 Fangs Of The Snake,0,0,['Fire'],,,,,,,,Common,
J728,J728,Jutsu,set_18_fangs_of_the_snake,j728.webp,Set 18 Fangs Of The Snake,0,0,['Fire'],,,,,,,,Common,
J729,J729,Jutsu,set_18_fangs_of_the_snake,j729.webp,Set 18 Fangs Of The Snake,0,0,['Fire'],,,,,,,,Common,
J730,J730,Jutsu,set_18_fangs_of_the_snake,j730.webp,Set 18 Fangs Of The Snake,0,0,['Fire'],,,,,,,,Common,
J731,J731,Jutsu,set_18_fangs_of_the_snake,j731.webp,Set 18 Fangs Of The Snake,0,0,['Fire'],,,,,,,,Common,
J732,J732,Jutsu,set_18_fangs_of_the_snake,j732.webp,Set 18 Fangs Of The Snake,0,0,['Fire'],,,,,,,,Common,
J733,J733,Jutsu,set_18_fangs_of_the_snake,j733.webp,Set 18 Fangs Of The Snake,0,0,['Fire'],,,,,,,,Common,
J734,J734,Jutsu,set_18_fangs_of_the_snake,j734.webp,Set 18 Fangs Of The Snake,0,0,['Fire'],,,,,,,,Common,
J735,J735,Jutsu,set_18_fangs_of_the_snake,j735.webp,Set 18 Fangs Of The Snake,0,0,['Fire'],,,,,,,,Common,
J736,J736,Jutsu,set_18_fangs_of_the_snake,j736.webp,Set 18 Fangs Of The Snake,0,0,['Fire'],,,,,,,,Common,
J737,J737,Jutsu,set_18_fangs_of_the_snake,j737.webp,Set 18 Fangs Of The Snake,0,0,['Fire'],,,,,,,,Common,
J738,J738,Jutsu,set_18_fangs_of_the_snake,j738.webp,Set 18 Fangs Of The Snake,0,0,['Fire'],,,,,,,,Common,
J739,J739,Jutsu,set_18_fangs_of_the_snake,j739.webp,Set 18 Fangs Of The Snake,0,0,['Fire'],,,,,,,,Common,
J740,J740,Jutsu,set_18_fangs_of_the_snake,j740.webp,Set 18 Fangs Of The Snake,0,0,['Fire'],,,,,,,,Common,
J741,J741,Jutsu,set_18_fangs_of_the_snake,j741.webp,Set 18 Fangs Of The Snake,0,0,['Fire'],,,,,,,,Common,
J742,J742,Jutsu,set_18_fangs_of_the_snake,j742.webp,Set 18 Fangs Of The Snake,0,0,['Fire'],,,,,,,,Common,
M670,M670,Mission,set_18_fangs_of_the_snake,m670.webp,Set 18 Fangs Of The Snake,0,0,['Fire'],,,,,,,,Common,
M671,M671,Mission,set_18_fangs_of_the_snake,m671.webp,Set 18 Fangs Of The Snake,0,0,['Fire'],,,,,,,,Common,
M672,M672,Mission,set_18_fangs_of_the_snake,m672.webp,Set 18 Fangs Of The Snake,0,0,['Fire'],,,,,,,,Common,
M673,M673,Mission,set_18_fangs_of_the_snake,m673.webp,Set 18 Fangs Of The Snake,0,0,['Fire'],,,,,,,,Common,
M674,M674,Mission,set_18_fangs_of_the_snake,m674.webp,Set 18 Fangs Of The Snake,0,0,['Fire'],,,,,,,,Common,
M675,M675,Mission,set_18_fangs_of_the_snake,m675.webp,Set 18 Fangs Of The Snake,0,0,['Fire'],,,,,,,,Common,
M676,M676,Mission,set_18_fangs_of_the_snake,m676.webp,Set 18 Fangs Of The Snake,0,0,['Fire'],,,,,,,,Common,
M677,M677,Mission,set_18_fangs_of_the_snake,m677.webp,Set 18 Fangs Of The Snake,0,0,['Fire'],,,,,,,,Common,
M678,M678,Mission,set_18_fangs_of_the_snake,m678.webp,Set 18 Fangs Of The Snake,0,0,['Fire'],,,,,,,,Common,
M679,M679,Mission,set_18_fangs_of_the_snake,m679.webp,Set 18 Fangs Of The Snake,0,0,['Fire'],,,,,,,,Common,
M680,M680,Mission,set_18_fangs_of_the_snake,m680.webp,Set 18 Fangs Of The Snake,0,0,['Fire'],,,,,,,,Common,
M681,M681,Mission,set_18_fangs_of_the_snake,m681.webp,Set 18 Fangs Of The Snake,0,0,['Fire'],,,,,,,,Common,
M682,M682,Mission,set_18_fangs_of_the_snake,m682.webp,Set 18 Fangs Of The Snake,0,0,['Fire'],,,,,,,,Common,
M683,M683,Mission,set_18_fangs_of_the_snake,m683.webp,Set 18 Fangs Of The Snake,0,0,['Fire'],,,,,,,,Common,
M684,M684,Mission,set_18_fangs_of_the_snake,m684.webp,Set 18 Fangs Of The Snake,0,0,['Fire'],,,,,,,,Common,
M685,M685,Mission,set_18_fangs_of_the_snake,m685.webp,Set 18 Fangs Of The Snake,0,0,['Fire'],,,,,,,,Common,
M686,M686,Mission,set_18_fangs_of_the_snake,m686.webp,Set 18 Fangs Of The Snake,0,0,['Fire'],,,,,,,,Common,
M687,M687,Mission,set_18_fangs_of_the_snake,m687.webp,Set 18 Fangs Of The Snake,0,0,['Fire'],,,,,,,,Common,
M688,M688,Mission,set_18_fangs_of_the_snake,m688.webp,Set 18 Fangs Of The Snake,0,0,['Fire'],,,,,,,,Common,
M689,M689,Mission,set_18_fangs_of_the_snake,m689.webp,Set 18 Fangs Of The Snake,0,0,['Fire'],,,,,,,,Common,
M690,M690,Mission,set_18_fangs_of_the_snake,m690.webp,Set 18 Fangs Of The Snake,0,0,['Fire'],,,,,,,,Common,
M691,M691,Mission,set_18_fangs_of_the_snake,m691.webp,Set 18 Fangs Of The Snake,0,0,['Fire'],,,,,,,,Common,
M692,M692,Mission,set_18_fangs_of_the_snake,m692.webp,Set 18 Fangs Of The Snake,0,0,['Fire'],,,,,,,,Common,
M693,M693,Mission,set_18_fangs_of_the_snake,m693.webp,Set 18 Fangs Of The Snake,0,0,['Fire'],,,,,,,,Common,
M694E,M694E,Mission,set_18_fangs_of_the_snake,m694e.webp,Set 18 Fangs Of The Snake,0,0,['Fire'],,,,,,,,Common,
M695,M695,Mission,set_18_fangs_of_the_snake,m695.webp,Set 18 Fangs Of The Snake,0,0,['Fire'],,,,,,,,Common,
M696,M696,Mission,set_18_fangs_of_the_snake,m696.webp,Set 18 Fangs Of The Snake,0,0,['Fire'],,,,,,,,Common,
M697,M697,Mission,set_18_fangs_of_the_snake,m697.webp,Set 18 Fangs Of The Snake,0,0,['Fire'],,,,,,,,Common,
M698,M698,Mission,set_18_fangs_of_the_snake,m698.webp,Set 18 Fangs Of The Snake,0,0,['Fire'],,,,,,,,Common,
N883,N883,Ninja,set_18_fangs_of_the_snake,n883.webp,Set 18 Fangs Of The Snake,0,0,['Fire'],,,,,,,,Common,
N884,N884,Ninja,set_18_fangs_of_the_snake,n884.webp,Set 18 Fangs Of The Snake,0,0,['Fire'],,,,,,,,Common,
N885,N885,Ninja,set_18_fangs_of_the_snake,n885.webp,Set 18 Fangs Of The Snake,0,0,['Fire'],,,,,,,,Common,
N886,N886,Ninja,set_18_fangs_of_the_snake,n886.webp,Set 18 Fangs Of The Snake,0,0,['Fire'],,,,,,,,Common,
N887,N887,Ninja,set_18_fangs_of_the_snake,n887.webp,Set 18 Fangs Of The Snake,0,0,['Fire'],,,,,,,,Common,
N888,N888,Ninja,set_18_fangs_of_the_snake,n888.webp,Set 18 Fangs Of The Snake,0,0,['Fire'],,,,,,,,Common,
N889,N889,Ninja,set_18_fangs_of_the_snake,n889.webp,Set 18 Fangs Of The Snake,0,0,['Fire'],,,,,,,,Common,
N890,N890,Ninja,set_18_fangs_of_the_snake,n890.webp,Set 18 Fangs Of The Snake,0,0,['Fire'],,,,,,,,Common,
N891,N891,Ninja,set_18_fangs_of_the_snake,n891.webp,Set 18 Fangs Of The Snake,0,0,['Fire'],,,,,,,,Common,
N892,N892,Ninja,set_18_fangs_of_the_snake,n892.webp,Set 18 Fangs Of The Snake,0,0,['Fire'],,,,,,,,Common,
N893,N893,Ninja,set_18_fangs_of_the_snake,n893.webp,Set 18 Fangs Of The Snake,0,0,['Fire'],,,,,,,,Common,
N894,N894,Ninja,set_18_fangs_of_the_snake,n894.webp,Set 18 Fangs Of The Snake,0,0,['Fire'],,,,,,,,Common,
N895,N895,Ninja,set_18_fangs_of_the_snake,n895.webp,Set 18 Fangs Of The Snake,0,0,['Fire'],,,,,,,,Common,
N896,N896,Ninja,set_18_fangs_of_the_snake,n896.webp,Set 18 Fangs Of The Snake,0,0,['Fire'],,,,,,,,Common,
N897E,N897E,Ninja,set_18_fangs_of_the_snake,n897e.webp,Set 18 Fangs Of The Snake,0,0,['Fire'],,,,,,,,Common,
N898,N898,Ninja,set_18_fangs_of_the_snake,n898.webp,Set 18 Fangs Of The Snake,0,0,['Fire'],,,,,,,,Common,
N899E,N899E,Ninja,set_18_fangs_of_the_snake,n899e.webp,Set 18 Fangs Of The Snake,0,0,['Fire'],,,,,,,,Common,
N900,N900,Ninja,set_18_fangs_of_the_snake,n900.webp,Set 18 Fangs Of The Snake,0,0,['Fire'],,,,,,,,Common,
N901,N901,Ninja,set_18_fangs_of_the_snake,n901.webp,Set 18 Fangs Of The Snake,0,0,['Fire'],,,,,,,,Common,
N902,N902,Ninja,set_18_fangs_of_the_snake,n902.webp,Set 18 Fangs Of The Snake,0,0,['Fire'],,,,,,,,Common,
N903,N903,Ninja,set_18_fangs_of_the_snake,n903.webp,Set 18 Fangs Of The Snake,0,0,['Fire'],,,,,,,,Common,
N904,N904,Ninja,set_18_fangs_of_the_snake,n904.webp,Set 18 Fangs Of The Snake,0,0,['Fire'],,,,,,,,Common,
N905,N905,Ninja,set_18_fangs_of_the_snake,n905.webp,Set 18 Fangs Of The Snake,0,0,['Fire'],,,,,,,,Common,
N906,N906,Ninja,set_18_fangs_of_the_snake,n906.webp,Set 18 Fangs Of The Snake,0,0,['Fire'],,,,,,,,Common,
N907,N907,Ninja,set_18_fangs_of_the_snake,n907.webp,Set 18 Fangs Of The Snake,0,0,['Fire'],,,,,,,,Common,
N908,N908,Ninja,set_18_fangs_of_the_snake,n908.webp,Set 18 Fangs Of The Snake,0,0,['Fire'],,,,,,,,Common,
N909,N909,Ninja,set_18_fangs_of_the_snake,n909.webp,Set 18 Fangs Of The Snake,0,0,['Fire'],,,,,,,,Common,
N910,N910,Ninja,set_18_fangs_of_the_snake,n910.webp,Set 18 Fangs Of The Snake,0,0,['Fire'],,,,,,,,Common,
N911,N911,Ninja,set_18_fangs_of_the_snake,n911.webp,Set 18 Fangs Of The Snake,0,0,['Fire'],,,,,,,,Common,
N912,N912,Ninja,set_18_fangs_of_the_snake,n912.webp,Set 18 Fangs Of The Snake,0,0,['Fire'],,,,,,,,Common,
N913,N913,Ninja,set_18_fangs_of_the_snake,n913.webp,Set 18 Fangs Of The Snake,0,0,['Fire'],,,,,,,,Common,
N914,N914,Ninja,set_18_fangs_of_the_snake,n914.webp,Set 18 Fangs Of The Snake,0,0,['Fire'],,,,,,,,Common,
N915,N915,Ninja,set_18_fangs_of_the_snake,n915.webp,Set 18 Fangs Of The Snake,0,0,['Fire'],,,,,,,,Common,
N916,N916,Ninja,set_18_fangs_of_the_snake,n916.webp,Set 18 Fangs Of The Snake,0,0,['Fire'],,,,,,,,Common,
N917,N917,Ninja,set_18_fangs_of_the_snake,n917.webp,Set 18 Fangs Of The Snake,0,0,['Fire'],,,,,,,,Common,
N918,N918,Ninja,set_18_fangs_of_the_snake,n918.webp,Set 18 Fangs Of The Snake,0,0,['Fire'],,,,,,,,Common,
N919,N919,Ninja,set_18_fangs_of_the_snake,n919.webp,Set 18 Fangs Of The Snake,0,0,['Fire'],,,,,,,,Common,
N920,N920,Ninja,set_18_fangs_of_the_snake,n920.webp,Set 18 Fangs Of The Snake,0,0,['Fire'],,,,,,,,Common,
N921,N921,Ninja,set_18_fangs_of_the_snake,n921.webp,Set 18 Fangs Of The Snake,0,0,['Fire'],,,,,,,,Common,
N922,N922,Ninja,set_18_fangs_of_the_snake,n922.webp,Set 18 Fangs Of The Snake,0,0,['Fire'],,,,,,,,Common,
N923,N923,Ninja,set_18_fangs_of_the_snake,n923.webp,Set 18 Fangs Of The Snake,0,0,['Fire'],,,,,,,,Common,
N924,N924,Ninja,set_18_fangs_of_the_snake,n924.webp,Set 18 Fangs Of The Snake,0,0,['Fire'],,,,,,,,Common,
N925,N925,Ninja,set_18_fangs_of_the_snake,n925.webp,Set 18 Fangs Of The Snake,0,0,['Fire'],,,,,,,,Common,
N926,N926,Ninja,set_18_fangs_of_the_snake,n926.webp,Set 18 Fangs Of The Snake,0,0,['Fire'],,,,,,,,Common,
N927,N927,Ninja,set_18_fangs_of_the_snake,n927.webp,Set 18 Fangs Of The Snake,0,0,['Fire'],,,,,,,,Common,
N928,N928,Ninja,set_18_fangs_of_the_snake,n928.webp,Set 18 Fangs Of The Snake,0,0,['Fire'],,,,,,,,Common,
N929,N929,Ninja,set_18_fangs_of_the_snake,n929.webp,Set 18 Fangs Of The Snake,0,0,['Fire'],,,,,,,,Common,
N930,N930,Ninja,set_18_fangs_of_the_snake,n930.webp,Set 18 Fangs Of The Snake,0,0,['Fire'],,,,,,,,Common,
N931,N931,Ninja,set_18_fangs_of_the_snake,n931.webp,Set 18 Fangs Of The Snake,0,0,['Fire'],,,,,,,,Common,
N932,N932,Ninja,set_18_fangs_of_the_snake,n932.webp,Set 18 Fangs Of The Snake,0,0,['Fire'],,,,,,,,Common,
N933,N933,Ninja,set_18_fangs_of_the_snake,n933.webp,Set 18 Fangs Of The Snake,0,0,['Fire'],,,,,,,,Common,
N934,N934,Ninja,set_18_fangs_of_the_snake,n934.webp,Set 18 Fangs Of The Snake,0,0,['Fire'],,,,,,,,Common,
N935,N935,Ninja,set_18_fangs_of_the_snake,n935.webp,Set 18 Fangs Of The Snake,0,0,['Fire'],,,,,,,,Common,
N936,N936,Ninja,set_18_fangs_of_the_snake,n936.webp,Set 18 Fangs Of The Snake,0,0,['Fire'],,,,,,,,Common,
N937,N937,Ninja,set_18_fangs_of_the_snake,n937.webp,Set 18 Fangs Of The Snake,0,0,['Fire'],,,,,,,,Common,
N938,N938,Ninja,set_18_fangs_of_the_snake,n938.webp,Set 18 Fangs Of The Snake,0,0,['Fire'],,,,,,,,Common,
N939,N939,Ninja,set_18_fangs_of_the_snake,n939.webp,Set 18 Fangs Of The Snake,0,0,['Fire'],,,,,,,,Common,
N940,N940,Ninja,set_18_fangs_of_the_snake,n940.webp,Set 18 Fangs Of The Snake,0,0,['Fire'],,,,,,,,Common,
N941,N941,Ninja,set_18_fangs_of_the_snake,n941.webp,Set 18 Fangs Of The Snake,0,0,['Fire'],,,,,,,,Common,
N942,N942,Ninja,set_18_fangs_of_the_snake,n942.webp,Set 18 Fangs Of The Snake,0,0,['Fire'],,,,,,,,Common,
N943,N943,Ninja,set_18_fangs_of_the_snake,n943.webp,Set 18 Fangs Of The Snake,0,0,['Fire'],,,,,,,,Common,
N944,N944,Ninja,set_18_fangs_of_the_snake,n944.webp,Set 18 Fangs Of The Snake,0,0,['Fire'],,,,,,,,Common,
N945,N945,Ninja,set_18_fangs_of_the_snake,n945.webp,Set 18 Fangs Of The Snake,0,0,['Fire'],,,,,,,,Common,
N946,N946,Ninja,set_18_fangs_of_the_snake,n946.webp,Set 18 Fangs Of The Snake,0,0,['Fire'],,,,,,,,Common,
N947,N947,Ninja,set_18_fangs_of_the_snake,n947.webp,Set 18 Fangs Of The Snake,0,0,['Fire'],,,,,,,,Common,
N948,N948,Ninja,set_18_fangs_of_the_snake,n948.webp,Set 18 Fangs Of The Snake,0,0,['Fire'],,,,,,,,Common,
J696B,J696B,Jutsu,set_19.5_tournament_pack_2,j696b.webp,Set 19.5 Tournament Pack 2,0,0,['Fire'],,,,,,,,Common,
J697,J697,Jutsu,set_19.5_tournament_pack_2,j697.webp,Set 19.5 Tournament Pack 2,0,0,['Fire'],,,,,,,,Common,
J698,J698,Jutsu,set_19.5_tournament_pack_2,j698.webp,Set 19.5 Tournament Pack 2,0,0,['Fire'],,,,,,,,Common,
J699,J699,Jutsu,set_19.5_tournament_pack_2,j699.webp,Set 19.5 Tournament Pack 2,0,0,['Fire'],,,,,,,,Common,
J700,J700,Jutsu,set_19.5_tournament_pack_2,j700.webp,Set 19.5 Tournament Pack 2,0,0,['Fire'],,,,,,,,Common,
J701,J701,Jutsu,set_19.5_tournament_pack_2,j701.webp,Set 19.5 Tournament Pack 2,0,0,['Fire'],,,,,,,,Common,
J702,J702,Jutsu,set_19.5_tournament_pack_2,j702.webp,Set 19.5 Tournament Pack 2,0,0,['Fire'],,,,,,,,Common,
J703,J703,Jutsu,set_19.5_tournament_pack_2,j703.webp,Set 19.5 Tournament Pack 2,0,0,['Fire'],,,,,,,,Common,
J704E,J704E,Jutsu,set_19.5_tournament_pack_2,j704e.webp,Set 19.5 Tournament Pack 2,0,0,['Fire'],,,,,,,,Common,
J705,J705,Jutsu,set_19.5_tournament_pack_2,j705.webp,Set 19.5 Tournament Pack 2,0,0,['Fire'],,,,,,,,Common,
M665,M665,Mission,set_19.5_tournament_pack_2,m665.webp,Set 19.5 Tournament Pack 2,0,0,['Fire'],,,,,,,,Common,
M666,M666,Mission,set_19.5_tournament_pack_2,m666.webp,Set 19.5 Tournament Pack 2,0,0,['Fire'],,,,,,,,Common,
M667,M667,Mission,set_19.5_tournament_pack_2,m667.webp,Set 19.5 Tournament Pack 2,0,0,['Fire'],,,,,,,,Common,
M668E,M668E,Mission,set_19.5_tournament_pack_2,m668e.webp,Set 19.5 Tournament Pack 2,0,0,['Fire'],,,,,,,,Common,
M669,M669,Mission,set_19.5_tournament_pack_2,m669.webp,Set 19.5 Tournament Pack 2,0,0,['Fire'],,,,,,,,Common,
N1007,N1007,Ninja,set_19.5_tournament_pack_2,n1007.webp,Set 19.5 Tournament Pack 2,0,0,['Fire'],,,,,,,,Common,
N1008,N1008,Ninja,set_19.5_tournament_pack_2,n1008.webp,Set 19.5 Tournament Pack 2,0,0,['Fire'],,,,,,,,Common,
N1009,N1009,Ninja,set_19.5_tournament_pack_2,n1009.webp,Set 19.5 Tournament Pack 2,0,0,['Fire'],,,,,,,,Common,
N1010,N1010,Ninja,set_19.5_tournament_pack_2,n1010.webp,Set 19.5 Tournament Pack 2,0,0,['Fire'],,,,,,,,Common,
N1011,N1011,Ninja,set_19.5_tournament_pack_2,n1011.webp,Set 19.5 Tournament Pack 2,0,0,['Fire'],,,,,,,,Common,
N1012E,N1012E,Ninja,set_19.5_tournament_pack_2,n1012e.webp,Set 19.5 Tournament Pack 2,0,0,['Fire'],,,,,,,,Common,
N1013,N1013,Ninja,set_19.5_tournament_pack_2,n1013.webp,Set 19.5 Tournament Pack 2,0,0,['Fire'],,,,,,,,Common,
N1014,N1014,Ninja,set_19.5_tournament_pack_2,n1014.webp,Set 19.5 Tournament Pack 2,0,0,['Fire'],,,,,,,,Common,
N1015,N1015,Ninja,set_19.5_tournament_pack_2,n1015.webp,Set 19.5 Tournament Pack 2,0,0,['Fire'],,,,,,,,Common,
N1016,N1016,Ninja,set_19.5_tournament_pack_2,n1016.webp,Set 19.5 Tournament Pack 2,0,0,['Fire'],,,,,,,,Common,
N1017,N1017,Ninja,set_19.5_tournament_pack_2,n1017.webp,Set 19.5 Tournament Pack 2,0,0,['Fire'],,,,,,,,Common,
N1018,N1018,Ninja,set_19.5_tournament_pack_2,n1018.webp,Set 19.5 Tournament Pack 2,0,0,['Fire'],,,,,,,,Common,
N1019,N1019,Ninja,set_19.5_tournament_pack_2,n1019.webp,Set 19.5 Tournament Pack 2,0,0,['Fire'],,,,,,,,Common,
N1020,N1020,Ninja,set_19.5_tournament_pack_2,n1020.webp,Set 19.5 Tournament Pack 2,0,0,['Fire'],,,,,,,,Common,
N1021,N1021,Ninja,set_19.5_tournament_pack_2,n1021.webp,Set 19.5 Tournament Pack 2,0,0,['Fire'],,,,,,,,Common,
N1022,N1022,Ninja,set_19.5_tournament_pack_2,n1022.webp,Set 19.5 Tournament Pack 2,0,0,['Fire'],,,,,,,,Common,
N1023,N1023,Ninja,set_19.5_tournament_pack_2,n1023.webp,Set 19.5 Tournament Pack 2,0,0,['Fire'],,,,,,,,Common,
N1024,N1024,Ninja,set_19.5_tournament_pack_2,n1024.webp,Set 19.5 Tournament Pack 2,0,0,['Fire'],,,,,,,,Common,
N1025,N1025,Ninja,set_19.5_tournament_pack_2,n1025.webp,Set 19.5 Tournament Pack 2,0,0,['Fire'],,,,,,,,Common,
N1026,N1026,Ninja,set_19.5_tournament_pack_2,n1026.webp,Set 19.5 Tournament Pack 2,0,0,['Fire'],,,,,,,,Common,
N1027,N1027,Ninja,set_19.5_tournament_pack_2,n1027.webp,Set 19.5 Tournament Pack 2,0,0,['Fire'],,,,,,,,Common,
N1028,N1028,Ninja,set_19.5_tournament_pack_2,n1028.webp,Set 19.5 Tournament Pack 2,0,0,['Fire'],,,,,,,,Common,
N1029,N1029,Ninja,set_19.5_tournament_pack_2,n1029.webp,Set 19.5 Tournament Pack 2,0,0,['Fire'],,,,,,,,Common,
N1030,N1030,Ninja,set_19.5_tournament_pack_2,n1030.webp,Set 19.5 Tournament Pack 2,0,0,['Fire'],,,,,,,,Common,
N1031,N1031,Ninja,set_19.5_tournament_pack_2,n1031.webp,Set 19.5 Tournament Pack 2,0,0,['Fire'],,,,,,,,Common,
N1032,N1032,Ninja,set_19.5_tournament_pack_2,n1032.webp,Set 19.5 Tournament Pack 2,0,0,['Fire'],,,,,,,,Common,
N1033,N1033,Ninja,set_19.5_tournament_pack_2,n1033.webp,Set 19.5 Tournament Pack 2,0,0,['Fire'],,,,,,,,Common,
N1034,N1034,Ninja,set_19.5_tournament_pack_2,n1034.webp,Set 19.5 Tournament Pack 2,0,0,['Fire'],,,,,,,,Common,
N1035,N1035,Ninja,set_19.5_tournament_pack_2,n1035.webp,Set 19.5 Tournament Pack 2,0,0,['Fire'],,,,,,,,Common,
N1036,N1036,Ninja,set_19.5_tournament_pack_2,n1036.webp,Set 19.5 Tournament Pack 2,0,0,['Fire'],,,,,,,,Common,
N864,N864,Ninja,set_19.5_tournament_pack_2,n864.webp,Set 19.5 Tournament Pack 2,0,0,['Fire'],,,,,,,,Common,
N865,N865,Ninja,set_19.5_tournament_pack_2,n865.webp,Set 19.5 Tournament Pack 2,0,0,['Fire'],,,,,,,,Common,
N866,N866,Ninja,set_19.5_tournament_pack_2,n866.webp,Set 19.5 Tournament Pack 2,0,0,['Fire'],,,,,,,,Common,
N867,N867,Ninja,set_19.5_tournament_pack_2,n867.webp,Set 19.5 Tournament Pack 2,0,0,['Fire'],,,,,,,,Common,
N868,N868,Ninja,set_19.5_tournament_pack_2,n868.webp,Set 19.5 Tournament Pack 2,0,0,['Fire'],,,,,,,,Common,
N869,N869,Ninja,set_19.5_tournament_pack_2,n869.webp,Set 19.5 Tournament Pack 2,0,0,['Fire'],,,,,,,,Common,
N870,N870,Ninja,set_19.5_tournament_pack_2,n870.webp,Set 19.5 Tournament Pack 2,0,0,['Fire'],,,,,,,,Common,
N871,N871,Ninja,set_19.5_tournament_pack_2,n871.webp,Set 19.5 Tournament Pack 2,0,0,['Fire'],,,,,,,,Common,
N872,N872,Ninja,set_19.5_tournament_pack_2,n872.webp,Set 19.5 Tournament Pack 2,0,0,['Fire'],,,,,,,,Common,
N873,N873,Ninja,set_19.5_tournament_pack_2,n873.webp,Set 19.5 Tournament Pack 2,0,0,['Fire'],,,,,,,,Common,
N874,N874,Ninja,set_19.5_tournament_pack_2,n874.webp,Set 19.5 Tournament Pack 2,0,0,['Fire'],,,,,,,,Common,
N875,N875,Ninja,set_19.5_tournament_pack_2,n875.webp,Set 19.5 Tournament Pack 2,0,0,['Fire'],,,,,,,,Common,
N876,N876,Ninja,set_19.5_tournament_pack_2,n876.webp,Set 19.5 Tournament Pack 2,0,0,['Fire'],,,,,,,,Common,
N877,N877,Ninja,set_19.5_tournament_pack_2,n877.webp,Set 19.5 Tournament Pack 2,0,0,['Fire'],,,,,,,,Common,
N878,N878,Ninja,set_19.5_tournament_pack_2,n878.webp,Set 19.5 Tournament Pack 2,0,0,['Fire'],,,,,,,,Common,
N879E,N879E,Ninja,set_19.5_tournament_pack_2,n879e.webp,Set 19.5 Tournament Pack 2,0,0,['Fire'],,,,,,,,Common,
N880E,N880E,Ninja,set_19.5_tournament_pack_2,n880e.webp,Set 19.5 Tournament Pack 2,0,0,['Fire'],,,,,,,,Common,
N881,N881,Ninja,set_19.5_tournament_pack_2,n881.webp,Set 19.5 Tournament Pack 2,0,0,['Fire'],,,,,,,,Common,
N882,N882,Ninja,set_19.5_tournament_pack_2,n882.webp,Set 19.5 Tournament Pack 2,0,0,['Fire'],,,,,,,,Common,
J743,J743,Jutsu,set_19_path_of_pain,j743.webp,Set 19 Path Of Pain,0,0,['Fire'],,,,,,,,Common,
J744,J744,Jutsu,set_19_path_of_pain,j744.webp,Set 19 Path Of Pain,0,0,['Fire'],,,,,,,,Common,
J745,J745,Jutsu,set_19_path_of_pain,j745.webp,Set 19 Path Of Pain,0,0,['Fire'],,,,,,,,Common,
J746,J746,Jutsu,set_19_path_of_pain,j746.webp,Set 19 Path Of Pain,0,0,['Fire'],,,,,,,,Common,
J747,J747,Jutsu,set_19_path_of_pain,j747.webp,Set 19 Path Of Pain,0,0,['Fire'],,,,,,,,Common,
J748,J748,Jutsu,set_19_path_of_pain,j748.webp,Set 19 Path Of Pain,0,0,['Fire'],,,,,,,,Common,
J749,J749,Jutsu,set_19_path_of_pain,j749.webp,Set 19 Path Of Pain,0,0,['Fire'],,,,,,,,Common,
J750,J750,Jutsu,set_19_path_of_pain,j750.webp,Set 19 Path Of Pain,0,0,['Fire'],,,,,,,,Common,
J751,J751,Jutsu,set_19_path_of_pain,j751.webp,Set 19 Path Of Pain,0,0,['Fire'],,,,,,,,Common,
J752,J752,Jutsu,set_19_path_of_pain,j752.webp,Set 19 Path Of Pain,0,0,['Fire'],,,,,,,,Common,
J753,J753,Jutsu,set_19_path_of_pain,j753.webp,Set 19 Path Of Pain,0,0,['Fire'],,,,,,,,Common,
J754,J754,Jutsu,set_19_path_of_pain,j754.webp,Set 19 Path Of Pain,0,0,['Fire'],,,,,,,,Common,
J755,J755,Jutsu,set_19_path_of_pain,j755.webp,Set 19 Path Of Pain,0,0,['Fire'],,,,,,,,Common,
J756,J756,Jutsu,set_19_path_of_pain,j756.webp,Set 19 Path Of Pain,0,0,['Fire'],,,,,,,,Common,
J757,J757,Jutsu,set_19_path_of_pain,j757.webp,Set 19 Path Of Pain,0,0,['Fire'],,,,,,,,Common,
J758,J758,Jutsu,set_19_path_of_pain,j758.webp,Set 19 Path Of Pain,0,0,['Fire'],,,,,,,,Common,
J759,J759,Jutsu,set_19_path_of_pain,j759.webp,Set 19 Path Of Pain,0,0,['Fire'],,,,,,,,Common,
J760,J760,Jutsu,set_19_path_of_pain,j760.webp,Set 19 Path Of Pain,0,0,['Fire'],,,,,,,,Common,
J761,J761,Jutsu,set_19_path_of_pain,j761.webp,Set 19 Path Of Pain,0,0,['Fire'],,,,,,,,Common,
J762,J762,Jutsu,set_19_path_of_pain,j762.webp,Set 19 Path Of Pain,0,0,['Fire'],,,,,,,,Common,
J763,J763,Jutsu,set_19_path_of_pain,j763.webp,Set 19 Path Of Pain,0,0,['Fire'],,,,,,,,Common,
J764,J764,Jutsu,set_19_path_of_pain,j764.webp,Set 19 Path Of Pain,0,0,['Fire'],,,,,,,,Common,
J765,J765,Jutsu,set_19_path_of_pain,j765.webp,Set 19 Path Of Pain,0,0,['Fire'],,,,,,,,Common,
J766,J766,Jutsu,set_19_path_of_pain,j766.webp,Set 19 Path Of Pain,0,0,['Fire'],,,,,,,,Common,
J767,J767,Jutsu,set_19_path_of_pain,j767.webp,Set 19 Path Of Pain,0,0,['Fire'],,,,,,,,Common,
J768,J768,Jutsu,set_19_path_of_pain,j768.webp,Set 19 Path Of Pain,0,0,['Fire'],,,,,,,,Common,
J769,J769,Jutsu,set_19_path_of_pain,j769.webp,Set 19 Path Of Pain,0,0,['Fire'],,,,,,,,Common,
J770,J770,Jutsu,set_19_path_of_pain,j770.webp,Set 19 Path Of Pain,0,0,['Fire'],,,,,,,,Common,
J771,J771,Jutsu,set_19_path_of_pain,j771.webp,Set 19 Path Of Pain,0,0,['Fire'],,,,,,,,Common,
J772,J772,Jutsu,set_19_path_of_pain,j772.webp,Set 19 Path Of Pain,0,0,['Fire'],,,,,,,,Common,
M699,M699,Mission,set_19_path_of_pain,m699.webp,Set 19 Path Of Pain,0,0,['Fire'],,,,,,,,Common,
M700,M700,Mission,set_19_path_of_pain,m700.webp,Set 19 Path Of Pain,0,0,['Fire'],,,,,,,,Common,
M701,M701,Mission,set_19_path_of_pain,m701.webp,Set 19 Path Of Pain,0,0,['Fire'],,,,,,,,Common,
M702,M702,Mission,set_19_path_of_pain,m702.webp,Set 19 Path Of Pain,0,0,['Fire'],,,,,,,,Common,
M703,M703,Mission,set_19_path_of_pain,m703.webp,Set 19 Path Of Pain,0,0,['Fire'],,,,,,,,Common,
M704,M704,Mission,set_19_path_of_pain,m704.webp,Set 19 Path Of Pain,0,0,['Fire'],,,,,,,,Common,
M705,M705,Mission,set_19_path_of_pain,m705.webp,Set 19 Path Of Pain,0,0,['Fire'],,,,,,,,Common,
M706,M706,Mission,set_19_path_of_pain,m706.webp,Set 19 Path Of Pain,0,0,['Fire'],,,,,,,,Common,
M707,M707,Mission,set_19_path_of_pain,m707.webp,Set 19 Path Of Pain,0,0,['Fire'],,,,,,,,Common,
M708,M708,Mission,set_19_path_of_pain,m708.webp,Set 19 Path Of Pain,0,0,['Fire'],,,,,,,,Common,
M709,M709,Mission,set_19_path_of_pain,m709.webp,Set 19 Path Of Pain,0,0,['Fire'],,,,,,,,Common,
M710,M710,Mission,set_19_path_of_pain,m710.webp,Set 19 Path Of Pain,0,0,['Fire'],,,,,,,,Common,
M711,M711,Mission,set_19_path_of_pain,m711.webp,Set 19 Path Of Pain,0,0,['Fire'],,,,,,,,Common,
M712,M712,Mission,set_19_path_of_pain,m712.webp,Set 19 Path Of Pain,0,0,['Fire'],,,,,,,,Common,
M713E,M713E,Mission,set_19_path_of_pain,m713e.webp,Set 19 Path Of Pain,0,0,['Fire'],,,,,,,,Common,
M714,M714,Mission,set_19_path_of_pain,m714.webp,Set 19 Path Of Pain,0,0,['Fire'],,,,,,,,Common,
M715,M715,Mission,set_19_path_of_pain,m715.webp,Set 19 Path Of Pain,0,0,['Fire'],,,,,,,,Common,
M716,M716,Mission,set_19_path_of_pain,m716.webp,Set 19 Path Of Pain,0,0,['Fire'],,,,,,,,Common,
M717E,M717E,Mission,set_19_path_of_pain,m717e.webp,Set 19 Path Of Pain,0,0,['Fire'],,,,,,,,Common,
M718,M718,Mission,set_19_path_of_pain,m718.webp,Set 19 Path Of Pain,0,0,['Fire'],,,,,,,,Common,
M719E,M719E,Mission,set_19_path_of_pain,m719e.webp,Set 19 Path Of Pain,0,0,['Fire'],,,,,,,,Common,
M720,M720,Mission,set_19_path_of_pain,m720.webp,Set 19 Path Of Pain,0,0,['Fire'],,,,,,,,Common,
M721,M721,Mission,set_19_path_of_pain,m721.webp,Set 19 Path Of Pain,0,0,['Fire'],,,,,,,,Common,
M722,M722,Mission,set_19_path_of_pain,m722.webp,Set 19 Path Of Pain,0,0,['Fire'],,,,,,,,Common,
N1000,N1000,Ninja,set_19_path_of_pain,n1000.webp,Set 19 Path Of Pain,0,0,['Fire'],,,,,,,,Common,
N1001,N1001,Ninja,set_19_path_of_pain,n1001.webp,Set 19 Path Of Pain,0,0,['Fire'],,,,,,,,Common,
N1002,N1002,Ninja,set_19_path_of_pain,n1002.webp,Set 19 Path Of Pain,0,0,['Fire'],,,,,,,,Common,
N1003,N1003,Ninja,set_19_path_of_pain,n1003.webp,Set 19 Path Of Pain,0,0,['Fire'],,,,,,,,Common,
N1004,N1004,Ninja,set_19_path_of_pain,n1004.webp,Set 19 Path Of Pain,0,0,['Fire'],,,,,,,,Common,
N1005,N1005,Ninja,set_19_path_of_pain,n1005.webp,Set 19 Path Of Pain,0,0,['Fire'],,,,,,,,Common,
N1006,N1006,Ninja,set_19_path_of_pain,n1006.webp,Set 19 Path Of Pain,0,0,['Fire'],,,,,,,,Common,
N949,N949,Ninja,set_19_path_of_pain,n949.webp,Set 19 Path Of Pain,0,0,['Fire'],,,,,,,,Common,
N950,N950,Ninja,set_19_path_of_pain,n950.webp,Set 19 Path Of Pain,0,0,['Fire'],,,,,,,,Common,
N951,N951,Ninja,set_19_path_of_pain,n951.webp,Set 19 Path Of Pain,0,0,['Fire'],,,,,,,,Common,
N952,N952,Ninja,set_19_path_of_pain,n952.webp,Set 19 Path Of Pain,0,0,['Fire'],,,,,,,,Common,
N953,N953,Ninja,set_19_path_of_pain,n953.webp,Set 19 Path Of Pain,0,0,['Fire'],,,,,,,,Common,
N954,N954,Ninja,set_19_path_of_pain,n954.webp,Set 19 Path Of Pain,0,0,['Fire'],,,,,,,,Common,
N955,N955,Ninja,set_19_path_of_pain,n955.webp,Set 19 Path Of Pain,0,0,['Fire'],,,,,,,,Common,
N956,N956,Ninja,set_19_path_of_pain,n956.webp,Set 19 Path Of Pain,0,0,['Fire'],,,,,,,,Common,
N957,N957,Ninja,set_19_path_of_pain,n957.webp,Set 19 Path Of Pain,0,0,['Fire'],,,,,,,,Common,
N958,N958,Ninja,set_19_path_of_pain,n958.webp,Set 19 Path Of Pain,0,0,['Fire'],,,,,,,,Common,
N959,N959,Ninja,set_19_path_of_pain,n959.webp,Set 19 Path Of Pain,0,0,['Fire'],,,,,,,,Common,
N960,N960,Ninja,set_19_path_of_pain,n960.webp,Set 19 Path Of Pain,0,0,['Fire'],,,,,,,,Common,
N961,N961,Ninja,set_19_path_of_pain,n961.webp,Set 19 Path Of Pain,0,0,['Fire'],,,,,,,,Common,
N962,N962,Ninja,set_19_path_of_pain,n962.webp,Set 19 Path Of Pain,0,0,['Fire'],,,,,,,,Common,
N963,N963,Ninja,set_19_path_of_pain,n963.webp,Set 19 Path Of Pain,0,0,['Fire'],,,,,,,,Common,
N964,N964,Ninja,set_19_path_of_pain,n964.webp,Set 19 Path Of Pain,0,0,['Fire'],,,,,,,,Common,
N965E,N965E,Ninja,set_19_path_of_pain,n965e.webp,Set 19 Path Of Pain,0,0,['Fire'],,,,,,,,Common,
N966,N966,Ninja,set_19_path_of_pain,n966.webp,Set 19 Path Of Pain,0,0,['Fire'],,,,,,,,Common,
N967,N967,Ninja,set_19_path_of_pain,n967.webp,Set 19 Path Of Pain,0,0,['Fire'],,,,,,,,Common,
N968,N968,Ninja,set_19_path_of_pain,n968.webp,Set 19 Path Of Pain,0,0,['Fire'],,,,,,,,Common,
N969,N969,Ninja,set_19_path_of_pain,n969.webp,Set 19 Path Of Pain,0,0,['Fire'],,,,,,,,Common,
N970,N970,Ninja,set_19_path_of_pain,n970.webp,Set 19 Path Of Pain,0,0,['Fire'],,,,,,,,Common,
N971,N971,Ninja,set_19_path_of_pain,n971.webp,Set 19 Path Of Pain,0,0,['Fire'],,,,,,,,Common,
N972,N972,Ninja,set_19_path_of_pain,n972.webp,Set 19 Path Of Pain,0,0,['Fire'],,,,,,,,Common,
N973E,N973E,Ninja,set_19_path_of_pain,n973e.webp,Set 19 Path Of Pain,0,0,['Fire'],,,,,,,,Common,
N974E,N974E,Ninja,set_19_path_of_pain,n974e.webp,Set 19 Path Of Pain,0,0,['Fire'],,,,,,,,Common,
N975,N975,Ninja,set_19_path_of_pain,n975.webp,Set 19 Path Of Pain,0,0,['Fire'],,,,,,,,Common,
N976,N976,Ninja,set_19_path_of_pain,n976.webp,Set 19 Path Of Pain,0,0,['Fire'],,,,,,,,Common,
N977,N977,Ninja,set_19_path_of_pain,n977.webp,Set 19 Path Of Pain,0,0,['Fire'],,,,,,,,Common,
N978,N978,Ninja,set_19_path_of_pain,n978.webp,Set 19 Path Of Pain,0,0,['Fire'],,,,,,,,Common,
N979,N979,Ninja,set_19_path_of_pain,n979.webp,Set 19 Path Of Pain,0,0,['Fire'],,,,,,,,Common,
N980,N980,Ninja,set_19_path_of_pain,n980.webp,Set 19 Path Of Pain,0,0,['Fire'],,,,,,,,Common,
N981,N981,Ninja,set_19_path_of_pain,n981.webp,Set 19 Path Of Pain,0,0,['Fire'],,,,,,,,Common,
N982,N982,Ninja,set_19_path_of_pain,n982.webp,Set 19 Path Of Pain,0,0,['Fire'],,,,,,,,Common,
N983,N983,Ninja,set_19_path_of_pain,n983.webp,Set 19 Path Of Pain,0,0,['Fire'],,,,,,,,Common,
N984E,N984E,Ninja,set_19_path_of_pain,n984e.webp,Set 19 Path Of Pain,0,0,['Fire'],,,,,,,,Common,
N985,N985,Ninja,set_19_path_of_pain,n985.webp,Set 19 Path Of Pain,0,0,['Fire'],,,,,,,,Common,
N986,N986,Ninja,set_19_path_of_pain,n986.webp,Set 19 Path Of Pain,0,0,['Fire'],,,,,,,,Common,
N987,N987,Ninja,set_19_path_of_pain,n987.webp,Set 19 Path Of Pain,0,0,['Fire'],,,,,,,,Common,
N988,N988,Ninja,set_19_path_of_pain,n988.webp,Set 19 Path Of Pain,0,0,['Fire'],,,,,,,,Common,
N989,N989,Ninja,set_19_path_of_pain,n989.webp,Set 19 Path Of Pain,0,0,['Fire'],,,,,,,,Common,
N990,N990,Ninja,set_19_path_of_pain,n990.webp,Set 19 Path Of Pain,0,0,['Fire'],,,,,,,,Common,
N991,N991,Ninja,set_19_path_of_pain,n991.webp,Set 19 Path Of Pain,0,0,['Fire'],,,,,,,,Common,
N992,N992,Ninja,set_19_path_of_pain,n992.webp,Set 19 Path Of Pain,0,0,['Fire'],,,,,,,,Common,
N993,N993,Ninja,set_19_path_of_pain,n993.webp,Set 19 Path Of Pain,0,0,['Fire'],,,,,,,,Common,
N994,N994,Ninja,set_19_path_of_pain,n994.webp,Set 19 Path Of Pain,0,0,['Fire'],,,,,,,,Common,
N995,N995,Ninja,set_19_path_of_pain,n995.webp,Set 19 Path Of Pain,0,0,['Fire'],,,,,,,,Common,
N996,N996,Ninja,set_19_path_of_pain,n996.webp,Set 19 Path Of Pain,0,0,['Fire'],,,,,,,,Common,
N997,N997,Ninja,set_19_path_of_pain,n997.webp,Set 19 Path Of Pain,0,0,['Fire'],,,,,,,,Common,
N998,N998,Ninja,set_19_path_of_pain,n998.webp,Set 19 Path Of Pain,0,0,['Fire'],,,,,,,,Common,
N999,N999,Ninja,set_19_path_of_pain,n999.webp,Set 19 Path Of Pain,0,0,['Fire'],,,,,,,,Common,
J001,J001,Jutsu,set_1_path_of_the_hokage,j001.webp,Set 1 Path Of The Hokage,0,0,['Fire'],,,,,,,,Common,
J002,J002,Jutsu,set_1_path_of_the_hokage,j002.webp,Set 1 Path Of The Hokage,0,0,['Fire'],,,,,,,,Common,
J003,J003,Jutsu,set_1_path_of_the_hokage,j003.webp,Set 1 Path Of The Hokage,0,0,['Fire'],,,,,,,,Common,
J004,J004,Jutsu,set_1_path_of_the_hokage,j004.webp,Set 1 Path Of The Hokage,0,0,['Fire'],,,,,,,,Common,
J005,J005,Jutsu,set_1_path_of_the_hokage,j005.webp,Set 1 Path Of The Hokage,0,0,['Fire'],,,,,,,,Common,
J006,J006,Jutsu,set_1_path_of_the_hokage,j006.webp,Set 1 Path Of The Hokage,0,0,['Fire'],,,,,,,,Common,
J007,J007,Jutsu,set_1_path_of_the_hokage,j007.webp,Set 1 Path Of The Hokage,0,0,['Fire'],,,,,,,,Common,
J008,J008,Jutsu,set_1_path_of_the_hokage,j008.webp,Set 1 Path Of The Hokage,0,0,['Fire'],,,,,,,,Common,
J009,J009,Jutsu,set_1_path_of_the_hokage,j009.webp,Set 1 Path Of The Hokage,0,0,['Fire'],,,,,,,,Common,
J010,J010,Jutsu,set_1_path_of_the_hokage,j010.webp,Set 1 Path Of The Hokage,0,0,['Fire'],,,,,,,,Common,
J011,J011,Jutsu,set_1_path_of_the_hokage,j011.webp,Set 1 Path Of The Hokage,0,0,['Fire'],,,,,,,,Common,
J012,J012,Jutsu,set_1_path_of_the_hokage,j012.webp,Set 1 Path Of The Hokage,0,0,['Fire'],,,,,,,,Common,
J013,J013,Jutsu,set_1_path_of_the_hokage,j013.webp,Set 1 Path Of The Hokage,0,0,['Fire'],,,,,,,,Common,
J014,J014,Jutsu,set_1_path_of_the_hokage,j014.webp,Set 1 Path Of The Hokage,0,0,['Fire'],,,,,,,,Common,
J015,J015,Jutsu,set_1_path_of_the_hokage,j015.webp,Set 1 Path Of The Hokage,0,0,['Fire'],,,,,,,,Common,
J016E,J016E,Jutsu,set_1_path_of_the_hokage,j016e.webp,Set 1 Path Of The Hokage,0,0,['Fire'],,,,,,,,Common,
J017,J017,Jutsu,set_1_path_of_the_hokage,j017.webp,Set 1 Path Of The Hokage,0,0,['Fire'],,,,,,,,Common,
J018,J018,Jutsu,set_1_path_of_the_hokage,j018.webp,Set 1 Path Of The Hokage,0,0,['Fire'],,,,,,,,Common,
J019E,J019E,Jutsu,set_1_path_of_the_hokage,j019e.webp,Set 1 Path Of The Hokage,0,0,['Fire'],,,,,,,,Common,
J020E,J020E,Jutsu,set_1_path_of_the_hokage,j020e.webp,Set 1 Path Of The Hokage,0,0,['Fire'],,,,,,,,Common,
J021,J021,Jutsu,set_1_path_of_the_hokage,j021.webp,Set 1 Path Of The Hokage,0,0,['Fire'],,,,,,,,Common,
J022,J022,Jutsu,set_1_path_of_the_hokage,j022.webp,Set 1 Path Of The Hokage,0,0,['Fire'],,,,,,,,Common,
J023,J023,Jutsu,set_1_path_of_the_hokage,j023.webp,Set 1 Path Of The Hokage,0,0,['Fire'],,,,,,,,Common,
J024,J024,Jutsu,set_1_path_of_the_hokage,j024.webp,Set 1 Path Of The Hokage,0,0,['Fire'],,,,,,,,Common,
J025,J025,Jutsu,set_1_path_of_the_hokage,j025.webp,Set 1 Path Of The Hokage,0,0,['Fire'],,,,,,,,Common,
J026E,J026E,Jutsu,set_1_path_of_the_hokage,j026e.webp,Set 1 Path Of The Hokage,0,0,['Fire'],,,,,,,,Common,
J027E,J027E,Jutsu,set_1_path_of_the_hokage,j027e.webp,Set 1 Path Of The Hokage,0,0,['Fire'],,,,,,,,Common,
J028E,J028E,Jutsu,set_1_path_of_the_hokage,j028e.webp,Set 1 Path Of The Hokage,0,0,['Fire'],,,,,,,,Common,
J029,J029,Jutsu,set_1_path_of_the_hokage,j029.webp,Set 1 Path Of The Hokage,0,0,['Fire'],,,,,,,,Common,
J030,J030,Jutsu,set_1_path_of_the_hokage,j030.webp,Set 1 Path Of The Hokage,0,0,['Fire'],,,,,,,,Common,
J031E,J031E,Jutsu,set_1_path_of_the_hokage,j031e.webp,Set 1 Path Of The Hokage,0,0,['Fire'],,,,,,,,Common,
J032,J032,Jutsu,set_1_path_of_the_hokage,j032.webp,Set 1 Path Of The Hokage,0,0,['Fire'],,,,,,,,Common,
J033,J033,Jutsu,set_1_path_of_the_hokage,j033.webp,Set 1 Path Of The Hokage,0,0,['Fire'],,,,,,,,Common,
J034,J034,Jutsu,set_1_path_of_the_hokage,j034.webp,Set 1 Path Of The Hokage,0,0,['Fire'],,,,,,,,Common,
J035,J035,Jutsu,set_1_path_of_the_hokage,j035.webp,Set 1 Path Of The Hokage,0,0,['Fire'],,,,,,,,Common,
J036,J036,Jutsu,set_1_path_of_the_hokage,j036.webp,Set 1 Path Of The Hokage,0,0,['Fire'],,,,,,,,Common,
J037,J037,Jutsu,set_1_path_of_the_hokage,j037.webp,Set 1 Path Of The Hokage,0,0,['Fire'],,,,,,,,Common,
J038,J038,Jutsu,set_1_path_of_the_hokage,j038.webp,Set 1 Path Of The Hokage,0,0,['Fire'],,,,,,,,Common,
J039,J039,Jutsu,set_1_path_of_the_hokage,j039.webp,Set 1 Path Of The Hokage,0,0,['Fire'],,,,,,,,Common,
J040,J040,Jutsu,set_1_path_of_the_hokage,j040.webp,Set 1 Path Of The Hokage,0,0,['Fire'],,,,,,,,Common,
J041,J041,Jutsu,set_1_path_of_the_hokage,j041.webp,Set 1 Path Of The Hokage,0,0,['Fire'],,,,,,,,Common,
J042,J042,Jutsu,set_1_path_of_the_hokage,j042.webp,Set 1 Path Of The Hokage,0,0,['Fire'],,,,,,,,Common,
M001,M001,Mission,set_1_path_of_the_hokage,m001.webp,Set 1 Path Of The Hokage,0,0,['Fire'],,,,,,,,Common,
M002,M002,Mission,set_1_path_of_the_hokage,m002.webp,Set 1 Path Of The Hokage,0,0,['Fire'],,,,,,,,Common,
M003,M003,Mission,set_1_path_of_the_hokage,m003.webp,Set 1 Path Of The Hokage,0,0,['Fire'],,,,,,,,Common,
M004,M004,Mission,set_1_path_of_the_hokage,m004.webp,Set 1 Path Of The Hokage,0,0,['Fire'],,,,,,,,Common,
M005,M005,Mission,set_1_path_of_the_hokage,m005.webp,Set 1 Path Of The Hokage,0,0,['Fire'],,,,,,,,Common,
M006,M006,Mission,set_1_path_of_the_hokage,m006.webp,Set 1 Path Of The Hokage,0,0,['Fire'],,,,,,,,Common,
M007,M007,Mission,set_1_path_of_the_hokage,m007.webp,Set 1 Path Of The Hokage,0,0,['Fire'],,,,,,,,Common,
M008,M008,Mission,set_1_path_of_the_hokage,m008.webp,Set 1 Path Of The Hokage,0,0,['Fire'],,,,,,,,Common,
M009E,M009E,Mission,set_1_path_of_the_hokage,m009e.webp,Set 1 Path Of The Hokage,0,0,['Fire'],,,,,,,,Common,
M010,M010,Mission,set_1_path_of_the_hokage,m010.webp,Set 1 Path Of The Hokage,0,0,['Fire'],,,,,,,,Common,
M011,M011,Mission,set_1_path_of_the_hokage,m011.webp,Set 1 Path Of The Hokage,0,0,['Fire'],,,,,,,,Common,
M012,M012,Mission,set_1_path_of_the_hokage,m012.webp,Set 1 Path Of The Hokage,0,0,['Fire'],,,,,,,,Common,
M013,M013,Mission,set_1_path_of_the_hokage,m013.webp,Set 1 Path Of The Hokage,0,0,['Fire'],,,,,,,,Common,
M014,M014,Mission,set_1_path_of_the_hokage,m014.webp,Set 1 Path Of The Hokage,0,0,['Fire'],,,,,,,,Common,
M015,M015,Mission,set_1_path_of_the_hokage,m015.webp,Set 1 Path Of The Hokage,0,0,['Fire'],,,,,,,,Common,
M016,M016,Mission,set_1_path_of_the_hokage,m016.webp,Set 1 Path Of The Hokage,0,0,['Fire'],,,,,,,,Common,
M017,M017,Mission,set_1_path_of_the_hokage,m017.webp,Set 1 Path Of The Hokage,0,0,['Fire'],,,,,,,,Common,
M018,M018,Mission,set_1_path_of_the_hokage,m018.webp,Set 1 Path Of The Hokage,0,0,['Fire'],,,,,,,,Common,
M019,M019,Mission,set_1_path_of_the_hokage,m019.webp,Set 1 Path Of The Hokage,0,0,['Fire'],,,,,,,,Common,
M020,M020,Mission,set_1_path_of_the_hokage,m020.webp,Set 1 Path Of The Hokage,0,0,['Fire'],,,,,,,,Common,
M021,M021,Mission,set_1_path_of_the_hokage,m021.webp,Set 1 Path Of The Hokage,0,0,['Fire'],,,,,,,,Common,
M022E,M022E,Mission,set_1_path_of_the_hokage,m022e.webp,Set 1 Path Of The Hokage,0,0,['Fire'],,,,,,,,Common,
M023E,M023E,Mission,set_1_path_of_the_hokage,m023e.webp,Set 1 Path Of The Hokage,0,0,['Fire'],,,,,,,,Common,
M024,M024,Mission,set_1_path_of_the_hokage,m024.webp,Set 1 Path Of The Hokage,0,0,['Fire'],,,,,,,,Common,
M025E,M025E,Mission,set_1_path_of_the_hokage,m025e.webp,Set 1 Path Of The Hokage,0,0,['Fire'],,,,,,,,Common,
M026,M026,Mission,set_1_path_of_the_hokage,m026.webp,Set 1 Path Of The Hokage,0,0,['Fire'],,,,,,,,Common,
M027E,M027E,Mission,set_1_path_of_the_hokage,m027e.webp,Set 1 Path Of The Hokage,0,0,['Fire'],,,,,,,,Common,
M028,M028,Mission,set_1_path_of_the_hokage,m028.webp,Set 1 Path Of The Hokage,0,0,['Fire'],,,,,,,,Common,
M029,M029,Mission,set_1_path_of_the_hokage,m029.webp,Set 1 Path Of The Hokage,0,0,['Fire'],,,,,,,,Common,
M030,M030,Mission,set_1_path_of_the_hokage,m030.webp,Set 1 Path Of The Hokage,0,0,['Fire'],,,,,,,,Common,
M031,M031,Mission,set_1_path_of_the_hokage,m031.webp,Set 1 Path Of The Hokage,0,0,['Fire'],,,,,,,,Common,
M032,M032,Mission,set_1_path_of_the_hokage,m032.webp,Set 1 Path Of The Hokage,0,0,['Fire'],,,,,,,,Common,
M033,M033,Mission,set_1_path_of_the_hokage,m033.webp,Set 1 Path Of The Hokage,0,0,['Fire'],,,,,,,,Common,
M034,M034,Mission,set_1_path_of_the_hokage,m034.webp,Set 1 Path Of The Hokage,0,0,['Fire'],,,,,,,,Common,
M035,M035,Mission,set_1_path_of_the_hokage,m035.webp,Set 1 Path Of The Hokage,0,0,['Fire'],,,,,,,,Common,
M036,M036,Mission,set_1_path_of_the_hokage,m036.webp,Set 1 Path Of The Hokage,0,0,['Fire'],,,,,,,,Common,
M037,M037,Mission,set_1_path_of_the_hokage,m037.webp,Set 1 Path Of The Hokage,0,0,['Fire'],,,,,,,,Common,
M038,M038,Mission,set_1_path_of_the_hokage,m038.webp,Set 1 Path Of The Hokage,0,0,['Fire'],,,,,,,,Common,
M039,M039,Mission,set_1_path_of_the_hokage,m039.webp,Set 1 Path Of The Hokage,0,0,['Fire'],,,,,,,,Common,
M040,M040,Mission,set_1_path_of_the_hokage,m040.webp,Set 1 Path Of The Hokage,0,0,['Fire'],,,,,,,,Common,
M041,M041,Mission,set_1_path_of_the_hokage,m041.webp,Set 1 Path Of The Hokage,0,0,['Fire'],,,,,,,,Common,
M042,M042,Mission,set_1_path_of_the_hokage,m042.webp,Set 1 Path Of The Hokage,0,0,['Fire'],,,,,,,,Common,
N001,N001,Ninja,set_1_path_of_the_hokage,n001.webp,Set 1 Path Of The Hokage,0,0,['Fire'],,,,,,,,Common,
N002,N002,Ninja,set_1_path_of_the_hokage,n002.webp,Set 1 Path Of The Hokage,0,0,['Fire'],,,,,,,,Common,
N003,N003,Ninja,set_1_path_of_the_hokage,n003.webp,Set 1 Path Of The Hokage,0,0,['Fire'],,,,,,,,Common,
N004,N004,Ninja,set_1_path_of_the_hokage,n004.webp,Set 1 Path Of The Hokage,0,0,['Fire'],,,,,,,,Common,
N005,N005,Ninja,set_1_path_of_the_hokage,n005.webp,Set 1 Path Of The Hokage,0,0,['Fire'],,,,,,,,Common,
N006,N006,Ninja,set_1_path_of_the_hokage,n006.webp,Set 1 Path Of The Hokage,0,0,['Fire'],,,,,,,,Common,
N007,N007,Ninja,set_1_path_of_the_hokage,n007.webp,Set 1 Path Of The Hokage,0,0,['Fire'],,,,,,,,Common,
N008,N008,Ninja,set_1_path_of_the_hokage,n008.webp,Set 1 Path Of The Hokage,0,0,['Fire'],,,,,,,,Common,
N009,N009,Ninja,set_1_path_of_the_hokage,n009.webp,Set 1 Path Of The Hokage,0,0,['Fire'],,,,,,,,Common,
N010,N010,Ninja,set_1_path_of_the_hokage,n010.webp,Set 1 Path Of The Hokage,0,0,['Fire'],,,,,,,,Common,
N011,N011,Ninja,set_1_path_of_the_hokage,n011.webp,Set 1 Path Of The Hokage,0,0,['Fire'],,,,,,,,Common,
N012,N012,Ninja,set_1_path_of_the_hokage,n012.webp,Set 1 Path Of The Hokage,0,0,['Fire'],,,,,,,,Common,
N013,N013,Ninja,set_1_path_of_the_hokage,n013.webp,Set 1 Path Of The Hokage,0,0,['Fire'],,,,,,,,Common,
N014,N014,Ninja,set_1_path_of_the_hokage,n014.webp,Set 1 Path Of The Hokage,0,0,['Fire'],,,,,,,,Common,
N015,N015,Ninja,set_1_path_of_the_hokage,n015.webp,Set 1 Path Of The Hokage,0,0,['Fire'],,,,,,,,Common,
N016,N016,Ninja,set_1_path_of_the_hokage,n016.webp,Set 1 Path Of The Hokage,0,0,['Fire'],,,,,,,,Common,
N017,N017,Ninja,set_1_path_of_the_hokage,n017.webp,Set 1 Path Of The Hokage,0,0,['Fire'],,,,,,,,Common,
N018,N018,Ninja,set_1_path_of_the_hokage,n018.webp,Set 1 Path Of The Hokage,0,0,['Fire'],,,,,,,,Common,
N019,N019,Ninja,set_1_path_of_the_hokage,n019.webp,Set 1 Path Of The Hokage,0,0,['Fire'],,,,,,,,Common,
N020,N020,Ninja,set_1_path_of_the_hokage,n020.webp,Set 1 Path Of The Hokage,0,0,['Fire'],,,,,,,,Common,
N021,N021,Ninja,set_1_path_of_the_hokage,n021.webp,Set 1 Path Of The Hokage,0,0,['Fire'],,,,,,,,Common,
N022,N022,Ninja,set_1_path_of_the_hokage,n022.webp,Set 1 Path Of The Hokage,0,0,['Fire'],,,,,,,,Common,
N023,N023,Ninja,set_1_path_of_the_hokage,n023.webp,Set 1 Path Of The Hokage,0,0,['Fire'],,,,,,,,Common,
N024E,N024E,Ninja,set_1_path_of_the_hokage,n024e.webp,Set 1 Path Of The Hokage,0,0,['Fire'],,,,,,,,Common,
N025,N025,Ninja,set_1_path_of_the_hokage,n025.webp,Set 1 Path Of The Hokage,0,0,['Fire'],,,,,,,,Common,
N026,N026,Ninja,set_1_path_of_the_hokage,n026.webp,Set 1 Path Of The Hokage,0,0,['Fire'],,,,,,,,Common,
N027,N027,Ninja,set_1_path_of_the_hokage,n027.webp,Set 1 Path Of The Hokage,0,0,['Fire'],,,,,,,,Common,
N028E,N028E,Ninja,set_1_path_of_the_hokage,n028e.webp,Set 1 Path Of The Hokage,0,0,['Fire'],,,,,,,,Common,
N029,N029,Ninja,set_1_path_of_the_hokage,n029.webp,Set 1 Path Of The Hokage,0,0,['Fire'],,,,,,,,Common,
N030,N030,Ninja,set_1_path_of_the_hokage,n030.webp,Set 1 Path Of The Hokage,0,0,['Fire'],,,,,,,,Common,
N031,N031,Ninja,set_1_path_of_the_hokage,n031.webp,Set 1 Path Of The Hokage,0,0,['Fire'],,,,,,,,Common,
N032,N032,Ninja,set_1_path_of_the_hokage,n032.webp,Set 1 Path Of The Hokage,0,0,['Fire'],,,,,,,,Common,
N033,N033,Ninja,set_1_path_of_the_hokage,n033.webp,Set 1 Path Of The Hokage,0,0,['Fire'],,,,,,,,Common,
N034,N034,Ninja,set_1_path_of_the_hokage,n034.webp,Set 1 Path Of The Hokage,0,0,['Fire'],,,,,,,,Common,
N035,N035,Ninja,set_1_path_of_the_hokage,n035.webp,Set 1 Path Of The Hokage,0,0,['Fire'],,,,,,,,Common,
N036,N036,Ninja,set_1_path_of_the_hokage,n036.webp,Set 1 Path Of The Hokage,0,0,['Fire'],,,,,,,,Common,
N037,N037,Ninja,set_1_path_of_the_hokage,n037.webp,Set 1 Path Of The Hokage,0,0,['Fire'],,,,,,,,Common,
N038,N038,Ninja,set_1_path_of_the_hokage,n038.webp,Set 1 Path Of The Hokage,0,0,['Fire'],,,,,,,,Common,
N039E,N039E,Ninja,set_1_path_of_the_hokage,n039e.webp,Set 1 Path Of The Hokage,0,0,['Fire'],,,,,,,,Common,
N040,N040,Ninja,set_1_path_of_the_hokage,n040.webp,Set 1 Path Of The Hokage,0,0,['Fire'],,,,,,,,Common,
N041,N041,Ninja,set_1_path_of_the_hokage,n041.webp,Set 1 Path Of The Hokage,0,0,['Fire'],,,,,,,,Common,
N042,N042,Ninja,set_1_path_of_the_hokage,n042.webp,Set 1 Path Of The Hokage,0,0,['Fire'],,,,,,,,Common,
N043,N043,Ninja,set_1_path_of_the_hokage,n043.webp,Set 1 Path Of The Hokage,0,0,['Fire'],,,,,,,,Common,
J773,J773,Jutsu,set_20_tales_of_the_galiant_sage,j773.webp,Set 20 Tales Of The Galiant Sage,0,0,['Fire'],,,,,,,,Common,
J774,J774,Jutsu,set_20_tales_of_the_galiant_sage,j774.webp,Set 20 Tales Of The Galiant Sage,0,0,['Fire'],,,,,,,,Common,
J775,J775,Jutsu,set_20_tales_of_the_galiant_sage,j775.webp,Set 20 Tales Of The Galiant Sage,0,0,['Fire'],,,,,,,,Common,
J776,J776,Jutsu,set_20_tales_of_the_galiant_sage,j776.webp,Set 20 Tales Of The Galiant Sage,0,0,['Fire'],,,,,,,,Common,
J777,J777,Jutsu,set_20_tales_of_the_galiant_sage,j777.webp,Set 20 Tales Of The Galiant Sage,0,0,['Fire'],,,,,,,,Common,
J778,J778,Jutsu,set_20_tales_of_the_galiant_sage,j778.webp,Set 20 Tales Of The Galiant Sage,0,0,['Fire'],,,,,,,,Common,
J779,J779,Jutsu,set_20_tales_of_the_galiant_sage,j779.webp,Set 20 Tales Of The Galiant Sage,0,0,['Fire'],,,,,,,,Common,
J780,J780,Jutsu,set_20_tales_of_the_galiant_sage,j780.webp,Set 20 Tales Of The Galiant Sage,0,0,['Fire'],,,,,,,,Common,
J781,J781,Jutsu,set_20_tales_of_the_galiant_sage,j781.webp,Set 20 Tales Of The Galiant Sage,0,0,['Fire'],,,,,,,,Common,
J782,J782,Jutsu,set_20_tales_of_the_galiant_sage,j782.webp,Set 20 Tales Of The Galiant Sage,0,0,['Fire'],,,,,,,,Common,
J783,J783,Jutsu,set_20_tales_of_the_galiant_sage,j783.webp,Set 20 Tales Of The Galiant Sage,0,0,['Fire'],,,,,,,,Common,
J784,J784,Jutsu,set_20_tales_of_the_galiant_sage,j784.webp,Set 20 Tales Of The Galiant Sage,0,0,['Fire'],,,,,,,,Common,
J785,J785,Jutsu,set_20_tales_of_the_galiant_sage,j785.webp,Set 20 Tales Of The Galiant Sage,0,0,['Fire'],,,,,,,,Common,
J786,J786,Jutsu,set_20_tales_of_the_galiant_sage,j786.webp,Set 20 Tales Of The Galiant Sage,0,0,['Fire'],,,,,,,,Common,
J787,J787,Jutsu,set_20_tales_of_the_galiant_sage,j787.webp,Set 20 Tales Of The Galiant Sage,0,0,['Fire'],,,,,,,,Common,
J788,J788,Jutsu,set_20_tales_of_the_galiant_sage,j788.webp,Set 20 Tales Of The Galiant Sage,0,0,['Fire'],,,,,,,,Common,
J789,J789,Jutsu,set_20_tales_of_the_galiant_sage,j789.webp,Set 20 Tales Of The Galiant Sage,0,0,['Fire'],,,,,,,,Common,
J790,J790,Jutsu,set_20_tales_of_the_galiant_sage,j790.webp,Set 20 Tales Of The Galiant Sage,0,0,['Fire'],,,,,,,,Common,
J791,J791,Jutsu,set_20_tales_of_the_galiant_sage,j791.webp,Set 20 Tales Of The Galiant Sage,0,0,['Fire'],,,,,,,,Common,
J792,J792,Jutsu,set_20_tales_of_the_galiant_sage,j792.webp,Set 20 Tales Of The Galiant Sage,0,0,['Fire'],,,,,,,,Common,
J793,J793,Jutsu,set_20_tales_of_the_galiant_sage,j793.webp,Set 20 Tales Of The Galiant Sage,0,0,['Fire'],,,,,,,,Common,
J794,J794,Jutsu,set_20_tales_of_the_galiant_sage,j794.webp,Set 20 Tales Of The Galiant Sage,0,0,['Fire'],,,,,,,,Common,
J795,J795,Jutsu,set_20_tales_of_the_galiant_sage,j795.webp,Set 20 Tales Of The Galiant Sage,0,0,['Fire'],,,,,,,,Common,
J796E,J796E,Jutsu,set_20_tales_of_the_galiant_sage,j796e.webp,Set 20 Tales Of The Galiant Sage,0,0,['Fire'],,,,,,,,Common,
J797,J797,Jutsu,set_20_tales_of_the_galiant_sage,j797.webp,Set 20 Tales Of The Galiant Sage,0,0,['Fire'],,,,,,,,Common,
J798,J798,Jutsu,set_20_tales_of_the_galiant_sage,j798.webp,Set 20 Tales Of The Galiant Sage,0,0,['Fire'],,,,,,,,Common,
J799,J799,Jutsu,set_20_tales_of_the_galiant_sage,j799.webp,Set 20 Tales Of The Galiant Sage,0,0,['Fire'],,,,,,,,Common,
J800,J800,Jutsu,set_20_tales_of_the_galiant_sage,j800.webp,Set 20 Tales Of The Galiant Sage,0,0,['Fire'],,,,,,,,Common,
J801,J801,Jutsu,set_20_tales_of_the_galiant_sage,j801.webp,Set 20 Tales Of The Galiant Sage,0,0,['Fire'],,,,,,,,Common,
M723,M723,Mission,set_20_tales_of_the_galiant_sage,m723.webp,Set 20 Tales Of The Galiant Sage,0,0,['Fire'],,,,,,,,Common,
M724E,M724E,Mission,set_20_tales_of_the_galiant_sage,m724e.webp,Set 20 Tales Of The Galiant Sage,0,0,['Fire'],,,,,,,,Common,
M725,M725,Mission,set_20_tales_of_the_galiant_sage,m725.webp,Set 20 Tales Of The Galiant Sage,0,0,['Fire'],,,,,,,,Common,
M726,M726,Mission,set_20_tales_of_the_galiant_sage,m726.webp,Set 20 Tales Of The Galiant Sage,0,0,['Fire'],,,,,,,,Common,
M727,M727,Mission,set_20_tales_of_the_galiant_sage,m727.webp,Set 20 Tales Of The Galiant Sage,0,0,['Fire'],,,,,,,,Common,
M728,M728,Mission,set_20_tales_of_the_galiant_sage,m728.webp,Set 20 Tales Of The Galiant Sage,0,0,['Fire'],,,,,,,,Common,
M729,M729,Mission,set_20_tales_of_the_galiant_sage,m729.webp,Set 20 Tales Of The Galiant Sage,0,0,['Fire'],,,,,,,,Common,
M730,M730,Mission,set_20_tales_of_the_galiant_sage,m730.webp,Set 20 Tales Of The Galiant Sage,0,0,['Fire'],,,,,,,,Common,
M731,M731,Mission,set_20_tales_of_the_galiant_sage,m731.webp,Set 20 Tales Of The Galiant Sage,0,0,['Fire'],,,,,,,,Common,
M732,M732,Mission,set_20_tales_of_the_galiant_sage,m732.webp,Set 20 Tales Of The Galiant Sage,0,0,['Fire'],,,,,,,,Common,
M733,M733,Mission,set_20_tales_of_the_galiant_sage,m733.webp,Set 20 Tales Of The Galiant Sage,0,0,['Fire'],,,,,,,,Common,
M734E,M734E,Mission,set_20_tales_of_the_galiant_sage,m734e.webp,Set 20 Tales Of The Galiant Sage,0,0,['Fire'],,,,,,,,Common,
M735E,M735E,Mission,set_20_tales_of_the_galiant_sage,m735e.webp,Set 20 Tales Of The Galiant Sage,0,0,['Fire'],,,,,,,,Common,
M736,M736,Mission,set_20_tales_of_the_galiant_sage,m736.webp,Set 20 Tales Of The Galiant Sage,0,0,['Fire'],,,,,,,,Common,
M737,M737,Mission,set_20_tales_of_the_galiant_sage,m737.webp,Set 20 Tales Of The Galiant Sage,0,0,['Fire'],,,,,,,,Common,
M738,M738,Mission,set_20_tales_of_the_galiant_sage,m738.webp,Set 20 Tales Of The Galiant Sage,0,0,['Fire'],,,,,,,,Common,
M739,M739,Mission,set_20_tales_of_the_galiant_sage,m739.webp,Set 20 Tales Of The Galiant Sage,0,0,['Fire'],,,,,,,,Common,
M740,M740,Mission,set_20_tales_of_the_galiant_sage,m740.webp,Set 20 Tales Of The Galiant Sage,0,0,['Fire'],,,,,,,,Common,
M741,M741,Mission,set_20_tales_of_the_galiant_sage,m741.webp,Set 20 Tales Of The Galiant Sage,0,0,['Fire'],,,,,,,,Common,
M742,M742,Mission,set_20_tales_of_the_galiant_sage,m742.webp,Set 20 Tales Of The Galiant Sage,0,0,['Fire'],,,,,,,,Common,
M743,M743,Mission,set_20_tales_of_the_galiant_sage,m743.webp,Set 20 Tales Of The Galiant Sage,0,0,['Fire'],,,,,,,,Common,
M744,M744,Mission,set_20_tales_of_the_galiant_sage,m744.webp,Set 20 Tales Of The Galiant Sage,0,0,['Fire'],,,,,,,,Common,
M745,M745,Mission,set_20_tales_of_the_galiant_sage,m745.webp,Set 20 Tales Of The Galiant Sage,0,0,['Fire'],,,,,,,,Common,
M746,M746,Mission,set_20_tales_of_the_galiant_sage,m746.webp,Set 20 Tales Of The Galiant Sage,0,0,['Fire'],,,,,,,,Common,
M747,M747,Mission,set_20_tales_of_the_galiant_sage,m747.webp,Set 20 Tales Of The Galiant Sage,0,0,['Fire'],,,,,,,,Common,
M748,M748,Mission,set_20_tales_of_the_galiant_sage,m748.webp,Set 20 Tales Of The Galiant Sage,0,0,['Fire'],,,,,,,,Common,
N1037,N1037,Ninja,set_20_tales_of_the_galiant_sage,n1037.webp,Set 20 Tales Of The Galiant Sage,0,0,['Fire'],,,,,,,,Common,
N1038E,N1038E,Ninja,set_20_tales_of_the_galiant_sage,n1038e.webp,Set 20 Tales Of The Galiant Sage,0,0,['Fire'],,,,,,,,Common,
N1039,N1039,Ninja,set_20_tales_of_the_galiant_sage,n1039.webp,Set 20 Tales Of The Galiant Sage,0,0,['Fire'],,,,,,,,Common,
N1040,N1040,Ninja,set_20_tales_of_the_galiant_sage,n1040.webp,Set 20 Tales Of The Galiant Sage,0,0,['Fire'],,,,,,,,Common,
N1041,N1041,Ninja,set_20_tales_of_the_galiant_sage,n1041.webp,Set 20 Tales Of The Galiant Sage,0,0,['Fire'],,,,,,,,Common,
N1042,N1042,Ninja,set_20_tales_of_the_galiant_sage,n1042.webp,Set 20 Tales Of The Galiant Sage,0,0,['Fire'],,,,,,,,Common,
N1043,N1043,Ninja,set_20_tales_of_the_galiant_sage,n1043.webp,Set 20 Tales Of The Galiant Sage,0,0,['Fire'],,,,,,,,Common,
N1044,N1044,Ninja,set_20_tales_of_the_galiant_sage,n1044.webp,Set 20 Tales Of The Galiant Sage,0,0,['Fire'],,,,,,,,Common,
N1045,N1045,Ninja,set_20_tales_of_the_galiant_sage,n1045.webp,Set 20 Tales Of The Galiant Sage,0,0,['Fire'],,,,,,,,Common,
N1046,N1046,Ninja,set_20_tales_of_the_galiant_sage,n1046.webp,Set 20 Tales Of The Galiant Sage,0,0,['Fire'],,,,,,,,Common,
N1047,N1047,Ninja,set_20_tales_of_the_galiant_sage,n1047.webp,Set 20 Tales Of The Galiant Sage,0,0,['Fire'],,,,,,,,Common,
N1048,N1048,Ninja,set_20_tales_of_the_galiant_sage,n1048.webp,Set 20 Tales Of The Galiant Sage,0,0,['Fire'],,,,,,,,Common,
N1049,N1049,Ninja,set_20_tales_of_the_galiant_sage,n1049.webp,Set 20 Tales Of The Galiant Sage,0,0,['Fire'],,,,,,,,Common,
N1050,N1050,Ninja,set_20_tales_of_the_galiant_sage,n1050.webp,Set 20 Tales Of The Galiant Sage,0,0,['Fire'],,,,,,,,Common,
N1051,N1051,Ninja,set_20_tales_of_the_galiant_sage,n1051.webp,Set 20 Tales Of The Galiant Sage,0,0,['Fire'],,,,,,,,Common,
N1052,N1052,Ninja,set_20_tales_of_the_galiant_sage,n1052.webp,Set 20 Tales Of The Galiant Sage,0,0,['Fire'],,,,,,,,Common,
N1053,N1053,Ninja,set_20_tales_of_the_galiant_sage,n1053.webp,Set 20 Tales Of The Galiant Sage,0,0,['Fire'],,,,,,,,Common,
N1054,N1054,Ninja,set_20_tales_of_the_galiant_sage,n1054.webp,Set 20 Tales Of The Galiant Sage,0,0,['Fire'],,,,,,,,Common,
N1055,N1055,Ninja,set_20_tales_of_the_galiant_sage,n1055.webp,Set 20 Tales Of The Galiant Sage,0,0,['Fire'],,,,,,,,Common,
N1056,N1056,Ninja,set_20_tales_of_the_galiant_sage,n1056.webp,Set 20 Tales Of The Galiant Sage,0,0,['Fire'],,,,,,,,Common,
N1057,N1057,Ninja,set_20_tales_of_the_galiant_sage,n1057.webp,Set 20 Tales Of The Galiant Sage,0,0,['Fire'],,,,,,,,Common,
N1058,N1058,Ninja,set_20_tales_of_the_galiant_sage,n1058.webp,Set 20 Tales Of The Galiant Sage,0,0,['Fire'],,,,,,,,Common,
N1059,N1059,Ninja,set_20_tales_of_the_galiant_sage,n1059.webp,Set 20 Tales Of The Galiant Sage,0,0,['Fire'],,,,,,,,Common,
N1060,N1060,Ninja,set_20_tales_of_the_galiant_sage,n1060.webp,Set 20 Tales Of The Galiant Sage,0,0,['Fire'],,,,,,,,Common,
N1061,N1061,Ninja,set_20_tales_of_the_galiant_sage,n1061.webp,Set 20 Tales Of The Galiant Sage,0,0,['Fire'],,,,,,,,Common,
N1062,N1062,Ninja,set_20_tales_of_the_galiant_sage,n1062.webp,Set 20 Tales Of The Galiant Sage,0,0,['Fire'],,,,,,,,Common,
N1063,N1063,Ninja,set_20_tales_of_the_galiant_sage,n1063.webp,Set 20 Tales Of The Galiant Sage,0,0,['Fire'],,,,,,,,Common,
N1064,N1064,Ninja,set_20_tales_of_the_galiant_sage,n1064.webp,Set 20 Tales Of The Galiant Sage,0,0,['Fire'],,,,,,,,Common,
N1065,N1065,Ninja,set_20_tales_of_the_galiant_sage,n1065.webp,Set 20 Tales Of The Galiant Sage,0,0,['Fire'],,,,,,,,Common,
N1066,N1066,Ninja,set_20_tales_of_the_galiant_sage,n1066.webp,Set 20 Tales Of The Galiant Sage,0,0,['Fire'],,,,,,,,Common,
N1067,N1067,Ninja,set_20_tales_of_the_galiant_sage,n1067.webp,Set 20 Tales Of The Galiant Sage,0,0,['Fire'],,,,,,,,Common,
N1068,N1068,Ninja,set_20_tales_of_the_galiant_sage,n1068.webp,Set 20 Tales Of The Galiant Sage,0,0,['Fire'],,,,,,,,Common,
N1069,N1069,Ninja,set_20_tales_of_the_galiant_sage,n1069.webp,Set 20 Tales Of The Galiant Sage,0,0,['Fire'],,,,,,,,Common,
N1070,N1070,Ninja,set_20_tales_of_the_galiant_sage,n1070.webp,Set 20 Tales Of The Galiant Sage,0,0,['Fire'],,,,,,,,Common,
N1071,N1071,Ninja,set_20_tales_of_the_galiant_sage,n1071.webp,Set 20 Tales Of The Galiant Sage,0,0,['Fire'],,,,,,,,Common,
N1072,N1072,Ninja,set_20_tales_of_the_galiant_sage,n1072.webp,Set 20 Tales Of The Galiant Sage,0,0,['Fire'],,,,,,,,Common,
N1073E,N1073E,Ninja,set_20_tales_of_the_galiant_sage,n1073e.webp,Set 20 Tales Of The Galiant Sage,0,0,['Fire'],,,,,,,,Common,
N1074,N1074,Ninja,set_20_tales_of_the_galiant_sage,n1074.webp,Set 20 Tales Of The Galiant Sage,0,0,['Fire'],,,,,,,,Common,
N1075,N1075,Ninja,set_20_tales_of_the_galiant_sage,n1075.webp,Set 20 Tales Of The Galiant Sage,0,0,['Fire'],,,,,,,,Common,
N1076,N1076,Ninja,set_20_tales_of_the_galiant_sage,n1076.webp,Set 20 Tales Of The Galiant Sage,0,0,['Fire'],,,,,,,,Common,
N1077,N1077,Ninja,set_20_tales_of_the_galiant_sage,n1077.webp,Set 20 Tales Of The Galiant Sage,0,0,['Fire'],,,,,,,,Common,
N1078,N1078,Ninja,set_20_tales_of_the_galiant_sage,n1078.webp,Set 20 Tales Of The Galiant Sage,0,0,['Fire'],,,,,,,,Common,
N1079,N1079,Ninja,set_20_tales_of_the_galiant_sage,n1079.webp,Set 20 Tales Of The Galiant Sage,0,0,['Fire'],,,,,,,,Common,
N1080,N1080,Ninja,set_20_tales_of_the_galiant_sage,n1080.webp,Set 20 Tales Of The Galiant Sage,0,0,['Fire'],,,,,,,,Common,
N1081,N1081,Ninja,set_20_tales_of_the_galiant_sage,n1081.webp,Set 20 Tales Of The Galiant Sage,0,0,['Fire'],,,,,,,,Common,
N1082,N1082,Ninja,set_20_tales_of_the_galiant_sage,n1082.webp,Set 20 Tales Of The Galiant Sage,0,0,['Fire'],,,,,,,,Common,
N1083,N1083,Ninja,set_20_tales_of_the_galiant_sage,n1083.webp,Set 20 Tales Of The Galiant Sage,0,0,['Fire'],,,,,,,,Common,
N1084,N1084,Ninja,set_20_tales_of_the_galiant_sage,n1084.webp,Set 20 Tales Of The Galiant Sage,0,0,['Fire'],,,,,,,,Common,
N1085,N1085,Ninja,set_20_tales_of_the_galiant_sage,n1085.webp,Set 20 Tales Of The Galiant Sage,0,0,['Fire'],,,,,,,,Common,
N1086,N1086,Ninja,set_20_tales_of_the_galiant_sage,n1086.webp,Set 20 Tales Of The Galiant Sage,0,0,['Fire'],,,,,,,,Common,
N1087,N1087,Ninja,set_20_tales_of_the_galiant_sage,n1087.webp,Set 20 Tales Of The Galiant Sage,0,0,['Fire'],,,,,,,,Common,
N1088,N1088,Ninja,set_20_tales_of_the_galiant_sage,n1088.webp,Set 20 Tales Of The Galiant Sage,0,0,['Fire'],,,,,,,,Common,
N1089,N1089,Ninja,set_20_tales_of_the_galiant_sage,n1089.webp,Set 20 Tales Of The Galiant Sage,0,0,['Fire'],,,,,,,,Common,
N1090E,N1090E,Ninja,set_20_tales_of_the_galiant_sage,n1090e.webp,Set 20 Tales Of The Galiant Sage,0,0,['Fire'],,,,,,,,Common,
N1091E,N1091E,Ninja,set_20_tales_of_the_galiant_sage,n1091e.webp,Set 20 Tales Of The Galiant Sage,0,0,['Fire'],,,,,,,,Common,
N1092,N1092,Ninja,set_20_tales_of_the_galiant_sage,n1092.webp,Set 20 Tales Of The Galiant Sage,0,0,['Fire'],,,,,,,,Common,
N1093E,N1093E,Ninja,set_20_tales_of_the_galiant_sage,n1093e.webp,Set 20 Tales Of The Galiant Sage,0,0,['Fire'],,,,,,,,Common,
N1094,N1094,Ninja,set_20_tales_of_the_galiant_sage,n1094.webp,Set 20 Tales Of The Galiant Sage,0,0,['Fire'],,,,,,,,Common,
N1095,N1095,Ninja,set_20_tales_of_the_galiant_sage,n1095.webp,Set 20 Tales Of The Galiant Sage,0,0,['Fire'],,,,,,,,Common,
N1096E,N1096E,Ninja,set_20_tales_of_the_galiant_sage,n1096e.webp,Set 20 Tales Of The Galiant Sage,0,0,['Fire'],,,,,,,,Common,
N1097,N1097,Ninja,set_20_tales_of_the_galiant_sage,n1097.webp,Set 20 Tales Of The Galiant Sage,0,0,['Fire'],,,,,,,,Common,
N1098,N1098,Ninja,set_20_tales_of_the_galiant_sage,n1098.webp,Set 20 Tales Of The Galiant Sage,0,0,['Fire'],,,,,,,,Common,
N1099E,N1099E,Ninja,set_20_tales_of_the_galiant_sage,n1099e.webp,Set 20 Tales Of The Galiant Sage,0,0,['Fire'],,,,,,,,Common,
N1100E,N1100E,Ninja,set_20_tales_of_the_galiant_sage,n1100e.webp,Set 20 Tales Of The Galiant Sage,0,0,['Fire'],,,,,,,,Common,
N1101,N1101,Ninja,set_20_tales_of_the_galiant_sage,n1101.webp,Set 20 Tales Of The Galiant Sage,0,0,['Fire'],,,,,,,,Common,
J827,J827,Jutsu,set_21.5_tournament_pack_3,j827.webp,Set 21.5 Tournament Pack 3,0,0,['Fire'],,,,,,,,Common,
J828,J828,Jutsu,set_21.5_tournament_pack_3,j828.webp,Set 21.5 Tournament Pack 3,0,0,['Fire'],,,,,,,,Common,
J829,J829,Jutsu,set_21.5_tournament_pack_3,j829.webp,Set 21.5 Tournament Pack 3,0,0,['Fire'],,,,,,,,Common,
J830E,J830E,Jutsu,set_21.5_tournament_pack_3,j830e.webp,Set 21.5 Tournament Pack 3,0,0,['Fire'],,,,,,,,Common,
J831,J831,Jutsu,set_21.5_tournament_pack_3,j831.webp,Set 21.5 Tournament Pack 3,0,0,['Fire'],,,,,,,,Common,
J832,J832,Jutsu,set_21.5_tournament_pack_3,j832.webp,Set 21.5 Tournament Pack 3,0,0,['Fire'],,,,,,,,Common,
J833,J833,Jutsu,set_21.5_tournament_pack_3,j833.webp,Set 21.5 Tournament Pack 3,0,0,['Fire'],,,,,,,,Common,
J834,J834,Jutsu,set_21.5_tournament_pack_3,j834.webp,Set 21.5 Tournament Pack 3,0,0,['Fire'],,,,,,,,Common,
J835,J835,Jutsu,set_21.5_tournament_pack_3,j835.webp,Set 21.5 Tournament Pack 3,0,0,['Fire'],,,,,,,,Common,
J836,J836,Jutsu,set_21.5_tournament_pack_3,j836.webp,Set 21.5 Tournament Pack 3,0,0,['Fire'],,,,,,,,Common,
J837,J837,Jutsu,set_21.5_tournament_pack_3,j837.webp,Set 21.5 Tournament Pack 3,0,0,['Fire'],,,,,,,,Common,
J838,J838,Jutsu,set_21.5_tournament_pack_3,j838.webp,Set 21.5 Tournament Pack 3,0,0,['Fire'],,,,,,,,Common,
M776,M776,Mission,set_21.5_tournament_pack_3,m776.webp,Set 21.5 Tournament Pack 3,0,0,['Fire'],,,,,,,,Common,
M777,M777,Mission,set_21.5_tournament_pack_3,m777.webp,Set 21.5 Tournament Pack 3,0,0,['Fire'],,,,,,,,Common,
M778,M778,Mission,set_21.5_tournament_pack_3,m778.webp,Set 21.5 Tournament Pack 3,0,0,['Fire'],,,,,,,,Common,
M779,M779,Mission,set_21.5_tournament_pack_3,m779.webp,Set 21.5 Tournament Pack 3,0,0,['Fire'],,,,,,,,Common,
M780,M780,Mission,set_21.5_tournament_pack_3,m780.webp,Set 21.5 Tournament Pack 3,0,0,['Fire'],,,,,,,,Common,
M781,M781,Mission,set_21.5_tournament_pack_3,m781.webp,Set 21.5 Tournament Pack 3,0,0,['Fire'],,,,,,,,Common,
M782,M782,Mission,set_21.5_tournament_pack_3,m782.webp,Set 21.5 Tournament Pack 3,0,0,['Fire'],,,,,,,,Common,
M783,M783,Mission,set_21.5_tournament_pack_3,m783.webp,Set 21.5 Tournament Pack 3,0,0,['Fire'],,,,,,,,Common,
M784,M784,Mission,set_21.5_tournament_pack_3,m784.webp,Set 21.5 Tournament Pack 3,0,0,['Fire'],,,,,,,,Common,
M785,M785,Mission,set_21.5_tournament_pack_3,m785.webp,Set 21.5 Tournament Pack 3,0,0,['Fire'],,,,,,,,Common,
M786,M786,Mission,set_21.5_tournament_pack_3,m786.webp,Set 21.5 Tournament Pack 3,0,0,['Fire'],,,,,,,,Common,
M787,M787,Mission,set_21.5_tournament_pack_3,m787.webp,Set 21.5 Tournament Pack 3,0,0,['Fire'],,,,,,,,Common,
N1170,N1170,Ninja,set_21.5_tournament_pack_3,n1170.webp,Set 21.5 Tournament Pack 3,0,0,['Fire'],,,,,,,,Common,
N1171,N1171,Ninja,set_21.5_tournament_pack_3,n1171.webp,Set 21.5 Tournament Pack 3,0,0,['Fire'],,,,,,,,Common,
N1172,N1172,Ninja,set_21.5_tournament_pack_3,n1172.webp,Set 21.5 Tournament Pack 3,0,0,['Fire'],,,,,,,,Common,
N1173,N1173,Ninja,set_21.5_tournament_pack_3,n1173.webp,Set 21.5 Tournament Pack 3,0,0,['Fire'],,,,,,,,Common,
N1174,N1174,Ninja,set_21.5_tournament_pack_3,n1174.webp,Set 21.5 Tournament Pack 3,0,0,['Fire'],,,,,,,,Common,
N1175,N1175,Ninja,set_21.5_tournament_pack_3,n1175.webp,Set 21.5 Tournament Pack 3,0,0,['Fire'],,,,,,,,Common,
N1176,N1176,Ninja,set_21.5_tournament_pack_3,n1176.webp,Set 21.5 Tournament Pack 3,0,0,['Fire'],,,,,,,,Common,
N1177,N1177,Ninja,set_21.5_tournament_pack_3,n1177.webp,Set 21.5 Tournament Pack 3,0,0,['Fire'],,,,,,,,Common,
N1178,N1178,Ninja,set_21.5_tournament_pack_3,n1178.webp,Set 21.5 Tournament Pack 3,0,0,['Fire'],,,,,,,,Common,
N1179,N1179,Ninja,set_21.5_tournament_pack_3,n1179.webp,Set 21.5 Tournament Pack 3,0,0,['Fire'],,,,,,,,Common,
N1180,N1180,Ninja,set_21.5_tournament_pack_3,n1180.webp,Set 21.5 Tournament Pack 3,0,0,['Fire'],,,,,,,,Common,
N1181,N1181,Ninja,set_21.5_tournament_pack_3,n1181.webp,Set 21.5 Tournament Pack 3,0,0,['Fire'],,,,,,,,Common,
N1182,N1182,Ninja,set_21.5_tournament_pack_3,n1182.webp,Set 21.5 Tournament Pack 3,0,0,['Fire'],,,,,,,,Common,
N1183,N1183,Ninja,set_21.5_tournament_pack_3,n1183.webp,Set 21.5 Tournament Pack 3,0,0,['Fire'],,,,,,,,Common,
N1184,N1184,Ninja,set_21.5_tournament_pack_3,n1184.webp,Set 21.5 Tournament Pack 3,0,0,['Fire'],,,,,,,,Common,
N1185,N1185,Ninja,set_21.5_tournament_pack_3,n1185.webp,Set 21.5 Tournament Pack 3,0,0,['Fire'],,,,,,,,Common,
N1186,N1186,Ninja,set_21.5_tournament_pack_3,n1186.webp,Set 21.5 Tournament Pack 3,0,0,['Fire'],,,,,,,,Common,
N1187,N1187,Ninja,set_21.5_tournament_pack_3,n1187.webp,Set 21.5 Tournament Pack 3,0,0,['Fire'],,,,,,,,Common,
N1188,N1188,Ninja,set_21.5_tournament_pack_3,n1188.webp,Set 21.5 Tournament Pack 3,0,0,['Fire'],,,,,,,,Common,
N1189,N1189,Ninja,set_21.5_tournament_pack_3,n1189.webp,Set 21.5 Tournament Pack 3,0,0,['Fire'],,,,,,,,Common,
N1190,N1190,Ninja,set_21.5_tournament_pack_3,n1190.webp,Set 21.5 Tournament Pack 3,0,0,['Fire'],,,,,,,,Common,
N1191,N1191,Ninja,set_21.5_tournament_pack_3,n1191.webp,Set 21.5 Tournament Pack 3,0,0,['Fire'],,,,,,,,Common,
N1192,N1192,Ninja,set_21.5_tournament_pack_3,n1192.webp,Set 21.5 Tournament Pack 3,0,0,['Fire'],,,,,,,,Common,
N1193,N1193,Ninja,set_21.5_tournament_pack_3,n1193.webp,Set 21.5 Tournament Pack 3,0,0,['Fire'],,,,,,,,Common,
N1194,N1194,Ninja,set_21.5_tournament_pack_3,n1194.webp,Set 21.5 Tournament Pack 3,0,0,['Fire'],,,,,,,,Common,
N1195,N1195,Ninja,set_21.5_tournament_pack_3,n1195.webp,Set 21.5 Tournament Pack 3,0,0,['Fire'],,,,,,,,Common,
N1196,N1196,Ninja,set_21.5_tournament_pack_3,n1196.webp,Set 21.5 Tournament Pack 3,0,0,['Fire'],,,,,,,,Common,
N1197,N1197,Ninja,set_21.5_tournament_pack_3,n1197.webp,Set 21.5 Tournament Pack 3,0,0,['Fire'],,,,,,,,Common,
N1198,N1198,Ninja,set_21.5_tournament_pack_3,n1198.webp,Set 21.5 Tournament Pack 3,0,0,['Fire'],,,,,,,,Common,
N1199,N1199,Ninja,set_21.5_tournament_pack_3,n1199.webp,Set 21.5 Tournament Pack 3,0,0,['Fire'],,,,,,,,Common,
N1200,N1200,Ninja,set_21.5_tournament_pack_3,n1200.webp,Set 21.5 Tournament Pack 3,0,0,['Fire'],,,,,,,,Common,
N1201,N1201,Ninja,set_21.5_tournament_pack_3,n1201.webp,Set 21.5 Tournament Pack 3,0,0,['Fire'],,,,,,,,Common,
N1202,N1202,Ninja,set_21.5_tournament_pack_3,n1202.webp,Set 21.5 Tournament Pack 3,0,0,['Fire'],,,,,,,,Common,
N1203,N1203,Ninja,set_21.5_tournament_pack_3,n1203.webp,Set 21.5 Tournament Pack 3,0,0,['Fire'],,,,,,,,Common,
N1204,N1204,Ninja,set_21.5_tournament_pack_3,n1204.webp,Set 21.5 Tournament Pack 3,0,0,['Fire'],,,,,,,,Common,
N1205,N1205,Ninja,set_21.5_tournament_pack_3,n1205.webp,Set 21.5 Tournament Pack 3,0,0,['Fire'],,,,,,,,Common,
J802,J802,Jutsu,set_21_shattered_truth,j802.webp,Set 21 Shattered Truth,0,0,['Fire'],,,,,,,,Common,
J803,J803,Jutsu,set_21_shattered_truth,j803.webp,Set 21 Shattered Truth,0,0,['Fire'],,,,,,,,Common,
J804,J804,Jutsu,set_21_shattered_truth,j804.webp,Set 21 Shattered Truth,0,0,['Fire'],,,,,,,,Common,
J805,J805,Jutsu,set_21_shattered_truth,j805.webp,Set 21 Shattered Truth,0,0,['Fire'],,,,,,,,Common,
J806,J806,Jutsu,set_21_shattered_truth,j806.webp,Set 21 Shattered Truth,0,0,['Fire'],,,,,,,,Common,
J807,J807,Jutsu,set_21_shattered_truth,j807.webp,Set 21 Shattered Truth,0,0,['Fire'],,,,,,,,Common,
J808,J808,Jutsu,set_21_shattered_truth,j808.webp,Set 21 Shattered Truth,0,0,['Fire'],,,,,,,,Common,
J809,J809,Jutsu,set_21_shattered_truth,j809.webp,Set 21 Shattered Truth,0,0,['Fire'],,,,,,,,Common,
J810,J810,Jutsu,set_21_shattered_truth,j810.webp,Set 21 Shattered Truth,0,0,['Fire'],,,,,,,,Common,
J811,J811,Jutsu,set_21_shattered_truth,j811.webp,Set 21 Shattered Truth,0,0,['Fire'],,,,,,,,Common,
J812,J812,Jutsu,set_21_shattered_truth,j812.webp,Set 21 Shattered Truth,0,0,['Fire'],,,,,,,,Common,
J813,J813,Jutsu,set_21_shattered_truth,j813.webp,Set 21 Shattered Truth,0,0,['Fire'],,,,,,,,Common,
J814,J814,Jutsu,set_21_shattered_truth,j814.webp,Set 21 Shattered Truth,0,0,['Fire'],,,,,,,,Common,
J815,J815,Jutsu,set_21_shattered_truth,j815.webp,Set 21 Shattered Truth,0,0,['Fire'],,,,,,,,Common,
J816,J816,Jutsu,set_21_shattered_truth,j816.webp,Set 21 Shattered Truth,0,0,['Fire'],,,,,,,,Common,
J817,J817,Jutsu,set_21_shattered_truth,j817.webp,Set 21 Shattered Truth,0,0,['Fire'],,,,,,,,Common,
J818,J818,Jutsu,set_21_shattered_truth,j818.webp,Set 21 Shattered Truth,0,0,['Fire'],,,,,,,,Common,
J819,J819,Jutsu,set_21_shattered_truth,j819.webp,Set 21 Shattered Truth,0,0,['Fire'],,,,,,,,Common,
J820,J820,Jutsu,set_21_shattered_truth,j820.webp,Set 21 Shattered Truth,0,0,['Fire'],,,,,,,,Common,
J821,J821,Jutsu,set_21_shattered_truth,j821.webp,Set 21 Shattered Truth,0,0,['Fire'],,,,,,,,Common,
J822,J822,Jutsu,set_21_shattered_truth,j822.webp,Set 21 Shattered Truth,0,0,['Fire'],,,,,,,,Common,
J823,J823,Jutsu,set_21_shattered_truth,j823.webp,Set 21 Shattered Truth,0,0,['Fire'],,,,,,,,Common,
J824,J824,Jutsu,set_21_shattered_truth,j824.webp,Set 21 Shattered Truth,0,0,['Fire'],,,,,,,,Common,
J825,J825,Jutsu,set_21_shattered_truth,j825.webp,Set 21 Shattered Truth,0,0,['Fire'],,,,,,,,Common,
J826,J826,Jutsu,set_21_shattered_truth,j826.webp,Set 21 Shattered Truth,0,0,['Fire'],,,,,,,,Common,
M749,M749,Mission,set_21_shattered_truth,m749.webp,Set 21 Shattered Truth,0,0,['Fire'],,,,,,,,Common,
M750,M750,Mission,set_21_shattered_truth,m750.webp,Set 21 Shattered Truth,0,0,['Fire'],,,,,,,,Common,
M751,M751,Mission,set_21_shattered_truth,m751.webp,Set 21 Shattered Truth,0,0,['Fire'],,,,,,,,Common,
M752,M752,Mission,set_21_shattered_truth,m752.webp,Set 21 Shattered Truth,0,0,['Fire'],,,,,,,,Common,
M753,M753,Mission,set_21_shattered_truth,m753.webp,Set 21 Shattered Truth,0,0,['Fire'],,,,,,,,Common,
M754,M754,Mission,set_21_shattered_truth,m754.webp,Set 21 Shattered Truth,0,0,['Fire'],,,,,,,,Common,
M755,M755,Mission,set_21_shattered_truth,m755.webp,Set 21 Shattered Truth,0,0,['Fire'],,,,,,,,Common,
M756,M756,Mission,set_21_shattered_truth,m756.webp,Set 21 Shattered Truth,0,0,['Fire'],,,,,,,,Common,
M757,M757,Mission,set_21_shattered_truth,m757.webp,Set 21 Shattered Truth,0,0,['Fire'],,,,,,,,Common,
M758,M758,Mission,set_21_shattered_truth,m758.webp,Set 21 Shattered Truth,0,0,['Fire'],,,,,,,,Common,
M759,M759,Mission,set_21_shattered_truth,m759.webp,Set 21 Shattered Truth,0,0,['Fire'],,,,,,,,Common,
M760,M760,Mission,set_21_shattered_truth,m760.webp,Set 21 Shattered Truth,0,0,['Fire'],,,,,,,,Common,
M761,M761,Mission,set_21_shattered_truth,m761.webp,Set 21 Shattered Truth,0,0,['Fire'],,,,,,,,Common,
M762,M762,Mission,set_21_shattered_truth,m762.webp,Set 21 Shattered Truth,0,0,['Fire'],,,,,,,,Common,
M763,M763,Mission,set_21_shattered_truth,m763.webp,Set 21 Shattered Truth,0,0,['Fire'],,,,,,,,Common,
M764E,M764E,Mission,set_21_shattered_truth,m764e.webp,Set 21 Shattered Truth,0,0,['Fire'],,,,,,,,Common,
M765,M765,Mission,set_21_shattered_truth,m765.webp,Set 21 Shattered Truth,0,0,['Fire'],,,,,,,,Common,
M766,M766,Mission,set_21_shattered_truth,m766.webp,Set 21 Shattered Truth,0,0,['Fire'],,,,,,,,Common,
M767,M767,Mission,set_21_shattered_truth,m767.webp,Set 21 Shattered Truth,0,0,['Fire'],,,,,,,,Common,
M768,M768,Mission,set_21_shattered_truth,m768.webp,Set 21 Shattered Truth,0,0,['Fire'],,,,,,,,Common,
M769,M769,Mission,set_21_shattered_truth,m769.webp,Set 21 Shattered Truth,0,0,['Fire'],,,,,,,,Common,
M770,M770,Mission,set_21_shattered_truth,m770.webp,Set 21 Shattered Truth,0,0,['Fire'],,,,,,,,Common,
M771,M771,Mission,set_21_shattered_truth,m771.webp,Set 21 Shattered Truth,0,0,['Fire'],,,,,,,,Common,
M772E,M772E,Mission,set_21_shattered_truth,m772e.webp,Set 21 Shattered Truth,0,0,['Fire'],,,,,,,,Common,
M773,M773,Mission,set_21_shattered_truth,m773.webp,Set 21 Shattered Truth,0,0,['Fire'],,,,,,,,Common,
M774,M774,Mission,set_21_shattered_truth,m774.webp,Set 21 Shattered Truth,0,0,['Fire'],,,,,,,,Common,
M775,M775,Mission,set_21_shattered_truth,m775.webp,Set 21 Shattered Truth,0,0,['Fire'],,,,,,,,Common,
N1102,N1102,Ninja,set_21_shattered_truth,n1102.webp,Set 21 Shattered Truth,0,0,['Fire'],,,,,,,,Common,
N1103,N1103,Ninja,set_21_shattered_truth,n1103.webp,Set 21 Shattered Truth,0,0,['Fire'],,,,,,,,Common,
N1104,N1104,Ninja,set_21_shattered_truth,n1104.webp,Set 21 Shattered Truth,0,0,['Fire'],,,,,,,,Common,
N1105,N1105,Ninja,set_21_shattered_truth,n1105.webp,Set 21 Shattered Truth,0,0,['Fire'],,,,,,,,Common,
N1106,N1106,Ninja,set_21_shattered_truth,n1106.webp,Set 21 Shattered Truth,0,0,['Fire'],,,,,,,,Common,
N1106E,N1106E,Ninja,set_21_shattered_truth,n1106e.webp,Set 21 Shattered Truth,0,0,['Fire'],,,,,,,,Common,
N1107,N1107,Ninja,set_21_shattered_truth,n1107.webp,Set 21 Shattered Truth,0,0,['Fire'],,,,,,,,Common,
N1108,N1108,Ninja,set_21_shattered_truth,n1108.webp,Set 21 Shattered Truth,0,0,['Fire'],,,,,,,,Common,
N1109,N1109,Ninja,set_21_shattered_truth,n1109.webp,Set 21 Shattered Truth,0,0,['Fire'],,,,,,,,Common,
N1110,N1110,Ninja,set_21_shattered_truth,n1110.webp,Set 21 Shattered Truth,0,0,['Fire'],,,,,,,,Common,
N1111,N1111,Ninja,set_21_shattered_truth,n1111.webp,Set 21 Shattered Truth,0,0,['Fire'],,,,,,,,Common,
N1112,N1112,Ninja,set_21_shattered_truth,n1112.webp,Set 21 Shattered Truth,0,0,['Fire'],,,,,,,,Common,
N1113,N1113,Ninja,set_21_shattered_truth,n1113.webp,Set 21 Shattered Truth,0,0,['Fire'],,,,,,,,Common,
N1114,N1114,Ninja,set_21_shattered_truth,n1114.webp,Set 21 Shattered Truth,0,0,['Fire'],,,,,,,,Common,
N1115,N1115,Ninja,set_21_shattered_truth,n1115.webp,Set 21 Shattered Truth,0,0,['Fire'],,,,,,,,Common,
N1116,N1116,Ninja,set_21_shattered_truth,n1116.webp,Set 21 Shattered Truth,0,0,['Fire'],,,,,,,,Common,
N1117,N1117,Ninja,set_21_shattered_truth,n1117.webp,Set 21 Shattered Truth,0,0,['Fire'],,,,,,,,Common,
N1118,N1118,Ninja,set_21_shattered_truth,n1118.webp,Set 21 Shattered Truth,0,0,['Fire'],,,,,,,,Common,
N1119,N1119,Ninja,set_21_shattered_truth,n1119.webp,Set 21 Shattered Truth,0,0,['Fire'],,,,,,,,Common,
N1120,N1120,Ninja,set_21_shattered_truth,n1120.webp,Set 21 Shattered Truth,0,0,['Fire'],,,,,,,,Common,
N1121,N1121,Ninja,set_21_shattered_truth,n1121.webp,Set 21 Shattered Truth,0,0,['Fire'],,,,,,,,Common,
N1122,N1122,Ninja,set_21_shattered_truth,n1122.webp,Set 21 Shattered Truth,0,0,['Fire'],,,,,,,,Common,
N1123,N1123,Ninja,set_21_shattered_truth,n1123.webp,Set 21 Shattered Truth,0,0,['Fire'],,,,,,,,Common,
N1124,N1124,Ninja,set_21_shattered_truth,n1124.webp,Set 21 Shattered Truth,0,0,['Fire'],,,,,,,,Common,
N1125,N1125,Ninja,set_21_shattered_truth,n1125.webp,Set 21 Shattered Truth,0,0,['Fire'],,,,,,,,Common,
N1126,N1126,Ninja,set_21_shattered_truth,n1126.webp,Set 21 Shattered Truth,0,0,['Fire'],,,,,,,,Common,
N1127,N1127,Ninja,set_21_shattered_truth,n1127.webp,Set 21 Shattered Truth,0,0,['Fire'],,,,,,,,Common,
N1128,N1128,Ninja,set_21_shattered_truth,n1128.webp,Set 21 Shattered Truth,0,0,['Fire'],,,,,,,,Common,
N1129,N1129,Ninja,set_21_shattered_truth,n1129.webp,Set 21 Shattered Truth,0,0,['Fire'],,,,,,,,Common,
N1130E,N1130E,Ninja,set_21_shattered_truth,n1130e.webp,Set 21 Shattered Truth,0,0,['Fire'],,,,,,,,Common,
N1131E,N1131E,Ninja,set_21_shattered_truth,n1131e.webp,Set 21 Shattered Truth,0,0,['Fire'],,,,,,,,Common,
N1132,N1132,Ninja,set_21_shattered_truth,n1132.webp,Set 21 Shattered Truth,0,0,['Fire'],,,,,,,,Common,
N1133,N1133,Ninja,set_21_shattered_truth,n1133.webp,Set 21 Shattered Truth,0,0,['Fire'],,,,,,,,Common,
N1134,N1134,Ninja,set_21_shattered_truth,n1134.webp,Set 21 Shattered Truth,0,0,['Fire'],,,,,,,,Common,
N1135,N1135,Ninja,set_21_shattered_truth,n1135.webp,Set 21 Shattered Truth,0,0,['Fire'],,,,,,,,Common,
N1136,N1136,Ninja,set_21_shattered_truth,n1136.webp,Set 21 Shattered Truth,0,0,['Fire'],,,,,,,,Common,
N1137,N1137,Ninja,set_21_shattered_truth,n1137.webp,Set 21 Shattered Truth,0,0,['Fire'],,,,,,,,Common,
N1138,N1138,Ninja,set_21_shattered_truth,n1138.webp,Set 21 Shattered Truth,0,0,['Fire'],,,,,,,,Common,
N1139,N1139,Ninja,set_21_shattered_truth,n1139.webp,Set 21 Shattered Truth,0,0,['Fire'],,,,,,,,Common,
N1140E,N1140E,Ninja,set_21_shattered_truth,n1140e.webp,Set 21 Shattered Truth,0,0,['Fire'],,,,,,,,Common,
N1141,N1141,Ninja,set_21_shattered_truth,n1141.webp,Set 21 Shattered Truth,0,0,['Fire'],,,,,,,,Common,
N1142,N1142,Ninja,set_21_shattered_truth,n1142.webp,Set 21 Shattered Truth,0,0,['Fire'],,,,,,,,Common,
N1143,N1143,Ninja,set_21_shattered_truth,n1143.webp,Set 21 Shattered Truth,0,0,['Fire'],,,,,,,,Common,
N1144,N1144,Ninja,set_21_shattered_truth,n1144.webp,Set 21 Shattered Truth,0,0,['Fire'],,,,,,,,Common,
N1145,N1145,Ninja,set_21_shattered_truth,n1145.webp,Set 21 Shattered Truth,0,0,['Fire'],,,,,,,,Common,
N1146,N1146,Ninja,set_21_shattered_truth,n1146.webp,Set 21 Shattered Truth,0,0,['Fire'],,,,,,,,Common,
N1147E,N1147E,Ninja,set_21_shattered_truth,n1147e.webp,Set 21 Shattered Truth,0,0,['Fire'],,,,,,,,Common,
N1148,N1148,Ninja,set_21_shattered_truth,n1148.webp,Set 21 Shattered Truth,0,0,['Fire'],,,,,,,,Common,
N1149,N1149,Ninja,set_21_shattered_truth,n1149.webp,Set 21 Shattered Truth,0,0,['Fire'],,,,,,,,Common,
N1150,N1150,Ninja,set_21_shattered_truth,n1150.webp,Set 21 Shattered Truth,0,0,['Fire'],,,,,,,,Common,
N1151,N1151,Ninja,set_21_shattered_truth,n1151.webp,Set 21 Shattered Truth,0,0,['Fire'],,,,,,,,Common,
N1152,N1152,Ninja,set_21_shattered_truth,n1152.webp,Set 21 Shattered Truth,0,0,['Fire'],,,,,,,,Common,
N1153,N1153,Ninja,set_21_shattered_truth,n1153.webp,Set 21 Shattered Truth,0,0,['Fire'],,,,,,,,Common,
N1154,N1154,Ninja,set_21_shattered_truth,n1154.webp,Set 21 Shattered Truth,0,0,['Fire'],,,,,,,,Common,
N1155,N1155,Ninja,set_21_shattered_truth,n1155.webp,Set 21 Shattered Truth,0,0,['Fire'],,,,,,,,Common,
N1156,N1156,Ninja,set_21_shattered_truth,n1156.webp,Set 21 Shattered Truth,0,0,['Fire'],,,,,,,,Common,
N1157,N1157,Ninja,set_21_shattered_truth,n1157.webp,Set 21 Shattered Truth,0,0,['Fire'],,,,,,,,Common,
N1158,N1158,Ninja,set_21_shattered_truth,n1158.webp,Set 21 Shattered Truth,0,0,['Fire'],,,,,,,,Common,
N1159,N1159,Ninja,set_21_shattered_truth,n1159.webp,Set 21 Shattered Truth,0,0,['Fire'],,,,,,,,Common,
N1160,N1160,Ninja,set_21_shattered_truth,n1160.webp,Set 21 Shattered Truth,0,0,['Fire'],,,,,,,,Common,
N1161,N1161,Ninja,set_21_shattered_truth,n1161.webp,Set 21 Shattered Truth,0,0,['Fire'],,,,,,,,Common,
N1162,N1162,Ninja,set_21_shattered_truth,n1162.webp,Set 21 Shattered Truth,0,0,['Fire'],,,,,,,,Common,
N1163,N1163,Ninja,set_21_shattered_truth,n1163.webp,Set 21 Shattered Truth,0,0,['Fire'],,,,,,,,Common,
N1164,N1164,Ninja,set_21_shattered_truth,n1164.webp,Set 21 Shattered Truth,0,0,['Fire'],,,,,,,,Common,
N1165,N1165,Ninja,set_21_shattered_truth,n1165.webp,Set 21 Shattered Truth,0,0,['Fire'],,,,,,,,Common,
N1166,N1166,Ninja,set_21_shattered_truth,n1166.webp,Set 21 Shattered Truth,0,0,['Fire'],,,,,,,,Common,
N1167,N1167,Ninja,set_21_shattered_truth,n1167.webp,Set 21 Shattered Truth,0,0,['Fire'],,,,,,,,Common,
N1168,N1168,Ninja,set_21_shattered_truth,n1168.webp,Set 21 Shattered Truth,0,0,['Fire'],,,,,,,,Common,
N1169,N1169,Ninja,set_21_shattered_truth,n1169.webp,Set 21 Shattered Truth,0,0,['Fire'],,,,,,,,Common,
J839E,J839E,Jutsu,set_22_weapons_of_war,j839e.webp,Set 22 Weapons Of War,0,0,['Fire'],,,,,,,,Common,
J840E,J840E,Jutsu,set_22_weapons_of_war,j840e.webp,Set 22 Weapons Of War,0,0,['Fire'],,,,,,,,Common,
J841,J841,Jutsu,set_22_weapons_of_war,j841.webp,Set 22 Weapons Of War,0,0,['Fire'],,,,,,,,Common,
J842,J842,Jutsu,set_22_weapons_of_war,j842.webp,Set 22 Weapons Of War,0,0,['Fire'],,,,,,,,Common,
J843,J843,Jutsu,set_22_weapons_of_war,j843.webp,Set 22 Weapons Of War,0,0,['Fire'],,,,,,,,Common,
J844,J844,Jutsu,set_22_weapons_of_war,j844.webp,Set 22 Weapons Of War,0,0,['Fire'],,,,,,,,Common,
J845,J845,Jutsu,set_22_weapons_of_war,j845.webp,Set 22 Weapons Of War,0,0,['Fire'],,,,,,,,Common,
J846,J846,Jutsu,set_22_weapons_of_war,j846.webp,Set 22 Weapons Of War,0,0,['Fire'],,,,,,,,Common,
J847,J847,Jutsu,set_22_weapons_of_war,j847.webp,Set 22 Weapons Of War,0,0,['Fire'],,,,,,,,Common,
J848,J848,Jutsu,set_22_weapons_of_war,j848.webp,Set 22 Weapons Of War,0,0,['Fire'],,,,,,,,Common,
J849,J849,Jutsu,set_22_weapons_of_war,j849.webp,Set 22 Weapons Of War,0,0,['Fire'],,,,,,,,Common,
J850,J850,Jutsu,set_22_weapons_of_war,j850.webp,Set 22 Weapons Of War,0,0,['Fire'],,,,,,,,Common,
J851,J851,Jutsu,set_22_weapons_of_war,j851.webp,Set 22 Weapons Of War,0,0,['Fire'],,,,,,,,Common,
J852,J852,Jutsu,set_22_weapons_of_war,j852.webp,Set 22 Weapons Of War,0,0,['Fire'],,,,,,,,Common,
J853,J853,Jutsu,set_22_weapons_of_war,j853.webp,Set 22 Weapons Of War,0,0,['Fire'],,,,,,,,Common,
J854,J854,Jutsu,set_22_weapons_of_war,j854.webp,Set 22 Weapons Of War,0,0,['Fire'],,,,,,,,Common,
J855,J855,Jutsu,set_22_weapons_of_war,j855.webp,Set 22 Weapons Of War,0,0,['Fire'],,,,,,,,Common,
J856,J856,Jutsu,set_22_weapons_of_war,j856.webp,Set 22 Weapons Of War,0,0,['Fire'],,,,,,,,Common,
J857,J857,Jutsu,set_22_weapons_of_war,j857.webp,Set 22 Weapons Of War,0,0,['Fire'],,,,,,,,Common,
J858,J858,Jutsu,set_22_weapons_of_war,j858.webp,Set 22 Weapons Of War,0,0,['Fire'],,,,,,,,Common,
J859,J859,Jutsu,set_22_weapons_of_war,j859.webp,Set 22 Weapons Of War,0,0,['Fire'],,,,,,,,Common,
J860,J860,Jutsu,set_22_weapons_of_war,j860.webp,Set 22 Weapons Of War,0,0,['Fire'],,,,,,,,Common,
J861,J861,Jutsu,set_22_weapons_of_war,j861.webp,Set 22 Weapons Of War,0,0,['Fire'],,,,,,,,Common,
J862,J862,Jutsu,set_22_weapons_of_war,j862.webp,Set 22 Weapons Of War,0,0,['Fire'],,,,,,,,Common,
J863,J863,Jutsu,set_22_weapons_of_war,j863.webp,Set 22 Weapons Of War,0,0,['Fire'],,,,,,,,Common,
J864,J864,Jutsu,set_22_weapons_of_war,j864.webp,Set 22 Weapons Of War,0,0,['Fire'],,,,,,,,Common,
M788,M788,Mission,set_22_weapons_of_war,m788.webp,Set 22 Weapons Of War,0,0,['Fire'],,,,,,,,Common,
M789,M789,Mission,set_22_weapons_of_war,m789.webp,Set 22 Weapons Of War,0,0,['Fire'],,,,,,,,Common,
M790,M790,Mission,set_22_weapons_of_war,m790.webp,Set 22 Weapons Of War,0,0,['Fire'],,,,,,,,Common,
M791,M791,Mission,set_22_weapons_of_war,m791.webp,Set 22 Weapons Of War,0,0,['Fire'],,,,,,,,Common,
M792,M792,Mission,set_22_weapons_of_war,m792.webp,Set 22 Weapons Of War,0,0,['Fire'],,,,,,,,Common,
M793,M793,Mission,set_22_weapons_of_war,m793.webp,Set 22 Weapons Of War,0,0,['Fire'],,,,,,,,Common,
M794,M794,Mission,set_22_weapons_of_war,m794.webp,Set 22 Weapons Of War,0,0,['Fire'],,,,,,,,Common,
M795,M795,Mission,set_22_weapons_of_war,m795.webp,Set 22 Weapons Of War,0,0,['Fire'],,,,,,,,Common,
M796E,M796E,Mission,set_22_weapons_of_war,m796e.webp,Set 22 Weapons Of War,0,0,['Fire'],,,,,,,,Common,
M797,M797,Mission,set_22_weapons_of_war,m797.webp,Set 22 Weapons Of War,0,0,['Fire'],,,,,,,,Common,
M798,M798,Mission,set_22_weapons_of_war,m798.webp,Set 22 Weapons Of War,0,0,['Fire'],,,,,,,,Common,
M799,M799,Mission,set_22_weapons_of_war,m799.webp,Set 22 Weapons Of War,0,0,['Fire'],,,,,,,,Common,
M800,M800,Mission,set_22_weapons_of_war,m800.webp,Set 22 Weapons Of War,0,0,['Fire'],,,,,,,,Common,
M801,M801,Mission,set_22_weapons_of_war,m801.webp,Set 22 Weapons Of War,0,0,['Fire'],,,,,,,,Common,
M802,M802,Mission,set_22_weapons_of_war,m802.webp,Set 22 Weapons Of War,0,0,['Fire'],,,,,,,,Common,
M803,M803,Mission,set_22_weapons_of_war,m803.webp,Set 22 Weapons Of War,0,0,['Fire'],,,,,,,,Common,
M804,M804,Mission,set_22_weapons_of_war,m804.webp,Set 22 Weapons Of War,0,0,['Fire'],,,,,,,,Common,
M805,M805,Mission,set_22_weapons_of_war,m805.webp,Set 22 Weapons Of War,0,0,['Fire'],,,,,,,,Common,
M806,M806,Mission,set_22_weapons_of_war,m806.webp,Set 22 Weapons Of War,0,0,['Fire'],,,,,,,,Common,
M807,M807,Mission,set_22_weapons_of_war,m807.webp,Set 22 Weapons Of War,0,0,['Fire'],,,,,,,,Common,
M808,M808,Mission,set_22_weapons_of_war,m808.webp,Set 22 Weapons Of War,0,0,['Fire'],,,,,,,,Common,
M809,M809,Mission,set_22_weapons_of_war,m809.webp,Set 22 Weapons Of War,0,0,['Fire'],,,,,,,,Common,
M810,M810,Mission,set_22_weapons_of_war,m810.webp,Set 22 Weapons Of War,0,0,['Fire'],,,,,,,,Common,
M811,M811,Mission,set_22_weapons_of_war,m811.webp,Set 22 Weapons Of War,0,0,['Fire'],,,,,,,,Common,
M812,M812,Mission,set_22_weapons_of_war,m812.webp,Set 22 Weapons Of War,0,0,['Fire'],,,,,,,,Common,
M813,M813,Mission,set_22_weapons_of_war,m813.webp,Set 22 Weapons Of War,0,0,['Fire'],,,,,,,,Common,
M814,M814,Mission,set_22_weapons_of_war,m814.webp,Set 22 Weapons Of War,0,0,['Fire'],,,,,,,,Common,
M815,M815,Mission,set_22_weapons_of_war,m815.webp,Set 22 Weapons Of War,0,0,['Fire'],,,,,,,,Common,
M816,M816,Mission,set_22_weapons_of_war,m816.webp,Set 22 Weapons Of War,0,0,['Fire'],,,,,,,,Common,
N1206,N1206,Ninja,set_22_weapons_of_war,n1206.webp,Set 22 Weapons Of War,0,0,['Fire'],,,,,,,,Common,
N1207,N1207,Ninja,set_22_weapons_of_war,n1207.webp,Set 22 Weapons Of War,0,0,['Fire'],,,,,,,,Common,
N1208,N1208,Ninja,set_22_weapons_of_war,n1208.webp,Set 22 Weapons Of War,0,0,['Fire'],,,,,,,,Common,
N1209,N1209,Ninja,set_22_weapons_of_war,n1209.webp,Set 22 Weapons Of War,0,0,['Fire'],,,,,,,,Common,
N1210,N1210,Ninja,set_22_weapons_of_war,n1210.webp,Set 22 Weapons Of War,0,0,['Fire'],,,,,,,,Common,
N1211E,N1211E,Ninja,set_22_weapons_of_war,n1211e.webp,Set 22 Weapons Of War,0,0,['Fire'],,,,,,,,Common,
N1212,N1212,Ninja,set_22_weapons_of_war,n1212.webp,Set 22 Weapons Of War,0,0,['Fire'],,,,,,,,Common,
N1213,N1213,Ninja,set_22_weapons_of_war,n1213.webp,Set 22 Weapons Of War,0,0,['Fire'],,,,,,,,Common,
N1214,N1214,Ninja,set_22_weapons_of_war,n1214.webp,Set 22 Weapons Of War,0,0,['Fire'],,,,,,,,Common,
N1215,N1215,Ninja,set_22_weapons_of_war,n1215.webp,Set 22 Weapons Of War,0,0,['Fire'],,,,,,,,Common,
N1216,N1216,Ninja,set_22_weapons_of_war,n1216.webp,Set 22 Weapons Of War,0,0,['Fire'],,,,,,,,Common,
N1217,N1217,Ninja,set_22_weapons_of_war,n1217.webp,Set 22 Weapons Of War,0,0,['Fire'],,,,,,,,Common,
N1218,N1218,Ninja,set_22_weapons_of_war,n1218.webp,Set 22 Weapons Of War,0,0,['Fire'],,,,,,,,Common,
N1219,N1219,Ninja,set_22_weapons_of_war,n1219.webp,Set 22 Weapons Of War,0,0,['Fire'],,,,,,,,Common,
N1220,N1220,Ninja,set_22_weapons_of_war,n1220.webp,Set 22 Weapons Of War,0,0,['Fire'],,,,,,,,Common,
N1221,N1221,Ninja,set_22_weapons_of_war,n1221.webp,Set 22 Weapons Of War,0,0,['Fire'],,,,,,,,Common,
N1222,N1222,Ninja,set_22_weapons_of_war,n1222.webp,Set 22 Weapons Of War,0,0,['Fire'],,,,,,,,Common,
N1223,N1223,Ninja,set_22_weapons_of_war,n1223.webp,Set 22 Weapons Of War,0,0,['Fire'],,,,,,,,Common,
N1224,N1224,Ninja,set_22_weapons_of_war,n1224.webp,Set 22 Weapons Of War,0,0,['Fire'],,,,,,,,Common,
N1225E,N1225E,Ninja,set_22_weapons_of_war,n1225e.webp,Set 22 Weapons Of War,0,0,['Fire'],,,,,,,,Common,
N1226,N1226,Ninja,set_22_weapons_of_war,n1226.webp,Set 22 Weapons Of War,0,0,['Fire'],,,,,,,,Common,
N1227,N1227,Ninja,set_22_weapons_of_war,n1227.webp,Set 22 Weapons Of War,0,0,['Fire'],,,,,,,,Common,
N1228,N1228,Ninja,set_22_weapons_of_war,n1228.webp,Set 22 Weapons Of War,0,0,['Fire'],,,,,,,,Common,
N1229,N1229,Ninja,set_22_weapons_of_war,n1229.webp,Set 22 Weapons Of War,0,0,['Fire'],,,,,,,,Common,
N1230,N1230,Ninja,set_22_weapons_of_war,n1230.webp,Set 22 Weapons Of War,0,0,['Fire'],,,,,,,,Common,
N1231,N1231,Ninja,set_22_weapons_of_war,n1231.webp,Set 22 Weapons Of War,0,0,['Fire'],,,,,,,,Common,
N1232,N1232,Ninja,set_22_weapons_of_war,n1232.webp,Set 22 Weapons Of War,0,0,['Fire'],,,,,,,,Common,
N1233,N1233,Ninja,set_22_weapons_of_war,n1233.webp,Set 22 Weapons Of War,0,0,['Fire'],,,,,,,,Common,
N1234,N1234,Ninja,set_22_weapons_of_war,n1234.webp,Set 22 Weapons Of War,0,0,['Fire'],,,,,,,,Common,
N1235,N1235,Ninja,set_22_weapons_of_war,n1235.webp,Set 22 Weapons Of War,0,0,['Fire'],,,,,,,,Common,
N1236,N1236,Ninja,set_22_weapons_of_war,n1236.webp,Set 22 Weapons Of War,0,0,['Fire'],,,,,,,,Common,
N1237,N1237,Ninja,set_22_weapons_of_war,n1237.webp,Set 22 Weapons Of War,0,0,['Fire'],,,,,,,,Common,
N1238,N1238,Ninja,set_22_weapons_of_war,n1238.webp,Set 22 Weapons Of War,0,0,['Fire'],,,,,,,,Common,
N1239,N1239,Ninja,set_22_weapons_of_war,n1239.webp,Set 22 Weapons Of War,0,0,['Fire'],,,,,,,,Common,
N1240,N1240,Ninja,set_22_weapons_of_war,n1240.webp,Set 22 Weapons Of War,0,0,['Fire'],,,,,,,,Common,
N1241,N1241,Ninja,set_22_weapons_of_war,n1241.webp,Set 22 Weapons Of War,0,0,['Fire'],,,,,,,,Common,
N1242,N1242,Ninja,set_22_weapons_of_war,n1242.webp,Set 22 Weapons Of War,0,0,['Fire'],,,,,,,,Common,
N1243,N1243,Ninja,set_22_weapons_of_war,n1243.webp,Set 22 Weapons Of War,0,0,['Fire'],,,,,,,,Common,
N1244E,N1244E,Ninja,set_22_weapons_of_war,n1244e.webp,Set 22 Weapons Of War,0,0,['Fire'],,,,,,,,Common,
N1245,N1245,Ninja,set_22_weapons_of_war,n1245.webp,Set 22 Weapons Of War,0,0,['Fire'],,,,,,,,Common,
N1246,N1246,Ninja,set_22_weapons_of_war,n1246.webp,Set 22 Weapons Of War,0,0,['Fire'],,,,,,,,Common,
N1247,N1247,Ninja,set_22_weapons_of_war,n1247.webp,Set 22 Weapons Of War,0,0,['Fire'],,,,,,,,Common,
N1248,N1248,Ninja,set_22_weapons_of_war,n1248.webp,Set 22 Weapons Of War,0,0,['Fire'],,,,,,,,Common,
N1249,N1249,Ninja,set_22_weapons_of_war,n1249.webp,Set 22 Weapons Of War,0,0,['Fire'],,,,,,,,Common,
N1250,N1250,Ninja,set_22_weapons_of_war,n1250.webp,Set 22 Weapons Of War,0,0,['Fire'],,,,,,,,Common,
N1251,N1251,Ninja,set_22_weapons_of_war,n1251.webp,Set 22 Weapons Of War,0,0,['Fire'],,,,,,,,Common,
N1252,N1252,Ninja,set_22_weapons_of_war,n1252.webp,Set 22 Weapons Of War,0,0,['Fire'],,,,,,,,Common,
N1253,N1253,Ninja,set_22_weapons_of_war,n1253.webp,Set 22 Weapons Of War,0,0,['Fire'],,,,,,,,Common,
N1254,N1254,Ninja,set_22_weapons_of_war,n1254.webp,Set 22 Weapons Of War,0,0,['Fire'],,,,,,,,Common,
N1255,N1255,Ninja,set_22_weapons_of_war,n1255.webp,Set 22 Weapons Of War,0,0,['Fire'],,,,,,,,Common,
N1256,N1256,Ninja,set_22_weapons_of_war,n1256.webp,Set 22 Weapons Of War,0,0,['Fire'],,,,,,,,Common,
N1257,N1257,Ninja,set_22_weapons_of_war,n1257.webp,Set 22 Weapons Of War,0,0,['Fire'],,,,,,,,Common,
N1258,N1258,Ninja,set_22_weapons_of_war,n1258.webp,Set 22 Weapons Of War,0,0,['Fire'],,,,,,,,Common,
N1259,N1259,Ninja,set_22_weapons_of_war,n1259.webp,Set 22 Weapons Of War,0,0,['Fire'],,,,,,,,Common,
N1260,N1260,Ninja,set_22_weapons_of_war,n1260.webp,Set 22 Weapons Of War,0,0,['Fire'],,,,,,,,Common,
N1261,N1261,Ninja,set_22_weapons_of_war,n1261.webp,Set 22 Weapons Of War,0,0,['Fire'],,,,,,,,Common,
N1262E,N1262E,Ninja,set_22_weapons_of_war,n1262e.webp,Set 22 Weapons Of War,0,0,['Fire'],,,,,,,,Common,
N1263,N1263,Ninja,set_22_weapons_of_war,n1263.webp,Set 22 Weapons Of War,0,0,['Fire'],,,,,,,,Common,
N1264,N1264,Ninja,set_22_weapons_of_war,n1264.webp,Set 22 Weapons Of War,0,0,['Fire'],,,,,,,,Common,
N1265,N1265,Ninja,set_22_weapons_of_war,n1265.webp,Set 22 Weapons Of War,0,0,['Fire'],,,,,,,,Common,
N1266,N1266,Ninja,set_22_weapons_of_war,n1266.webp,Set 22 Weapons Of War,0,0,['Fire'],,,,,,,,Common,
N1267,N1267,Ninja,set_22_weapons_of_war,n1267.webp,Set 22 Weapons Of War,0,0,['Fire'],,,,,,,,Common,
N1268,N1268,Ninja,set_22_weapons_of_war,n1268.webp,Set 22 Weapons Of War,0,0,['Fire'],,,,,,,,Common,
N1269,N1269,Ninja,set_22_weapons_of_war,n1269.webp,Set 22 Weapons Of War,0,0,['Fire'],,,,,,,,Common,
C019,C019,Client,set_23.5_tournament_pack_4,c019.webp,Set 23.5 Tournament Pack 4,0,0,['Fire'],,,,,,,,Common,
C032,C032,Client,set_23.5_tournament_pack_4,c032.webp,Set 23.5 Tournament Pack 4,0,0,['Fire'],,,,,,,,Common,
C048,C048,Client,set_23.5_tournament_pack_4,c048.webp,Set 23.5 Tournament Pack 4,0,0,['Fire'],,,,,,,,Common,
C059,C059,Client,set_23.5_tournament_pack_4,c059.webp,Set 23.5 Tournament Pack 4,0,0,['Fire'],,,,,,,,Common,
J021,J021,Jutsu,set_23.5_tournament_pack_4,j021.webp,Set 23.5 Tournament Pack 4,0,0,['Fire'],,,,,,,,Common,
J214,J214,Jutsu,set_23.5_tournament_pack_4,j214.webp,Set 23.5 Tournament Pack 4,0,0,['Fire'],,,,,,,,Common,
J268E,J268E,Jutsu,set_23.5_tournament_pack_4,j268e.webp,Set 23.5 Tournament Pack 4,0,0,['Fire'],,,,,,,,Common,
J462,J462,Jutsu,set_23.5_tournament_pack_4,j462.webp,Set 23.5 Tournament Pack 4,0,0,['Fire'],,,,,,,,Common,
J890,J890,Jutsu,set_23.5_tournament_pack_4,j890.webp,Set 23.5 Tournament Pack 4,0,0,['Fire'],,,,,,,,Common,
J891,J891,Jutsu,set_23.5_tournament_pack_4,j891.webp,Set 23.5 Tournament Pack 4,0,0,['Fire'],,,,,,,,Common,
J892,J892,Jutsu,set_23.5_tournament_pack_4,j892.webp,Set 23.5 Tournament Pack 4,0,0,['Fire'],,,,,,,,Common,
J893,J893,Jutsu,set_23.5_tournament_pack_4,j893.webp,Set 23.5 Tournament Pack 4,0,0,['Fire'],,,,,,,,Common,
J894,J894,Jutsu,set_23.5_tournament_pack_4,j894.webp,Set 23.5 Tournament Pack 4,0,0,['Fire'],,,,,,,,Common,
JUS065,JUS065,Jutsu,set_23.5_tournament_pack_4,jus065.webp,Set 23.5 Tournament Pack 4,0,0,['Fire'],,,,,,,,Common,
M080,M080,Mission,set_23.5_tournament_pack_4,m080.webp,Set 23.5 Tournament Pack 4,0,0,['Fire'],,,,,,,,Common,
M092,M092,Mission,set_23.5_tournament_pack_4,m092.webp,Set 23.5 Tournament Pack 4,0,0,['Fire'],,,,,,,,Common,
M847,M847,Mission,set_23.5_tournament_pack_4,m847.webp,Set 23.5 Tournament Pack 4,0,0,['Fire'],,,,,,,,Common,
M848,M848,Mission,set_23.5_tournament_pack_4,m848.webp,Set 23.5 Tournament Pack 4,0,0,['Fire'],,,,,,,,Common,
M849,M849,Mission,set_23.5_tournament_pack_4,m849.webp,Set 23.5 Tournament Pack 4,0,0,['Fire'],,,,,,,,Common,
M850,M850,Mission,set_23.5_tournament_pack_4,m850.webp,Set 23.5 Tournament Pack 4,0,0,['Fire'],,,,,,,,Common,
M851,M851,Mission,set_23.5_tournament_pack_4,m851.webp,Set 23.5 Tournament Pack 4,0,0,['Fire'],,,,,,,,Common,
M852,M852,Mission,set_23.5_tournament_pack_4,m852.webp,Set 23.5 Tournament Pack 4,0,0,['Fire'],,,,,,,,Common,
M853,M853,Mission,set_23.5_tournament_pack_4,m853.webp,Set 23.5 Tournament Pack 4,0,0,['Fire'],,,,,,,,Common,
M854,M854,Mission,set_23.5_tournament_pack_4,m854.webp,Set 23.5 Tournament Pack 4,0,0,['Fire'],,,,,,,,Common,
N1335,N1335,Ninja,set_23.5_tournament_pack_4,n1335.webp,Set 23.5 Tournament Pack 4,0,0,['Fire'],,,,,,,,Common,
N1336,N1336,Ninja,set_23.5_tournament_pack_4,n1336.webp,Set 23.5 Tournament Pack 4,0,0,['Fire'],,,,,,,,Common,
N1337,N1337,Ninja,set_23.5_tournament_pack_4,n1337.webp,Set 23.5 Tournament Pack 4,0,0,['Fire'],,,,,,,,Common,
N1338,N1338,Ninja,set_23.5_tournament_pack_4,n1338.webp,Set 23.5 Tournament Pack 4,0,0,['Fire'],,,,,,,,Common,
N1339,N1339,Ninja,set_23.5_tournament_pack_4,n1339.webp,Set 23.5 Tournament Pack 4,0,0,['Fire'],,,,,,,,Common,
N1340,N1340,Ninja,set_23.5_tournament_pack_4,n1340.webp,Set 23.5 Tournament Pack 4,0,0,['Fire'],,,,,,,,Common,
N1341,N1341,Ninja,set_23.5_tournament_pack_4,n1341.webp,Set 23.5 Tournament Pack 4,0,0,['Fire'],,,,,,,,Common,
N1342,N1342,Ninja,set_23.5_tournament_pack_4,n1342.webp,Set 23.5 Tournament Pack 4,0,0,['Fire'],,,,,,,,Common,
N1343,N1343,Ninja,set_23.5_tournament_pack_4,n1343.webp,Set 23.5 Tournament Pack 4,0,0,['Fire'],,,,,,,,Common,
N1344,N1344,Ninja,set_23.5_tournament_pack_4,n1344.webp,Set 23.5 Tournament Pack 4,0,0,['Fire'],,,,,,,,Common,
N1345,N1345,Ninja,set_23.5_tournament_pack_4,n1345.webp,Set 23.5 Tournament Pack 4,0,0,['Fire'],,,,,,,,Common,
N1346,N1346,Ninja,set_23.5_tournament_pack_4,n1346.webp,Set 23.5 Tournament Pack 4,0,0,['Fire'],,,,,,,,Common,
N1347,N1347,Ninja,set_23.5_tournament_pack_4,n1347.webp,Set 23.5 Tournament Pack 4,0,0,['Fire'],,,,,,,,Common,
N1348,N1348,Ninja,set_23.5_tournament_pack_4,n1348.webp,Set 23.5 Tournament Pack 4,0,0,['Fire'],,,,,,,,Common,
N1349,N1349,Ninja,set_23.5_tournament_pack_4,n1349.webp,Set 23.5 Tournament Pack 4,0,0,['Fire'],,,,,,,,Common,
N1350,N1350,Ninja,set_23.5_tournament_pack_4,n1350.webp,Set 23.5 Tournament Pack 4,0,0,['Fire'],,,,,,,,Common,
N1351,N1351,Ninja,set_23.5_tournament_pack_4,n1351.webp,Set 23.5 Tournament Pack 4,0,0,['Fire'],,,,,,,,Common,
N1352,N1352,Ninja,set_23.5_tournament_pack_4,n1352.webp,Set 23.5 Tournament Pack 4,0,0,['Fire'],,,,,,,,Common,
N1353,N1353,Ninja,set_23.5_tournament_pack_4,n1353.webp,Set 23.5 Tournament Pack 4,0,0,['Fire'],,,,,,,,Common,
N1354,N1354,Ninja,set_23.5_tournament_pack_4,n1354.webp,Set 23.5 Tournament Pack 4,0,0,['Fire'],,,,,,,,Common,
N1355,N1355,Ninja,set_23.5_tournament_pack_4,n1355.webp,Set 23.5 Tournament Pack 4,0,0,['Fire'],,,,,,,,Common,
N1356,N1356,Ninja,set_23.5_tournament_pack_4,n1356.webp,Set 23.5 Tournament Pack 4,0,0,['Fire'],,,,,,,,Common,
N1357,N1357,Ninja,set_23.5_tournament_pack_4,n1357.webp,Set 23.5 Tournament Pack 4,0,0,['Fire'],,,,,,,,Common,
N320,N320,Ninja,set_23.5_tournament_pack_4,n320.webp,Set 23.5 Tournament Pack 4,0,0,['Fire'],,,,,,,,Common,
N365E,N365E,Ninja,set_23.5_tournament_pack_4,n365e.webp,Set 23.5 Tournament Pack 4,0,0,['Fire'],,,,,,,,Common,
N424,N424,Ninja,set_23.5_tournament_pack_4,n424.webp,Set 23.5 Tournament Pack 4,0,0,['Fire'],,,,,,,,Common,
N454,N454,Ninja,set_23.5_tournament_pack_4,n454.webp,Set 23.5 Tournament Pack 4,0,0,['Fire'],,,,,,,,Common,
N488,N488,Ninja,set_23.5_tournament_pack_4,n488.webp,Set 23.5 Tournament Pack 4,0,0,['Fire'],,,,,,,,Common,
N560,N560,Ninja,set_23.5_tournament_pack_4,n560.webp,Set 23.5 Tournament Pack 4,0,0,['Fire'],,,,,,,,Common,
N595,N595,Ninja,set_23.5_tournament_pack_4,n595.webp,Set 23.5 Tournament Pack 4,0,0,['Fire'],,,,,,,,Common,
N635,N635,Ninja,set_23.5_tournament_pack_4,n635.webp,Set 23.5 Tournament Pack 4,0,0,['Fire'],,,,,,,,Common,
N657,N657,Ninja,set_23.5_tournament_pack_4,n657.webp,Set 23.5 Tournament Pack 4,0,0,['Fire'],,,,,,,,Common,
N658,N658,Ninja,set_23.5_tournament_pack_4,n658.webp,Set 23.5 Tournament Pack 4,0,0,['Fire'],,,,,,,,Common,
N675,N675,Ninja,set_23.5_tournament_pack_4,n675.webp,Set 23.5 Tournament Pack 4,0,0,['Fire'],,,,,,,,Common,
N711,N711,Ninja,set_23.5_tournament_pack_4,n711.webp,Set 23.5 Tournament Pack 4,0,0,['Fire'],,,,,,,,Common,
N711A,N711A,Ninja,set_23.5_tournament_pack_4,n711a.webp,Set 23.5 Tournament Pack 4,0,0,['Fire'],,,,,,,,Common,
PRUS010BE,PRUS010BE,Promo (Needs Type),set_23.5_tournament_pack_4,prus010be.webp,Set 23.5 Tournament Pack 4,0,0,['Fire'],,,,,,,,Common,
J865,J865,Jutsu,set_23_invasion,j865.webp,Set 23 Invasion,0,0,['Fire'],,,,,,,,Common,
J866,J866,Jutsu,set_23_invasion,j866.webp,Set 23 Invasion,0,0,['Fire'],,,,,,,,Common,
J867,J867,Jutsu,set_23_invasion,j867.webp,Set 23 Invasion,0,0,['Fire'],,,,,,,,Common,
J868,J868,Jutsu,set_23_invasion,j868.webp,Set 23 Invasion,0,0,['Fire'],,,,,,,,Common,
J869,J869,Jutsu,set_23_invasion,j869.webp,Set 23 Invasion,0,0,['Fire'],,,,,,,,Common,
J870,J870,Jutsu,set_23_invasion,j870.webp,Set 23 Invasion,0,0,['Fire'],,,,,,,,Common,
J871,J871,Jutsu,set_23_invasion,j871.webp,Set 23 Invasion,0,0,['Fire'],,,,,,,,Common,
J872,J872,Jutsu,set_23_invasion,j872.webp,Set 23 Invasion,0,0,['Fire'],,,,,,,,Common,
J873,J873,Jutsu,set_23_invasion,j873.webp,Set 23 Invasion,0,0,['Fire'],,,,,,,,Common,
J874,J874,Jutsu,set_23_invasion,j874.webp,Set 23 Invasion,0,0,['Fire'],,,,,,,,Common,
J875,J875,Jutsu,set_23_invasion,j875.webp,Set 23 Invasion,0,0,['Fire'],,,,,,,,Common,
J876E,J876E,Jutsu,set_23_invasion,j876e.webp,Set 23 Invasion,0,0,['Fire'],,,,,,,,Common,
J877E,J877E,Jutsu,set_23_invasion,j877e.webp,Set 23 Invasion,0,0,['Fire'],,,,,,,,Common,
J878,J878,Jutsu,set_23_invasion,j878.webp,Set 23 Invasion,0,0,['Fire'],,,,,,,,Common,
J879,J879,Jutsu,set_23_invasion,j879.webp,Set 23 Invasion,0,0,['Fire'],,,,,,,,Common,
J880,J880,Jutsu,set_23_invasion,j880.webp,Set 23 Invasion,0,0,['Fire'],,,,,,,,Common,
J881,J881,Jutsu,set_23_invasion,j881.webp,Set 23 Invasion,0,0,['Fire'],,,,,,,,Common,
J882,J882,Jutsu,set_23_invasion,j882.webp,Set 23 Invasion,0,0,['Fire'],,,,,,,,Common,
J883,J883,Jutsu,set_23_invasion,j883.webp,Set 23 Invasion,0,0,['Fire'],,,,,,,,Common,
J884,J884,Jutsu,set_23_invasion,j884.webp,Set 23 Invasion,0,0,['Fire'],,,,,,,,Common,
J885,J885,Jutsu,set_23_invasion,j885.webp,Set 23 Invasion,0,0,['Fire'],,,,,,,,Common,
J886,J886,Jutsu,set_23_invasion,j886.webp,Set 23 Invasion,0,0,['Fire'],,,,,,,,Common,
J887,J887,Jutsu,set_23_invasion,j887.webp,Set 23 Invasion,0,0,['Fire'],,,,,,,,Common,
J888,J888,Jutsu,set_23_invasion,j888.webp,Set 23 Invasion,0,0,['Fire'],,,,,,,,Common,
J889,J889,Jutsu,set_23_invasion,j889.webp,Set 23 Invasion,0,0,['Fire'],,,,,,,,Common,
M817,M817,Mission,set_23_invasion,m817.webp,Set 23 Invasion,0,0,['Fire'],,,,,,,,Common,
M818,M818,Mission,set_23_invasion,m818.webp,Set 23 Invasion,0,0,['Fire'],,,,,,,,Common,
M819,M819,Mission,set_23_invasion,m819.webp,Set 23 Invasion,0,0,['Fire'],,,,,,,,Common,
M820,M820,Mission,set_23_invasion,m820.webp,Set 23 Invasion,0,0,['Fire'],,,,,,,,Common,
M821,M821,Mission,set_23_invasion,m821.webp,Set 23 Invasion,0,0,['Fire'],,,,,,,,Common,
M822,M822,Mission,set_23_invasion,m822.webp,Set 23 Invasion,0,0,['Fire'],,,,,,,,Common,
M823,M823,Mission,set_23_invasion,m823.webp,Set 23 Invasion,0,0,['Fire'],,,,,,,,Common,
M824,M824,Mission,set_23_invasion,m824.webp,Set 23 Invasion,0,0,['Fire'],,,,,,,,Common,
M825,M825,Mission,set_23_invasion,m825.webp,Set 23 Invasion,0,0,['Fire'],,,,,,,,Common,
M826,M826,Mission,set_23_invasion,m826.webp,Set 23 Invasion,0,0,['Fire'],,,,,,,,Common,
M827,M827,Mission,set_23_invasion,m827.webp,Set 23 Invasion,0,0,['Fire'],,,,,,,,Common,
M828,M828,Mission,set_23_invasion,m828.webp,Set 23 Invasion,0,0,['Fire'],,,,,,,,Common,
M829,M829,Mission,set_23_invasion,m829.webp,Set 23 Invasion,0,0,['Fire'],,,,,,,,Common,
M830,M830,Mission,set_23_invasion,m830.webp,Set 23 Invasion,0,0,['Fire'],,,,,,,,Common,
M831,M831,Mission,set_23_invasion,m831.webp,Set 23 Invasion,0,0,['Fire'],,,,,,,,Common,
M832,M832,Mission,set_23_invasion,m832.webp,Set 23 Invasion,0,0,['Fire'],,,,,,,,Common,
M833,M833,Mission,set_23_invasion,m833.webp,Set 23 Invasion,0,0,['Fire'],,,,,,,,Common,
M834,M834,Mission,set_23_invasion,m834.webp,Set 23 Invasion,0,0,['Fire'],,,,,,,,Common,
M835,M835,Mission,set_23_invasion,m835.webp,Set 23 Invasion,0,0,['Fire'],,,,,,,,Common,
M836E,M836E,Mission,set_23_invasion,m836e.webp,Set 23 Invasion,0,0,['Fire'],,,,,,,,Common,
M837,M837,Mission,set_23_invasion,m837.webp,Set 23 Invasion,0,0,['Fire'],,,,,,,,Common,
M838,M838,Mission,set_23_invasion,m838.webp,Set 23 Invasion,0,0,['Fire'],,,,,,,,Common,
M839,M839,Mission,set_23_invasion,m839.webp,Set 23 Invasion,0,0,['Fire'],,,,,,,,Common,
M840,M840,Mission,set_23_invasion,m840.webp,Set 23 Invasion,0,0,['Fire'],,,,,,,,Common,
M841,M841,Mission,set_23_invasion,m841.webp,Set 23 Invasion,0,0,['Fire'],,,,,,,,Common,
M842,M842,Mission,set_23_invasion,m842.webp,Set 23 Invasion,0,0,['Fire'],,,,,,,,Common,
M843,M843,Mission,set_23_invasion,m843.webp,Set 23 Invasion,0,0,['Fire'],,,,,,,,Common,
M844,M844,Mission,set_23_invasion,m844.webp,Set 23 Invasion,0,0,['Fire'],,,,,,,,Common,
M845,M845,Mission,set_23_invasion,m845.webp,Set 23 Invasion,0,0,['Fire'],,,,,,,,Common,
M846,M846,Mission,set_23_invasion,m846.webp,Set 23 Invasion,0,0,['Fire'],,,,,,,,Common,
N1270,N1270,Ninja,set_23_invasion,n1270.webp,Set 23 Invasion,0,0,['Fire'],,,,,,,,Common,
N1271,N1271,Ninja,set_23_invasion,n1271.webp,Set 23 Invasion,0,0,['Fire'],,,,,,,,Common,
N1272,N1272,Ninja,set_23_invasion,n1272.webp,Set 23 Invasion,0,0,['Fire'],,,,,,,,Common,
N1273,N1273,Ninja,set_23_invasion,n1273.webp,Set 23 Invasion,0,0,['Fire'],,,,,,,,Common,
N1274,N1274,Ninja,set_23_invasion,n1274.webp,Set 23 Invasion,0,0,['Fire'],,,,,,,,Common,
N1275,N1275,Ninja,set_23_invasion,n1275.webp,Set 23 Invasion,0,0,['Fire'],,,,,,,,Common,
N1276,N1276,Ninja,set_23_invasion,n1276.webp,Set 23 Invasion,0,0,['Fire'],,,,,,,,Common,
N1277,N1277,Ninja,set_23_invasion,n1277.webp,Set 23 Invasion,0,0,['Fire'],,,,,,,,Common,
N1278E,N1278E,Ninja,set_23_invasion,n1278e.webp,Set 23 Invasion,0,0,['Fire'],,,,,,,,Common,
N1279,N1279,Ninja,set_23_invasion,n1279.webp,Set 23 Invasion,0,0,['Fire'],,,,,,,,Common,
N1280,N1280,Ninja,set_23_invasion,n1280.webp,Set 23 Invasion,0,0,['Fire'],,,,,,,,Common,
N1281,N1281,Ninja,set_23_invasion,n1281.webp,Set 23 Invasion,0,0,['Fire'],,,,,,,,Common,
N1282,N1282,Ninja,set_23_invasion,n1282.webp,Set 23 Invasion,0,0,['Fire'],,,,,,,,Common,
N1283,N1283,Ninja,set_23_invasion,n1283.webp,Set 23 Invasion,0,0,['Fire'],,,,,,,,Common,
N1284,N1284,Ninja,set_23_invasion,n1284.webp,Set 23 Invasion,0,0,['Fire'],,,,,,,,Common,
N1285,N1285,Ninja,set_23_invasion,n1285.webp,Set 23 Invasion,0,0,['Fire'],,,,,,,,Common,
N1286,N1286,Ninja,set_23_invasion,n1286.webp,Set 23 Invasion,0,0,['Fire'],,,,,,,,Common,
N1287,N1287,Ninja,set_23_invasion,n1287.webp,Set 23 Invasion,0,0,['Fire'],,,,,,,,Common,
N1288,N1288,Ninja,set_23_invasion,n1288.webp,Set 23 Invasion,0,0,['Fire'],,,,,,,,Common,
N1289,N1289,Ninja,set_23_invasion,n1289.webp,Set 23 Invasion,0,0,['Fire'],,,,,,,,Common,
N1290,N1290,Ninja,set_23_invasion,n1290.webp,Set 23 Invasion,0,0,['Fire'],,,,,,,,Common,
N1291,N1291,Ninja,set_23_invasion,n1291.webp,Set 23 Invasion,0,0,['Fire'],,,,,,,,Common,
N1292,N1292,Ninja,set_23_invasion,n1292.webp,Set 23 Invasion,0,0,['Fire'],,,,,,,,Common,
N1293,N1293,Ninja,set_23_invasion,n1293.webp,Set 23 Invasion,0,0,['Fire'],,,,,,,,Common,
N1294,N1294,Ninja,set_23_invasion,n1294.webp,Set 23 Invasion,0,0,['Fire'],,,,,,,,Common,
N1295,N1295,Ninja,set_23_invasion,n1295.webp,Set 23 Invasion,0,0,['Fire'],,,,,,,,Common,
N1296,N1296,Ninja,set_23_invasion,n1296.webp,Set 23 Invasion,0,0,['Fire'],,,,,,,,Common,
N1297,N1297,Ninja,set_23_invasion,n1297.webp,Set 23 Invasion,0,0,['Fire'],,,,,,,,Common,
N1298,N1298,Ninja,set_23_invasion,n1298.webp,Set 23 Invasion,0,0,['Fire'],,,,,,,,Common,
N1299,N1299,Ninja,set_23_invasion,n1299.webp,Set 23 Invasion,0,0,['Fire'],,,,,,,,Common,
N1300,N1300,Ninja,set_23_invasion,n1300.webp,Set 23 Invasion,0,0,['Fire'],,,,,,,,Common,
N1301,N1301,Ninja,set_23_invasion,n1301.webp,Set 23 Invasion,0,0,['Fire'],,,,,,,,Common,
N1302,N1302,Ninja,set_23_invasion,n1302.webp,Set 23 Invasion,0,0,['Fire'],,,,,,,,Common,
N1303,N1303,Ninja,set_23_invasion,n1303.webp,Set 23 Invasion,0,0,['Fire'],,,,,,,,Common,
N1304,N1304,Ninja,set_23_invasion,n1304.webp,Set 23 Invasion,0,0,['Fire'],,,,,,,,Common,
N1305,N1305,Ninja,set_23_invasion,n1305.webp,Set 23 Invasion,0,0,['Fire'],,,,,,,,Common,
N1306,N1306,Ninja,set_23_invasion,n1306.webp,Set 23 Invasion,0,0,['Fire'],,,,,,,,Common,
N1307,N1307,Ninja,set_23_invasion,n1307.webp,Set 23 Invasion,0,0,['Fire'],,,,,,,,Common,
N1308,N1308,Ninja,set_23_invasion,n1308.webp,Set 23 Invasion,0,0,['Fire'],,,,,,,,Common,
N1309,N1309,Ninja,set_23_invasion,n1309.webp,Set 23 Invasion,0,0,['Fire'],,,,,,,,Common,
N1310,N1310,Ninja,set_23_invasion,n1310.webp,Set 23 Invasion,0,0,['Fire'],,,,,,,,Common,
N1311,N1311,Ninja,set_23_invasion,n1311.webp,Set 23 Invasion,0,0,['Fire'],,,,,,,,Common,
N1312,N1312,Ninja,set_23_invasion,n1312.webp,Set 23 Invasion,0,0,['Fire'],,,,,,,,Common,
N1313,N1313,Ninja,set_23_invasion,n1313.webp,Set 23 Invasion,0,0,['Fire'],,,,,,,,Common,
N1314E,N1314E,Ninja,set_23_invasion,n1314e.webp,Set 23 Invasion,0,0,['Fire'],,,,,,,,Common,
N1315,N1315,Ninja,set_23_invasion,n1315.webp,Set 23 Invasion,0,0,['Fire'],,,,,,,,Common,
N1316,N1316,Ninja,set_23_invasion,n1316.webp,Set 23 Invasion,0,0,['Fire'],,,,,,,,Common,
N1317,N1317,Ninja,set_23_invasion,n1317.webp,Set 23 Invasion,0,0,['Fire'],,,,,,,,Common,
N1318,N1318,Ninja,set_23_invasion,n1318.webp,Set 23 Invasion,0,0,['Fire'],,,,,,,,Common,
N1319,N1319,Ninja,set_23_invasion,n1319.webp,Set 23 Invasion,0,0,['Fire'],,,,,,,,Common,
N1320,N1320,Ninja,set_23_invasion,n1320.webp,Set 23 Invasion,0,0,['Fire'],,,,,,,,Common,
N1321,N1321,Ninja,set_23_invasion,n1321.webp,Set 23 Invasion,0,0,['Fire'],,,,,,,,Common,
N1322,N1322,Ninja,set_23_invasion,n1322.webp,Set 23 Invasion,0,0,['Fire'],,,,,,,,Common,
N1323,N1323,Ninja,set_23_invasion,n1323.webp,Set 23 Invasion,0,0,['Fire'],,,,,,,,Common,
N1324,N1324,Ninja,set_23_invasion,n1324.webp,Set 23 Invasion,0,0,['Fire'],,,,,,,,Common,
N1325,N1325,Ninja,set_23_invasion,n1325.webp,Set 23 Invasion,0,0,['Fire'],,,,,,,,Common,
N1326,N1326,Ninja,set_23_invasion,n1326.webp,Set 23 Invasion,0,0,['Fire'],,,,,,,,Common,
N1327E,N1327E,Ninja,set_23_invasion,n1327e.webp,Set 23 Invasion,0,0,['Fire'],,,,,,,,Common,
N1328,N1328,Ninja,set_23_invasion,n1328.webp,Set 23 Invasion,0,0,['Fire'],,,,,,,,Common,
N1329,N1329,Ninja,set_23_invasion,n1329.webp,Set 23 Invasion,0,0,['Fire'],,,,,,,,Common,
N1330,N1330,Ninja,set_23_invasion,n1330.webp,Set 23 Invasion,0,0,['Fire'],,,,,,,,Common,
N1331,N1331,Ninja,set_23_invasion,n1331.webp,Set 23 Invasion,0,0,['Fire'],,,,,,,,Common,
N1332,N1332,Ninja,set_23_invasion,n1332.webp,Set 23 Invasion,0,0,['Fire'],,,,,,,,Common,
N1333,N1333,Ninja,set_23_invasion,n1333.webp,Set 23 Invasion,0,0,['Fire'],,,,,,,,Common,
N1334,N1334,Ninja,set_23_invasion,n1334.webp,Set 23 Invasion,0,0,['Fire'],,,,,,,,Common,
J895,J895,Jutsu,set_24_sages_legacy,j895.webp,Set 24 Sages Legacy,0,0,['Fire'],,,,,,,,Common,
J896,J896,Jutsu,set_24_sages_legacy,j896.webp,Set 24 Sages Legacy,0,0,['Fire'],,,,,,,,Common,
J897,J897,Jutsu,set_24_sages_legacy,j897.webp,Set 24 Sages Legacy,0,0,['Fire'],,,,,,,,Common,
J898,J898,Jutsu,set_24_sages_legacy,j898.webp,Set 24 Sages Legacy,0,0,['Fire'],,,,,,,,Common,
J899,J899,Jutsu,set_24_sages_legacy,j899.webp,Set 24 Sages Legacy,0,0,['Fire'],,,,,,,,Common,
J900,J900,Jutsu,set_24_sages_legacy,j900.webp,Set 24 Sages Legacy,0,0,['Fire'],,,,,,,,Common,
J901,J901,Jutsu,set_24_sages_legacy,j901.webp,Set 24 Sages Legacy,0,0,['Fire'],,,,,,,,Common,
J902,J902,Jutsu,set_24_sages_legacy,j902.webp,Set 24 Sages Legacy,0,0,['Fire'],,,,,,,,Common,
J903,J903,Jutsu,set_24_sages_legacy,j903.webp,Set 24 Sages Legacy,0,0,['Fire'],,,,,,,,Common,
J904,J904,Jutsu,set_24_sages_legacy,j904.webp,Set 24 Sages Legacy,0,0,['Fire'],,,,,,,,Common,
J905,J905,Jutsu,set_24_sages_legacy,j905.webp,Set 24 Sages Legacy,0,0,['Fire'],,,,,,,,Common,
J906,J906,Jutsu,set_24_sages_legacy,j906.webp,Set 24 Sages Legacy,0,0,['Fire'],,,,,,,,Common,
J907,J907,Jutsu,set_24_sages_legacy,j907.webp,Set 24 Sages Legacy,0,0,['Fire'],,,,,,,,Common,
J908E,J908E,Jutsu,set_24_sages_legacy,j908e.webp,Set 24 Sages Legacy,0,0,['Fire'],,,,,,,,Common,
J909,J909,Jutsu,set_24_sages_legacy,j909.webp,Set 24 Sages Legacy,0,0,['Fire'],,,,,,,,Common,
J910,J910,Jutsu,set_24_sages_legacy,j910.webp,Set 24 Sages Legacy,0,0,['Fire'],,,,,,,,Common,
J911,J911,Jutsu,set_24_sages_legacy,j911.webp,Set 24 Sages Legacy,0,0,['Fire'],,,,,,,,Common,
J912,J912,Jutsu,set_24_sages_legacy,j912.webp,Set 24 Sages Legacy,0,0,['Fire'],,,,,,,,Common,
J913,J913,Jutsu,set_24_sages_legacy,j913.webp,Set 24 Sages Legacy,0,0,['Fire'],,,,,,,,Common,
J914,J914,Jutsu,set_24_sages_legacy,j914.webp,Set 24 Sages Legacy,0,0,['Fire'],,,,,,,,Common,
J915,J915,Jutsu,set_24_sages_legacy,j915.webp,Set 24 Sages Legacy,0,0,['Fire'],,,,,,,,Common,
J916,J916,Jutsu,set_24_sages_legacy,j916.webp,Set 24 Sages Legacy,0,0,['Fire'],,,,,,,,Common,
J917,J917,Jutsu,set_24_sages_legacy,j917.webp,Set 24 Sages Legacy,0,0,['Fire'],,,,,,,,Common,
J918,J918,Jutsu,set_24_sages_legacy,j918.webp,Set 24 Sages Legacy,0,0,['Fire'],,,,,,,,Common,
J919,J919,Jutsu,set_24_sages_legacy,j919.webp,Set 24 Sages Legacy,0,0,['Fire'],,,,,,,,Common,
J920,J920,Jutsu,set_24_sages_legacy,j920.webp,Set 24 Sages Legacy,0,0,['Fire'],,,,,,,,Common,
M855,M855,Mission,set_24_sages_legacy,m855.webp,Set 24 Sages Legacy,0,0,['Fire'],,,,,,,,Common,
M856,M856,Mission,set_24_sages_legacy,m856.webp,Set 24 Sages Legacy,0,0,['Fire'],,,,,,,,Common,
M857,M857,Mission,set_24_sages_legacy,m857.webp,Set 24 Sages Legacy,0,0,['Fire'],,,,,,,,Common,
M858,M858,Mission,set_24_sages_legacy,m858.webp,Set 24 Sages Legacy,0,0,['Fire'],,,,,,,,Common,
M859,M859,Mission,set_24_sages_legacy,m859.webp,Set 24 Sages Legacy,0,0,['Fire'],,,,,,,,Common,
M860,M860,Mission,set_24_sages_legacy,m860.webp,Set 24 Sages Legacy,0,0,['Fire'],,,,,,,,Common,
M861,M861,Mission,set_24_sages_legacy,m861.webp,Set 24 Sages Legacy,0,0,['Fire'],,,,,,,,Common,
M862,M862,Mission,set_24_sages_legacy,m862.webp,Set 24 Sages Legacy,0,0,['Fire'],,,,,,,,Common,
M863,M863,Mission,set_24_sages_legacy,m863.webp,Set 24 Sages Legacy,0,0,['Fire'],,,,,,,,Common,
M864,M864,Mission,set_24_sages_legacy,m864.webp,Set 24 Sages Legacy,0,0,['Fire'],,,,,,,,Common,
M865,M865,Mission,set_24_sages_legacy,m865.webp,Set 24 Sages Legacy,0,0,['Fire'],,,,,,,,Common,
M866,M866,Mission,set_24_sages_legacy,m866.webp,Set 24 Sages Legacy,0,0,['Fire'],,,,,,,,Common,
M867,M867,Mission,set_24_sages_legacy,m867.webp,Set 24 Sages Legacy,0,0,['Fire'],,,,,,,,Common,
M868,M868,Mission,set_24_sages_legacy,m868.webp,Set 24 Sages Legacy,0,0,['Fire'],,,,,,,,Common,
M869,M869,Mission,set_24_sages_legacy,m869.webp,Set 24 Sages Legacy,0,0,['Fire'],,,,,,,,Common,
M870,M870,Mission,set_24_sages_legacy,m870.webp,Set 24 Sages Legacy,0,0,['Fire'],,,,,,,,Common,
M871,M871,Mission,set_24_sages_legacy,m871.webp,Set 24 Sages Legacy,0,0,['Fire'],,,,,,,,Common,
M872,M872,Mission,set_24_sages_legacy,m872.webp,Set 24 Sages Legacy,0,0,['Fire'],,,,,,,,Common,
M873,M873,Mission,set_24_sages_legacy,m873.webp,Set 24 Sages Legacy,0,0,['Fire'],,,,,,,,Common,
M874,M874,Mission,set_24_sages_legacy,m874.webp,Set 24 Sages Legacy,0,0,['Fire'],,,,,,,,Common,
M875,M875,Mission,set_24_sages_legacy,m875.webp,Set 24 Sages Legacy,0,0,['Fire'],,,,,,,,Common,
M876,M876,Mission,set_24_sages_legacy,m876.webp,Set 24 Sages Legacy,0,0,['Fire'],,,,,,,,Common,
M877,M877,Mission,set_24_sages_legacy,m877.webp,Set 24 Sages Legacy,0,0,['Fire'],,,,,,,,Common,
M878,M878,Mission,set_24_sages_legacy,m878.webp,Set 24 Sages Legacy,0,0,['Fire'],,,,,,,,Common,
M879,M879,Mission,set_24_sages_legacy,m879.webp,Set 24 Sages Legacy,0,0,['Fire'],,,,,,,,Common,
M880,M880,Mission,set_24_sages_legacy,m880.webp,Set 24 Sages Legacy,0,0,['Fire'],,,,,,,,Common,
M881,M881,Mission,set_24_sages_legacy,m881.webp,Set 24 Sages Legacy,0,0,['Fire'],,,,,,,,Common,
M882,M882,Mission,set_24_sages_legacy,m882.webp,Set 24 Sages Legacy,0,0,['Fire'],,,,,,,,Common,
M883,M883,Mission,set_24_sages_legacy,m883.webp,Set 24 Sages Legacy,0,0,['Fire'],,,,,,,,Common,
N1358,N1358,Ninja,set_24_sages_legacy,n1358.webp,Set 24 Sages Legacy,0,0,['Fire'],,,,,,,,Common,
N1359,N1359,Ninja,set_24_sages_legacy,n1359.webp,Set 24 Sages Legacy,0,0,['Fire'],,,,,,,,Common,
N1360,N1360,Ninja,set_24_sages_legacy,n1360.webp,Set 24 Sages Legacy,0,0,['Fire'],,,,,,,,Common,
N1361,N1361,Ninja,set_24_sages_legacy,n1361.webp,Set 24 Sages Legacy,0,0,['Fire'],,,,,,,,Common,
N1362,N1362,Ninja,set_24_sages_legacy,n1362.webp,Set 24 Sages Legacy,0,0,['Fire'],,,,,,,,Common,
N1363,N1363,Ninja,set_24_sages_legacy,n1363.webp,Set 24 Sages Legacy,0,0,['Fire'],,,,,,,,Common,
N1364E,N1364E,Ninja,set_24_sages_legacy,n1364e.webp,Set 24 Sages Legacy,0,0,['Fire'],,,,,,,,Common,
N1365,N1365,Ninja,set_24_sages_legacy,n1365.webp,Set 24 Sages Legacy,0,0,['Fire'],,,,,,,,Common,
N1366,N1366,Ninja,set_24_sages_legacy,n1366.webp,Set 24 Sages Legacy,0,0,['Fire'],,,,,,,,Common,
N1367,N1367,Ninja,set_24_sages_legacy,n1367.webp,Set 24 Sages Legacy,0,0,['Fire'],,,,,,,,Common,
N1368,N1368,Ninja,set_24_sages_legacy,n1368.webp,Set 24 Sages Legacy,0,0,['Fire'],,,,,,,,Common,
N1369,N1369,Ninja,set_24_sages_legacy,n1369.webp,Set 24 Sages Legacy,0,0,['Fire'],,,,,,,,Common,
N1370,N1370,Ninja,set_24_sages_legacy,n1370.webp,Set 24 Sages Legacy,0,0,['Fire'],,,,,,,,Common,
N1371,N1371,Ninja,set_24_sages_legacy,n1371.webp,Set 24 Sages Legacy,0,0,['Fire'],,,,,,,,Common,
N1372,N1372,Ninja,set_24_sages_legacy,n1372.webp,Set 24 Sages Legacy,0,0,['Fire'],,,,,,,,Common,
N1373,N1373,Ninja,set_24_sages_legacy,n1373.webp,Set 24 Sages Legacy,0,0,['Fire'],,,,,,,,Common,
N1374,N1374,Ninja,set_24_sages_legacy,n1374.webp,Set 24 Sages Legacy,0,0,['Fire'],,,,,,,,Common,
N1375,N1375,Ninja,set_24_sages_legacy,n1375.webp,Set 24 Sages Legacy,0,0,['Fire'],,,,,,,,Common,
N1376,N1376,Ninja,set_24_sages_legacy,n1376.webp,Set 24 Sages Legacy,0,0,['Fire'],,,,,,,,Common,
N1377,N1377,Ninja,set_24_sages_legacy,n1377.webp,Set 24 Sages Legacy,0,0,['Fire'],,,,,,,,Common,
N1377E,N1377E,Ninja,set_24_sages_legacy,n1377e.webp,Set 24 Sages Legacy,0,0,['Fire'],,,,,,,,Common,
N1378,N1378,Ninja,set_24_sages_legacy,n1378.webp,Set 24 Sages Legacy,0,0,['Fire'],,,,,,,,Common,
N1378E,N1378E,Ninja,set_24_sages_legacy,n1378e.webp,Set 24 Sages Legacy,0,0,['Fire'],,,,,,,,Common,
N1379,N1379,Ninja,set_24_sages_legacy,n1379.webp,Set 24 Sages Legacy,0,0,['Fire'],,,,,,,,Common,
N1380,N1380,Ninja,set_24_sages_legacy,n1380.webp,Set 24 Sages Legacy,0,0,['Fire'],,,,,,,,Common,
N1381,N1381,Ninja,set_24_sages_legacy,n1381.webp,Set 24 Sages Legacy,0,0,['Fire'],,,,,,,,Common,
N1382,N1382,Ninja,set_24_sages_legacy,n1382.webp,Set 24 Sages Legacy,0,0,['Fire'],,,,,,,,Common,
N1383,N1383,Ninja,set_24_sages_legacy,n1383.webp,Set 24 Sages Legacy,0,0,['Fire'],,,,,,,,Common,
N1384,N1384,Ninja,set_24_sages_legacy,n1384.webp,Set 24 Sages Legacy,0,0,['Fire'],,,,,,,,Common,
N1385,N1385,Ninja,set_24_sages_legacy,n1385.webp,Set 24 Sages Legacy,0,0,['Fire'],,,,,,,,Common,
N1386,N1386,Ninja,set_24_sages_legacy,n1386.webp,Set 24 Sages Legacy,0,0,['Fire'],,,,,,,,Common,
N1387,N1387,Ninja,set_24_sages_legacy,n1387.webp,Set 24 Sages Legacy,0,0,['Fire'],,,,,,,,Common,
N1388,N1388,Ninja,set_24_sages_legacy,n1388.webp,Set 24 Sages Legacy,0,0,['Fire'],,,,,,,,Common,
N1389,N1389,Ninja,set_24_sages_legacy,n1389.webp,Set 24 Sages Legacy,0,0,['Fire'],,,,,,,,Common,
N1390,N1390,Ninja,set_24_sages_legacy,n1390.webp,Set 24 Sages Legacy,0,0,['Fire'],,,,,,,,Common,
N1391,N1391,Ninja,set_24_sages_legacy,n1391.webp,Set 24 Sages Legacy,0,0,['Fire'],,,,,,,,Common,
N1392E,N1392E,Ninja,set_24_sages_legacy,n1392e.webp,Set 24 Sages Legacy,0,0,['Fire'],,,,,,,,Common,
N1393,N1393,Ninja,set_24_sages_legacy,n1393.webp,Set 24 Sages Legacy,0,0,['Fire'],,,,,,,,Common,
N1394,N1394,Ninja,set_24_sages_legacy,n1394.webp,Set 24 Sages Legacy,0,0,['Fire'],,,,,,,,Common,
N1395,N1395,Ninja,set_24_sages_legacy,n1395.webp,Set 24 Sages Legacy,0,0,['Fire'],,,,,,,,Common,
N1396,N1396,Ninja,set_24_sages_legacy,n1396.webp,Set 24 Sages Legacy,0,0,['Fire'],,,,,,,,Common,
N1397,N1397,Ninja,set_24_sages_legacy,n1397.webp,Set 24 Sages Legacy,0,0,['Fire'],,,,,,,,Common,
N1398,N1398,Ninja,set_24_sages_legacy,n1398.webp,Set 24 Sages Legacy,0,0,['Fire'],,,,,,,,Common,
N1399,N1399,Ninja,set_24_sages_legacy,n1399.webp,Set 24 Sages Legacy,0,0,['Fire'],,,,,,,,Common,
N1400,N1400,Ninja,set_24_sages_legacy,n1400.webp,Set 24 Sages Legacy,0,0,['Fire'],,,,,,,,Common,
N1401,N1401,Ninja,set_24_sages_legacy,n1401.webp,Set 24 Sages Legacy,0,0,['Fire'],,,,,,,,Common,
N1402,N1402,Ninja,set_24_sages_legacy,n1402.webp,Set 24 Sages Legacy,0,0,['Fire'],,,,,,,,Common,
N1403,N1403,Ninja,set_24_sages_legacy,n1403.webp,Set 24 Sages Legacy,0,0,['Fire'],,,,,,,,Common,
N1404,N1404,Ninja,set_24_sages_legacy,n1404.webp,Set 24 Sages Legacy,0,0,['Fire'],,,,,,,,Common,
N1405,N1405,Ninja,set_24_sages_legacy,n1405.webp,Set 24 Sages Legacy,0,0,['Fire'],,,,,,,,Common,
N1406,N1406,Ninja,set_24_sages_legacy,n1406.webp,Set 24 Sages Legacy,0,0,['Fire'],,,,,,,,Common,
N1407,N1407,Ninja,set_24_sages_legacy,n1407.webp,Set 24 Sages Legacy,0,0,['Fire'],,,,,,,,Common,
N1408,N1408,Ninja,set_24_sages_legacy,n1408.webp,Set 24 Sages Legacy,0,0,['Fire'],,,,,,,,Common,
N1409,N1409,Ninja,set_24_sages_legacy,n1409.webp,Set 24 Sages Legacy,0,0,['Fire'],,,,,,,,Common,
N1410,N1410,Ninja,set_24_sages_legacy,n1410.webp,Set 24 Sages Legacy,0,0,['Fire'],,,,,,,,Common,
N1411,N1411,Ninja,set_24_sages_legacy,n1411.webp,Set 24 Sages Legacy,0,0,['Fire'],,,,,,,,Common,
N1412E,N1412E,Ninja,set_24_sages_legacy,n1412e.webp,Set 24 Sages Legacy,0,0,['Fire'],,,,,,,,Common,
N1413E,N1413E,Ninja,set_24_sages_legacy,n1413e.webp,Set 24 Sages Legacy,0,0,['Fire'],,,,,,,,Common,
N1414,N1414,Ninja,set_24_sages_legacy,n1414.webp,Set 24 Sages Legacy,0,0,['Fire'],,,,,,,,Common,
N1415,N1415,Ninja,set_24_sages_legacy,n1415.webp,Set 24 Sages Legacy,0,0,['Fire'],,,,,,,,Common,
N1416,N1416,Ninja,set_24_sages_legacy,n1416.webp,Set 24 Sages Legacy,0,0,['Fire'],,,,,,,,Common,
N1417,N1417,Ninja,set_24_sages_legacy,n1417.webp,Set 24 Sages Legacy,0,0,['Fire'],,,,,,,,Common,
N1418,N1418,Ninja,set_24_sages_legacy,n1418.webp,Set 24 Sages Legacy,0,0,['Fire'],,,,,,,,Common,
N1419,N1419,Ninja,set_24_sages_legacy,n1419.webp,Set 24 Sages Legacy,0,0,['Fire'],,,,,,,,Common,
N1420,N1420,Ninja,set_24_sages_legacy,n1420.webp,Set 24 Sages Legacy,0,0,['Fire'],,,,,,,,Common,
N1421,N1421,Ninja,set_24_sages_legacy,n1421.webp,Set 24 Sages Legacy,0,0,['Fire'],,,,,,,,Common,
N1422,N1422,Ninja,set_24_sages_legacy,n1422.webp,Set 24 Sages Legacy,0,0,['Fire'],,,,,,,,Common,
J921,J921,Jutsu,set_25_kage_summit,j921.webp,Set 25 Kage Summit,0,0,['Fire'],,,,,,,,Common,
J922,J922,Jutsu,set_25_kage_summit,j922.webp,Set 25 Kage Summit,0,0,['Fire'],,,,,,,,Common,
J923,J923,Jutsu,set_25_kage_summit,j923.webp,Set 25 Kage Summit,0,0,['Fire'],,,,,,,,Common,
J924,J924,Jutsu,set_25_kage_summit,j924.webp,Set 25 Kage Summit,0,0,['Fire'],,,,,,,,Common,
J925,J925,Jutsu,set_25_kage_summit,j925.webp,Set 25 Kage Summit,0,0,['Fire'],,,,,,,,Common,
J926,J926,Jutsu,set_25_kage_summit,j926.webp,Set 25 Kage Summit,0,0,['Fire'],,,,,,,,Common,
J927,J927,Jutsu,set_25_kage_summit,j927.webp,Set 25 Kage Summit,0,0,['Fire'],,,,,,,,Common,
J928,J928,Jutsu,set_25_kage_summit,j928.webp,Set 25 Kage Summit,0,0,['Fire'],,,,,,,,Common,
J929,J929,Jutsu,set_25_kage_summit,j929.webp,Set 25 Kage Summit,0,0,['Fire'],,,,,,,,Common,
J930,J930,Jutsu,set_25_kage_summit,j930.webp,Set 25 Kage Summit,0,0,['Fire'],,,,,,,,Common,
J931,J931,Jutsu,set_25_kage_summit,j931.webp,Set 25 Kage Summit,0,0,['Fire'],,,,,,,,Common,
J932,J932,Jutsu,set_25_kage_summit,j932.webp,Set 25 Kage Summit,0,0,['Fire'],,,,,,,,Common,
J933,J933,Jutsu,set_25_kage_summit,j933.webp,Set 25 Kage Summit,0,0,['Fire'],,,,,,,,Common,
J934,J934,Jutsu,set_25_kage_summit,j934.webp,Set 25 Kage Summit,0,0,['Fire'],,,,,,,,Common,
J935E,J935E,Jutsu,set_25_kage_summit,j935e.webp,Set 25 Kage Summit,0,0,['Fire'],,,,,,,,Common,
J936E,J936E,Jutsu,set_25_kage_summit,j936e.webp,Set 25 Kage Summit,0,0,['Fire'],,,,,,,,Common,
J937,J937,Jutsu,set_25_kage_summit,j937.webp,Set 25 Kage Summit,0,0,['Fire'],,,,,,,,Common,
J938,J938,Jutsu,set_25_kage_summit,j938.webp,Set 25 Kage Summit,0,0,['Fire'],,,,,,,,Common,
J939,J939,Jutsu,set_25_kage_summit,j939.webp,Set 25 Kage Summit,0,0,['Fire'],,,,,,,,Common,
J940,J940,Jutsu,set_25_kage_summit,j940.webp,Set 25 Kage Summit,0,0,['Fire'],,,,,,,,Common,
J941,J941,Jutsu,set_25_kage_summit,j941.webp,Set 25 Kage Summit,0,0,['Fire'],,,,,,,,Common,
J942,J942,Jutsu,set_25_kage_summit,j942.webp,Set 25 Kage Summit,0,0,['Fire'],,,,,,,,Common,
J943,J943,Jutsu,set_25_kage_summit,j943.webp,Set 25 Kage Summit,0,0,['Fire'],,,,,,,,Common,
J944,J944,Jutsu,set_25_kage_summit,j944.webp,Set 25 Kage Summit,0,0,['Fire'],,,,,,,,Common,
J945,J945,Jutsu,set_25_kage_summit,j945.webp,Set 25 Kage Summit,0,0,['Fire'],,,,,,,,Common,
M884,M884,Mission,set_25_kage_summit,m884.webp,Set 25 Kage Summit,0,0,['Fire'],,,,,,,,Common,
M885,M885,Mission,set_25_kage_summit,m885.webp,Set 25 Kage Summit,0,0,['Fire'],,,,,,,,Common,
M886,M886,Mission,set_25_kage_summit,m886.webp,Set 25 Kage Summit,0,0,['Fire'],,,,,,,,Common,
M887,M887,Mission,set_25_kage_summit,m887.webp,Set 25 Kage Summit,0,0,['Fire'],,,,,,,,Common,
M888,M888,Mission,set_25_kage_summit,m888.webp,Set 25 Kage Summit,0,0,['Fire'],,,,,,,,Common,
M889,M889,Mission,set_25_kage_summit,m889.webp,Set 25 Kage Summit,0,0,['Fire'],,,,,,,,Common,
M890,M890,Mission,set_25_kage_summit,m890.webp,Set 25 Kage Summit,0,0,['Fire'],,,,,,,,Common,
M891,M891,Mission,set_25_kage_summit,m891.webp,Set 25 Kage Summit,0,0,['Fire'],,,,,,,,Common,
M892,M892,Mission,set_25_kage_summit,m892.webp,Set 25 Kage Summit,0,0,['Fire'],,,,,,,,Common,
M893,M893,Mission,set_25_kage_summit,m893.webp,Set 25 Kage Summit,0,0,['Fire'],,,,,,,,Common,
M894,M894,Mission,set_25_kage_summit,m894.webp,Set 25 Kage Summit,0,0,['Fire'],,,,,,,,Common,
M895,M895,Mission,set_25_kage_summit,m895.webp,Set 25 Kage Summit,0,0,['Fire'],,,,,,,,Common,
M896,M896,Mission,set_25_kage_summit,m896.webp,Set 25 Kage Summit,0,0,['Fire'],,,,,,,,Common,
M897,M897,Mission,set_25_kage_summit,m897.webp,Set 25 Kage Summit,0,0,['Fire'],,,,,,,,Common,
M898,M898,Mission,set_25_kage_summit,m898.webp,Set 25 Kage Summit,0,0,['Fire'],,,,,,,,Common,
M899,M899,Mission,set_25_kage_summit,m899.webp,Set 25 Kage Summit,0,0,['Fire'],,,,,,,,Common,
M900,M900,Mission,set_25_kage_summit,m900.webp,Set 25 Kage Summit,0,0,['Fire'],,,,,,,,Common,
M901,M901,Mission,set_25_kage_summit,m901.webp,Set 25 Kage Summit,0,0,['Fire'],,,,,,,,Common,
M902,M902,Mission,set_25_kage_summit,m902.webp,Set 25 Kage Summit,0,0,['Fire'],,,,,,,,Common,
M903,M903,Mission,set_25_kage_summit,m903.webp,Set 25 Kage Summit,0,0,['Fire'],,,,,,,,Common,
M904,M904,Mission,set_25_kage_summit,m904.webp,Set 25 Kage Summit,0,0,['Fire'],,,,,,,,Common,
M905,M905,Mission,set_25_kage_summit,m905.webp,Set 25 Kage Summit,0,0,['Fire'],,,,,,,,Common,
M906,M906,Mission,set_25_kage_summit,m906.webp,Set 25 Kage Summit,0,0,['Fire'],,,,,,,,Common,
M907,M907,Mission,set_25_kage_summit,m907.webp,Set 25 Kage Summit,0,0,['Fire'],,,,,,,,Common,
M908,M908,Mission,set_25_kage_summit,m908.webp,Set 25 Kage Summit,0,0,['Fire'],,,,,,,,Common,
M909,M909,Mission,set_25_kage_summit,m909.webp,Set 25 Kage Summit,0,0,['Fire'],,,,,,,,Common,
M910,M910,Mission,set_25_kage_summit,m910.webp,Set 25 Kage Summit,0,0,['Fire'],,,,,,,,Common,
M911,M911,Mission,set_25_kage_summit,m911.webp,Set 25 Kage Summit,0,0,['Fire'],,,,,,,,Common,
M912,M912,Mission,set_25_kage_summit,m912.webp,Set 25 Kage Summit,0,0,['Fire'],,,,,,,,Common,
M913,M913,Mission,set_25_kage_summit,m913.webp,Set 25 Kage Summit,0,0,['Fire'],,,,,,,,Common,
N1423,N1423,Ninja,set_25_kage_summit,n1423.webp,Set 25 Kage Summit,0,0,['Fire'],,,,,,,,Common,
N1424,N1424,Ninja,set_25_kage_summit,n1424.webp,Set 25 Kage Summit,0,0,['Fire'],,,,,,,,Common,
N1425,N1425,Ninja,set_25_kage_summit,n1425.webp,Set 25 Kage Summit,0,0,['Fire'],,,,,,,,Common,
N1426,N1426,Ninja,set_25_kage_summit,n1426.webp,Set 25 Kage Summit,0,0,['Fire'],,,,,,,,Common,
N1427,N1427,Ninja,set_25_kage_summit,n1427.webp,Set 25 Kage Summit,0,0,['Fire'],,,,,,,,Common,
N1428,N1428,Ninja,set_25_kage_summit,n1428.webp,Set 25 Kage Summit,0,0,['Fire'],,,,,,,,Common,
N1429,N1429,Ninja,set_25_kage_summit,n1429.webp,Set 25 Kage Summit,0,0,['Fire'],,,,,,,,Common,
N1430,N1430,Ninja,set_25_kage_summit,n1430.webp,Set 25 Kage Summit,0,0,['Fire'],,,,,,,,Common,
N1431,N1431,Ninja,set_25_kage_summit,n1431.webp,Set 25 Kage Summit,0,0,['Fire'],,,,,,,,Common,
N1432,N1432,Ninja,set_25_kage_summit,n1432.webp,Set 25 Kage Summit,0,0,['Fire'],,,,,,,,Common,
N1433,N1433,Ninja,set_25_kage_summit,n1433.webp,Set 25 Kage Summit,0,0,['Fire'],,,,,,,,Common,
N1434,N1434,Ninja,set_25_kage_summit,n1434.webp,Set 25 Kage Summit,0,0,['Fire'],,,,,,,,Common,
N1435,N1435,Ninja,set_25_kage_summit,n1435.webp,Set 25 Kage Summit,0,0,['Fire'],,,,,,,,Common,
N1436,N1436,Ninja,set_25_kage_summit,n1436.webp,Set 25 Kage Summit,0,0,['Fire'],,,,,,,,Common,
N1437,N1437,Ninja,set_25_kage_summit,n1437.webp,Set 25 Kage Summit,0,0,['Fire'],,,,,,,,Common,
N1438,N1438,Ninja,set_25_kage_summit,n1438.webp,Set 25 Kage Summit,0,0,['Fire'],,,,,,,,Common,
N1439,N1439,Ninja,set_25_kage_summit,n1439.webp,Set 25 Kage Summit,0,0,['Fire'],,,,,,,,Common,
N1440,N1440,Ninja,set_25_kage_summit,n1440.webp,Set 25 Kage Summit,0,0,['Fire'],,,,,,,,Common,
N1441,N1441,Ninja,set_25_kage_summit,n1441.webp,Set 25 Kage Summit,0,0,['Fire'],,,,,,,,Common,
N1442,N1442,Ninja,set_25_kage_summit,n1442.webp,Set 25 Kage Summit,0,0,['Fire'],,,,,,,,Common,
N1443,N1443,Ninja,set_25_kage_summit,n1443.webp,Set 25 Kage Summit,0,0,['Fire'],,,,,,,,Common,
N1444,N1444,Ninja,set_25_kage_summit,n1444.webp,Set 25 Kage Summit,0,0,['Fire'],,,,,,,,Common,
N1445,N1445,Ninja,set_25_kage_summit,n1445.webp,Set 25 Kage Summit,0,0,['Fire'],,,,,,,,Common,
N1446,N1446,Ninja,set_25_kage_summit,n1446.webp,Set 25 Kage Summit,0,0,['Fire'],,,,,,,,Common,
N1447E,N1447E,Ninja,set_25_kage_summit,n1447e.webp,Set 25 Kage Summit,0,0,['Fire'],,,,,,,,Common,
N1448,N1448,Ninja,set_25_kage_summit,n1448.webp,Set 25 Kage Summit,0,0,['Fire'],,,,,,,,Common,
N1449,N1449,Ninja,set_25_kage_summit,n1449.webp,Set 25 Kage Summit,0,0,['Fire'],,,,,,,,Common,
N1450,N1450,Ninja,set_25_kage_summit,n1450.webp,Set 25 Kage Summit,0,0,['Fire'],,,,,,,,Common,
N1451,N1451,Ninja,set_25_kage_summit,n1451.webp,Set 25 Kage Summit,0,0,['Fire'],,,,,,,,Common,
N1452,N1452,Ninja,set_25_kage_summit,n1452.webp,Set 25 Kage Summit,0,0,['Fire'],,,,,,,,Common,
N1453,N1453,Ninja,set_25_kage_summit,n1453.webp,Set 25 Kage Summit,0,0,['Fire'],,,,,,,,Common,
N1454,N1454,Ninja,set_25_kage_summit,n1454.webp,Set 25 Kage Summit,0,0,['Fire'],,,,,,,,Common,
N1455,N1455,Ninja,set_25_kage_summit,n1455.webp,Set 25 Kage Summit,0,0,['Fire'],,,,,,,,Common,
N1456,N1456,Ninja,set_25_kage_summit,n1456.webp,Set 25 Kage Summit,0,0,['Fire'],,,,,,,,Common,
N1457,N1457,Ninja,set_25_kage_summit,n1457.webp,Set 25 Kage Summit,0,0,['Fire'],,,,,,,,Common,
N1458,N1458,Ninja,set_25_kage_summit,n1458.webp,Set 25 Kage Summit,0,0,['Fire'],,,,,,,,Common,
N1459E,N1459E,Ninja,set_25_kage_summit,n1459e.webp,Set 25 Kage Summit,0,0,['Fire'],,,,,,,,Common,
N1460,N1460,Ninja,set_25_kage_summit,n1460.webp,Set 25 Kage Summit,0,0,['Fire'],,,,,,,,Common,
N1461,N1461,Ninja,set_25_kage_summit,n1461.webp,Set 25 Kage Summit,0,0,['Fire'],,,,,,,,Common,
N1462,N1462,Ninja,set_25_kage_summit,n1462.webp,Set 25 Kage Summit,0,0,['Fire'],,,,,,,,Common,
N1463,N1463,Ninja,set_25_kage_summit,n1463.webp,Set 25 Kage Summit,0,0,['Fire'],,,,,,,,Common,
N1464,N1464,Ninja,set_25_kage_summit,n1464.webp,Set 25 Kage Summit,0,0,['Fire'],,,,,,,,Common,
N1465,N1465,Ninja,set_25_kage_summit,n1465.webp,Set 25 Kage Summit,0,0,['Fire'],,,,,,,,Common,
N1466,N1466,Ninja,set_25_kage_summit,n1466.webp,Set 25 Kage Summit,0,0,['Fire'],,,,,,,,Common,
N1467,N1467,Ninja,set_25_kage_summit,n1467.webp,Set 25 Kage Summit,0,0,['Fire'],,,,,,,,Common,
N1468,N1468,Ninja,set_25_kage_summit,n1468.webp,Set 25 Kage Summit,0,0,['Fire'],,,,,,,,Common,
N1469,N1469,Ninja,set_25_kage_summit,n1469.webp,Set 25 Kage Summit,0,0,['Fire'],,,,,,,,Common,
N1470,N1470,Ninja,set_25_kage_summit,n1470.webp,Set 25 Kage Summit,0,0,['Fire'],,,,,,,,Common,
N1471,N1471,Ninja,set_25_kage_summit,n1471.webp,Set 25 Kage Summit,0,0,['Fire'],,,,,,,,Common,
N1472,N1472,Ninja,set_25_kage_summit,n1472.webp,Set 25 Kage Summit,0,0,['Fire'],,,,,,,,Common,
N1473,N1473,Ninja,set_25_kage_summit,n1473.webp,Set 25 Kage Summit,0,0,['Fire'],,,,,,,,Common,
N1474,N1474,Ninja,set_25_kage_summit,n1474.webp,Set 25 Kage Summit,0,0,['Fire'],,,,,,,,Common,
N1475,N1475,Ninja,set_25_kage_summit,n1475.webp,Set 25 Kage Summit,0,0,['Fire'],,,,,,,,Common,
N1476,N1476,Ninja,set_25_kage_summit,n1476.webp,Set 25 Kage Summit,0,0,['Fire'],,,,,,,,Common,
N1477,N1477,Ninja,set_25_kage_summit,n1477.webp,Set 25 Kage Summit,0,0,['Fire'],,,,,,,,Common,
N1478,N1478,Ninja,set_25_kage_summit,n1478.webp,Set 25 Kage Summit,0,0,['Fire'],,,,,,,,Common,
N1479,N1479,Ninja,set_25_kage_summit,n1479.webp,Set 25 Kage Summit,0,0,['Fire'],,,,,,,,Common,
N1480,N1480,Ninja,set_25_kage_summit,n1480.webp,Set 25 Kage Summit,0,0,['Fire'],,,,,,,,Common,
N1481,N1481,Ninja,set_25_kage_summit,n1481.webp,Set 25 Kage Summit,0,0,['Fire'],,,,,,,,Common,
N1482,N1482,Ninja,set_25_kage_summit,n1482.webp,Set 25 Kage Summit,0,0,['Fire'],,,,,,,,Common,
N1483E,N1483E,Ninja,set_25_kage_summit,n1483e.webp,Set 25 Kage Summit,0,0,['Fire'],,,,,,,,Common,
N1484,N1484,Ninja,set_25_kage_summit,n1484.webp,Set 25 Kage Summit,0,0,['Fire'],,,,,,,,Common,
N1485,N1485,Ninja,set_25_kage_summit,n1485.webp,Set 25 Kage Summit,0,0,['Fire'],,,,,,,,Common,
N1486,N1486,Ninja,set_25_kage_summit,n1486.webp,Set 25 Kage Summit,0,0,['Fire'],,,,,,,,Common,
N1487,N1487,Ninja,set_25_kage_summit,n1487.webp,Set 25 Kage Summit,0,0,['Fire'],,,,,,,,Common,
J946,J946,Jutsu,set_26_avengers_wrath,j946.webp,Set 26 Avengers Wrath,0,0,['Fire'],,,,,,,,Common,
J947,J947,Jutsu,set_26_avengers_wrath,j947.webp,Set 26 Avengers Wrath,0,0,['Fire'],,,,,,,,Common,
J948,J948,Jutsu,set_26_avengers_wrath,j948.webp,Set 26 Avengers Wrath,0,0,['Fire'],,,,,,,,Common,
J949,J949,Jutsu,set_26_avengers_wrath,j949.webp,Set 26 Avengers Wrath,0,0,['Fire'],,,,,,,,Common,
J950,J950,Jutsu,set_26_avengers_wrath,j950.webp,Set 26 Avengers Wrath,0,0,['Fire'],,,,,,,,Common,
J951,J951,Jutsu,set_26_avengers_wrath,j951.webp,Set 26 Avengers Wrath,0,0,['Fire'],,,,,,,,Common,
J952,J952,Jutsu,set_26_avengers_wrath,j952.webp,Set 26 Avengers Wrath,0,0,['Fire'],,,,,,,,Common,
J953,J953,Jutsu,set_26_avengers_wrath,j953.webp,Set 26 Avengers Wrath,0,0,['Fire'],,,,,,,,Common,
J954,J954,Jutsu,set_26_avengers_wrath,j954.webp,Set 26 Avengers Wrath,0,0,['Fire'],,,,,,,,Common,
J955,J955,Jutsu,set_26_avengers_wrath,j955.webp,Set 26 Avengers Wrath,0,0,['Fire'],,,,,,,,Common,
J956,J956,Jutsu,set_26_avengers_wrath,j956.webp,Set 26 Avengers Wrath,0,0,['Fire'],,,,,,,,Common,
J957,J957,Jutsu,set_26_avengers_wrath,j957.webp,Set 26 Avengers Wrath,0,0,['Fire'],,,,,,,,Common,
J958,J958,Jutsu,set_26_avengers_wrath,j958.webp,Set 26 Avengers Wrath,0,0,['Fire'],,,,,,,,Common,
J959,J959,Jutsu,set_26_avengers_wrath,j959.webp,Set 26 Avengers Wrath,0,0,['Fire'],,,,,,,,Common,
J960,J960,Jutsu,set_26_avengers_wrath,j960.webp,Set 26 Avengers Wrath,0,0,['Fire'],,,,,,,,Common,
J961,J961,Jutsu,set_26_avengers_wrath,j961.webp,Set 26 Avengers Wrath,0,0,['Fire'],,,,,,,,Common,
J962,J962,Jutsu,set_26_avengers_wrath,j962.webp,Set 26 Avengers Wrath,0,0,['Fire'],,,,,,,,Common,
J963,J963,Jutsu,set_26_avengers_wrath,j963.webp,Set 26 Avengers Wrath,0,0,['Fire'],,,,,,,,Common,
J964,J964,Jutsu,set_26_avengers_wrath,j964.webp,Set 26 Avengers Wrath,0,0,['Fire'],,,,,,,,Common,
J965,J965,Jutsu,set_26_avengers_wrath,j965.webp,Set 26 Avengers Wrath,0,0,['Fire'],,,,,,,,Common,
J966,J966,Jutsu,set_26_avengers_wrath,j966.webp,Set 26 Avengers Wrath,0,0,['Fire'],,,,,,,,Common,
J967,J967,Jutsu,set_26_avengers_wrath,j967.webp,Set 26 Avengers Wrath,0,0,['Fire'],,,,,,,,Common,
J968,J968,Jutsu,set_26_avengers_wrath,j968.webp,Set 26 Avengers Wrath,0,0,['Fire'],,,,,,,,Common,
J969,J969,Jutsu,set_26_avengers_wrath,j969.webp,Set 26 Avengers Wrath,0,0,['Fire'],,,,,,,,Common,
J970,J970,Jutsu,set_26_avengers_wrath,j970.webp,Set 26 Avengers Wrath,0,0,['Fire'],,,,,,,,Common,
J971,J971,Jutsu,set_26_avengers_wrath,j971.webp,Set 26 Avengers Wrath,0,0,['Fire'],,,,,,,,Common,
M914,M914,Mission,set_26_avengers_wrath,m914.webp,Set 26 Avengers Wrath,0,0,['Fire'],,,,,,,,Common,
M915,M915,Mission,set_26_avengers_wrath,m915.webp,Set 26 Avengers Wrath,0,0,['Fire'],,,,,,,,Common,
M916,M916,Mission,set_26_avengers_wrath,m916.webp,Set 26 Avengers Wrath,0,0,['Fire'],,,,,,,,Common,
M917,M917,Mission,set_26_avengers_wrath,m917.webp,Set 26 Avengers Wrath,0,0,['Fire'],,,,,,,,Common,
M918,M918,Mission,set_26_avengers_wrath,m918.webp,Set 26 Avengers Wrath,0,0,['Fire'],,,,,,,,Common,
M919,M919,Mission,set_26_avengers_wrath,m919.webp,Set 26 Avengers Wrath,0,0,['Fire'],,,,,,,,Common,
M920,M920,Mission,set_26_avengers_wrath,m920.webp,Set 26 Avengers Wrath,0,0,['Fire'],,,,,,,,Common,
M921,M921,Mission,set_26_avengers_wrath,m921.webp,Set 26 Avengers Wrath,0,0,['Fire'],,,,,,,,Common,
M922,M922,Mission,set_26_avengers_wrath,m922.webp,Set 26 Avengers Wrath,0,0,['Fire'],,,,,,,,Common,
M923,M923,Mission,set_26_avengers_wrath,m923.webp,Set 26 Avengers Wrath,0,0,['Fire'],,,,,,,,Common,
M924,M924,Mission,set_26_avengers_wrath,m924.webp,Set 26 Avengers Wrath,0,0,['Fire'],,,,,,,,Common,
M925,M925,Mission,set_26_avengers_wrath,m925.webp,Set 26 Avengers Wrath,0,0,['Fire'],,,,,,,,Common,
M926,M926,Mission,set_26_avengers_wrath,m926.webp,Set 26 Avengers Wrath,0,0,['Fire'],,,,,,,,Common,
M927,M927,Mission,set_26_avengers_wrath,m927.webp,Set 26 Avengers Wrath,0,0,['Fire'],,,,,,,,Common,
M928,M928,Mission,set_26_avengers_wrath,m928.webp,Set 26 Avengers Wrath,0,0,['Fire'],,,,,,,,Common,
M929,M929,Mission,set_26_avengers_wrath,m929.webp,Set 26 Avengers Wrath,0,0,['Fire'],,,,,,,,Common,
M930,M930,Mission,set_26_avengers_wrath,m930.webp,Set 26 Avengers Wrath,0,0,['Fire'],,,,,,,,Common,
M931,M931,Mission,set_26_avengers_wrath,m931.webp,Set 26 Avengers Wrath,0,0,['Fire'],,,,,,,,Common,
M932,M932,Mission,set_26_avengers_wrath,m932.webp,Set 26 Avengers Wrath,0,0,['Fire'],,,,,,,,Common,
M933,M933,Mission,set_26_avengers_wrath,m933.webp,Set 26 Avengers Wrath,0,0,['Fire'],,,,,,,,Common,
M934,M934,Mission,set_26_avengers_wrath,m934.webp,Set 26 Avengers Wrath,0,0,['Fire'],,,,,,,,Common,
M935,M935,Mission,set_26_avengers_wrath,m935.webp,Set 26 Avengers Wrath,0,0,['Fire'],,,,,,,,Common,
M936,M936,Mission,set_26_avengers_wrath,m936.webp,Set 26 Avengers Wrath,0,0,['Fire'],,,,,,,,Common,
M937,M937,Mission,set_26_avengers_wrath,m937.webp,Set 26 Avengers Wrath,0,0,['Fire'],,,,,,,,Common,
M938,M938,Mission,set_26_avengers_wrath,m938.webp,Set 26 Avengers Wrath,0,0,['Fire'],,,,,,,,Common,
M939,M939,Mission,set_26_avengers_wrath,m939.webp,Set 26 Avengers Wrath,0,0,['Fire'],,,,,,,,Common,
M940,M940,Mission,set_26_avengers_wrath,m940.webp,Set 26 Avengers Wrath,0,0,['Fire'],,,,,,,,Common,
M941,M941,Mission,set_26_avengers_wrath,m941.webp,Set 26 Avengers Wrath,0,0,['Fire'],,,,,,,,Common,
M942,M942,Mission,set_26_avengers_wrath,m942.webp,Set 26 Avengers Wrath,0,0,['Fire'],,,,,,,,Common,
N1488,N1488,Ninja,set_26_avengers_wrath,n1488.webp,Set 26 Avengers Wrath,0,0,['Fire'],,,,,,,,Common,
N1489,N1489,Ninja,set_26_avengers_wrath,n1489.webp,Set 26 Avengers Wrath,0,0,['Fire'],,,,,,,,Common,
N1490,N1490,Ninja,set_26_avengers_wrath,n1490.webp,Set 26 Avengers Wrath,0,0,['Fire'],,,,,,,,Common,
N1491,N1491,Ninja,set_26_avengers_wrath,n1491.webp,Set 26 Avengers Wrath,0,0,['Fire'],,,,,,,,Common,
N1492,N1492,Ninja,set_26_avengers_wrath,n1492.webp,Set 26 Avengers Wrath,0,0,['Fire'],,,,,,,,Common,
N1493,N1493,Ninja,set_26_avengers_wrath,n1493.webp,Set 26 Avengers Wrath,0,0,['Fire'],,,,,,,,Common,
N1494,N1494,Ninja,set_26_avengers_wrath,n1494.webp,Set 26 Avengers Wrath,0,0,['Fire'],,,,,,,,Common,
N1494A,N1494A,Ninja,set_26_avengers_wrath,n1494a.webp,Set 26 Avengers Wrath,0,0,['Fire'],,,,,,,,Common,
N1495,N1495,Ninja,set_26_avengers_wrath,n1495.webp,Set 26 Avengers Wrath,0,0,['Fire'],,,,,,,,Common,
N1496,N1496,Ninja,set_26_avengers_wrath,n1496.webp,Set 26 Avengers Wrath,0,0,['Fire'],,,,,,,,Common,
N1497,N1497,Ninja,set_26_avengers_wrath,n1497.webp,Set 26 Avengers Wrath,0,0,['Fire'],,,,,,,,Common,
N1498,N1498,Ninja,set_26_avengers_wrath,n1498.webp,Set 26 Avengers Wrath,0,0,['Fire'],,,,,,,,Common,
N1499,N1499,Ninja,set_26_avengers_wrath,n1499.webp,Set 26 Avengers Wrath,0,0,['Fire'],,,,,,,,Common,
N1500,N1500,Ninja,set_26_avengers_wrath,n1500.webp,Set 26 Avengers Wrath,0,0,['Fire'],,,,,,,,Common,
N1501,N1501,Ninja,set_26_avengers_wrath,n1501.webp,Set 26 Avengers Wrath,0,0,['Fire'],,,,,,,,Common,
N1502,N1502,Ninja,set_26_avengers_wrath,n1502.webp,Set 26 Avengers Wrath,0,0,['Fire'],,,,,,,,Common,
N1503,N1503,Ninja,set_26_avengers_wrath,n1503.webp,Set 26 Avengers Wrath,0,0,['Fire'],,,,,,,,Common,
N1504,N1504,Ninja,set_26_avengers_wrath,n1504.webp,Set 26 Avengers Wrath,0,0,['Fire'],,,,,,,,Common,
N1505,N1505,Ninja,set_26_avengers_wrath,n1505.webp,Set 26 Avengers Wrath,0,0,['Fire'],,,,,,,,Common,
N1506,N1506,Ninja,set_26_avengers_wrath,n1506.webp,Set 26 Avengers Wrath,0,0,['Fire'],,,,,,,,Common,
N1507,N1507,Ninja,set_26_avengers_wrath,n1507.webp,Set 26 Avengers Wrath,0,0,['Fire'],,,,,,,,Common,
N1508,N1508,Ninja,set_26_avengers_wrath,n1508.webp,Set 26 Avengers Wrath,0,0,['Fire'],,,,,,,,Common,
N1509,N1509,Ninja,set_26_avengers_wrath,n1509.webp,Set 26 Avengers Wrath,0,0,['Fire'],,,,,,,,Common,
N1510,N1510,Ninja,set_26_avengers_wrath,n1510.webp,Set 26 Avengers Wrath,0,0,['Fire'],,,,,,,,Common,
N1511,N1511,Ninja,set_26_avengers_wrath,n1511.webp,Set 26 Avengers Wrath,0,0,['Fire'],,,,,,,,Common,
N1511A,N1511A,Ninja,set_26_avengers_wrath,n1511a.webp,Set 26 Avengers Wrath,0,0,['Fire'],,,,,,,,Common,
N1512,N1512,Ninja,set_26_avengers_wrath,n1512.webp,Set 26 Avengers Wrath,0,0,['Fire'],,,,,,,,Common,
N1513,N1513,Ninja,set_26_avengers_wrath,n1513.webp,Set 26 Avengers Wrath,0,0,['Fire'],,,,,,,,Common,
N1514,N1514,Ninja,set_26_avengers_wrath,n1514.webp,Set 26 Avengers Wrath,0,0,['Fire'],,,,,,,,Common,
N1515,N1515,Ninja,set_26_avengers_wrath,n1515.webp,Set 26 Avengers Wrath,0,0,['Fire'],,,,,,,,Common,
N1516,N1516,Ninja,set_26_avengers_wrath,n1516.webp,Set 26 Avengers Wrath,0,0,['Fire'],,,,,,,,Common,
N1517,N1517,Ninja,set_26_avengers_wrath,n1517.webp,Set 26 Avengers Wrath,0,0,['Fire'],,,,,,,,Common,
N1518,N1518,Ninja,set_26_avengers_wrath,n1518.webp,Set 26 Avengers Wrath,0,0,['Fire'],,,,,,,,Common,
N1519,N1519,Ninja,set_26_avengers_wrath,n1519.webp,Set 26 Avengers Wrath,0,0,['Fire'],,,,,,,,Common,
N1520,N1520,Ninja,set_26_avengers_wrath,n1520.webp,Set 26 Avengers Wrath,0,0,['Fire'],,,,,,,,Common,
N1521,N1521,Ninja,set_26_avengers_wrath,n1521.webp,Set 26 Avengers Wrath,0,0,['Fire'],,,,,,,,Common,
N1521A,N1521A,Ninja,set_26_avengers_wrath,n1521a.webp,Set 26 Avengers Wrath,0,0,['Fire'],,,,,,,,Common,
N1522,N1522,Ninja,set_26_avengers_wrath,n1522.webp,Set 26 Avengers Wrath,0,0,['Fire'],,,,,,,,Common,
N1523,N1523,Ninja,set_26_avengers_wrath,n1523.webp,Set 26 Avengers Wrath,0,0,['Fire'],,,,,,,,Common,
N1524,N1524,Ninja,set_26_avengers_wrath,n1524.webp,Set 26 Avengers Wrath,0,0,['Fire'],,,,,,,,Common,
N1525,N1525,Ninja,set_26_avengers_wrath,n1525.webp,Set 26 Avengers Wrath,0,0,['Fire'],,,,,,,,Common,
N1526,N1526,Ninja,set_26_avengers_wrath,n1526.webp,Set 26 Avengers Wrath,0,0,['Fire'],,,,,,,,Common,
N1527,N1527,Ninja,set_26_avengers_wrath,n1527.webp,Set 26 Avengers Wrath,0,0,['Fire'],,,,,,,,Common,
N1528A,N1528A,Ninja,set_26_avengers_wrath,n1528a.webp,Set 26 Avengers Wrath,0,0,['Fire'],,,,,,,,Common,
N1529,N1529,Ninja,set_26_avengers_wrath,n1529.webp,Set 26 Avengers Wrath,0,0,['Fire'],,,,,,,,Common,
N1530,N1530,Ninja,set_26_avengers_wrath,n1530.webp,Set 26 Avengers Wrath,0,0,['Fire'],,,,,,,,Common,
N1531,N1531,Ninja,set_26_avengers_wrath,n1531.webp,Set 26 Avengers Wrath,0,0,['Fire'],,,,,,,,Common,
N1532,N1532,Ninja,set_26_avengers_wrath,n1532.webp,Set 26 Avengers Wrath,0,0,['Fire'],,,,,,,,Common,
N1533,N1533,Ninja,set_26_avengers_wrath,n1533.webp,Set 26 Avengers Wrath,0,0,['Fire'],,,,,,,,Common,
N1534,N1534,Ninja,set_26_avengers_wrath,n1534.webp,Set 26 Avengers Wrath,0,0,['Fire'],,,,,,,,Common,
N1535,N1535,Ninja,set_26_avengers_wrath,n1535.webp,Set 26 Avengers Wrath,0,0,['Fire'],,,,,,,,Common,
N1536,N1536,Ninja,set_26_avengers_wrath,n1536.webp,Set 26 Avengers Wrath,0,0,['Fire'],,,,,,,,Common,
N1537,N1537,Ninja,set_26_avengers_wrath,n1537.webp,Set 26 Avengers Wrath,0,0,['Fire'],,,,,,,,Common,
N1538,N1538,Ninja,set_26_avengers_wrath,n1538.webp,Set 26 Avengers Wrath,0,0,['Fire'],,,,,,,,Common,
N1539,N1539,Ninja,set_26_avengers_wrath,n1539.webp,Set 26 Avengers Wrath,0,0,['Fire'],,,,,,,,Common,
N1540,N1540,Ninja,set_26_avengers_wrath,n1540.webp,Set 26 Avengers Wrath,0,0,['Fire'],,,,,,,,Common,
N1540A,N1540A,Ninja,set_26_avengers_wrath,n1540a.webp,Set 26 Avengers Wrath,0,0,['Fire'],,,,,,,,Common,
N1541,N1541,Ninja,set_26_avengers_wrath,n1541.webp,Set 26 Avengers Wrath,0,0,['Fire'],,,,,,,,Common,
N1542,N1542,Ninja,set_26_avengers_wrath,n1542.webp,Set 26 Avengers Wrath,0,0,['Fire'],,,,,,,,Common,
N1543,N1543,Ninja,set_26_avengers_wrath,n1543.webp,Set 26 Avengers Wrath,0,0,['Fire'],,,,,,,,Common,
N1544,N1544,Ninja,set_26_avengers_wrath,n1544.webp,Set 26 Avengers Wrath,0,0,['Fire'],,,,,,,,Common,
N1545,N1545,Ninja,set_26_avengers_wrath,n1545.webp,Set 26 Avengers Wrath,0,0,['Fire'],,,,,,,,Common,
N1546,N1546,Ninja,set_26_avengers_wrath,n1546.webp,Set 26 Avengers Wrath,0,0,['Fire'],,,,,,,,Common,
N1547,N1547,Ninja,set_26_avengers_wrath,n1547.webp,Set 26 Avengers Wrath,0,0,['Fire'],,,,,,,,Common,
N1548,N1548,Ninja,set_26_avengers_wrath,n1548.webp,Set 26 Avengers Wrath,0,0,['Fire'],,,,,,,,Common,
N1549,N1549,Ninja,set_26_avengers_wrath,n1549.webp,Set 26 Avengers Wrath,0,0,['Fire'],,,,,,,,Common,
N1550,N1550,Ninja,set_26_avengers_wrath,n1550.webp,Set 26 Avengers Wrath,0,0,['Fire'],,,,,,,,Common,
N1551,N1551,Ninja,set_26_avengers_wrath,n1551.webp,Set 26 Avengers Wrath,0,0,['Fire'],,,,,,,,Common,
N1552,N1552,Ninja,set_26_avengers_wrath,n1552.webp,Set 26 Avengers Wrath,0,0,['Fire'],,,,,,,,Common,
C060,C060,Client,set_27_heros_ascension,c060.webp,Set 27 Heros Ascension,0,0,['Fire'],,,,,,,,Common,
J1000,J1000,Jutsu,set_27_heros_ascension,j1000.webp,Set 27 Heros Ascension,0,0,['Fire'],,,,,,,,Common,
J1001,J1001,Jutsu,set_27_heros_ascension,j1001.webp,Set 27 Heros Ascension,0,0,['Fire'],,,,,,,,Common,
J972,J972,Jutsu,set_27_heros_ascension,j972.webp,Set 27 Heros Ascension,0,0,['Fire'],,,,,,,,Common,
J973,J973,Jutsu,set_27_heros_ascension,j973.webp,Set 27 Heros Ascension,0,0,['Fire'],,,,,,,,Common,
J974,J974,Jutsu,set_27_heros_ascension,j974.webp,Set 27 Heros Ascension,0,0,['Fire'],,,,,,,,Common,
J975,J975,Jutsu,set_27_heros_ascension,j975.webp,Set 27 Heros Ascension,0,0,['Fire'],,,,,,,,Common,
J976,J976,Jutsu,set_27_heros_ascension,j976.webp,Set 27 Heros Ascension,0,0,['Fire'],,,,,,,,Common,
J977,J977,Jutsu,set_27_heros_ascension,j977.webp,Set 27 Heros Ascension,0,0,['Fire'],,,,,,,,Common,
J978,J978,Jutsu,set_27_heros_ascension,j978.webp,Set 27 Heros Ascension,0,0,['Fire'],,,,,,,,Common,
J979,J979,Jutsu,set_27_heros_ascension,j979.webp,Set 27 Heros Ascension,0,0,['Fire'],,,,,,,,Common,
J980,J980,Jutsu,set_27_heros_ascension,j980.webp,Set 27 Heros Ascension,0,0,['Fire'],,,,,,,,Common,
J981,J981,Jutsu,set_27_heros_ascension,j981.webp,Set 27 Heros Ascension,0,0,['Fire'],,,,,,,,Common,
J982,J982,Jutsu,set_27_heros_ascension,j982.webp,Set 27 Heros Ascension,0,0,['Fire'],,,,,,,,Common,
J983,J983,Jutsu,set_27_heros_ascension,j983.webp,Set 27 Heros Ascension,0,0,['Fire'],,,,,,,,Common,
J984,J984,Jutsu,set_27_heros_ascension,j984.webp,Set 27 Heros Ascension,0,0,['Fire'],,,,,,,,Common,
J985,J985,Jutsu,set_27_heros_ascension,j985.webp,Set 27 Heros Ascension,0,0,['Fire'],,,,,,,,Common,
J986,J986,Jutsu,set_27_heros_ascension,j986.webp,Set 27 Heros Ascension,0,0,['Fire'],,,,,,,,Common,
J987,J987,Jutsu,set_27_heros_ascension,j987.webp,Set 27 Heros Ascension,0,0,['Fire'],,,,,,,,Common,
J988,J988,Jutsu,set_27_heros_ascension,j988.webp,Set 27 Heros Ascension,0,0,['Fire'],,,,,,,,Common,
J989,J989,Jutsu,set_27_heros_ascension,j989.webp,Set 27 Heros Ascension,0,0,['Fire'],,,,,,,,Common,
J990,J990,Jutsu,set_27_heros_ascension,j990.webp,Set 27 Heros Ascension,0,0,['Fire'],,,,,,,,Common,
J991,J991,Jutsu,set_27_heros_ascension,j991.webp,Set 27 Heros Ascension,0,0,['Fire'],,,,,,,,Common,
J992,J992,Jutsu,set_27_heros_ascension,j992.webp,Set 27 Heros Ascension,0,0,['Fire'],,,,,,,,Common,
J993,J993,Jutsu,set_27_heros_ascension,j993.webp,Set 27 Heros Ascension,0,0,['Fire'],,,,,,,,Common,
J994,J994,Jutsu,set_27_heros_ascension,j994.webp,Set 27 Heros Ascension,0,0,['Fire'],,,,,,,,Common,
J995,J995,Jutsu,set_27_heros_ascension,j995.webp,Set 27 Heros Ascension,0,0,['Fire'],,,,,,,,Common,
J996,J996,Jutsu,set_27_heros_ascension,j996.webp,Set 27 Heros Ascension,0,0,['Fire'],,,,,,,,Common,
J997,J997,Jutsu,set_27_heros_ascension,j997.webp,Set 27 Heros Ascension,0,0,['Fire'],,,,,,,,Common,
J998,J998,Jutsu,set_27_heros_ascension,j998.webp,Set 27 Heros Ascension,0,0,['Fire'],,,,,,,,Common,
J999,J999,Jutsu,set_27_heros_ascension,j999.webp,Set 27 Heros Ascension,0,0,['Fire'],,,,,,,,Common,
M943,M943,Mission,set_27_heros_ascension,m943.webp,Set 27 Heros Ascension,0,0,['Fire'],,,,,,,,Common,
M944,M944,Mission,set_27_heros_ascension,m944.webp,Set 27 Heros Ascension,0,0,['Fire'],,,,,,,,Common,
M945E,M945E,Mission,set_27_heros_ascension,m945e.webp,Set 27 Heros Ascension,0,0,['Fire'],,,,,,,,Common,
M946,M946,Mission,set_27_heros_ascension,m946.webp,Set 27 Heros Ascension,0,0,['Fire'],,,,,,,,Common,
M947,M947,Mission,set_27_heros_ascension,m947.webp,Set 27 Heros Ascension,0,0,['Fire'],,,,,,,,Common,
M948,M948,Mission,set_27_heros_ascension,m948.webp,Set 27 Heros Ascension,0,0,['Fire'],,,,,,,,Common,
M949,M949,Mission,set_27_heros_ascension,m949.webp,Set 27 Heros Ascension,0,0,['Fire'],,,,,,,,Common,
M950,M950,Mission,set_27_heros_ascension,m950.webp,Set 27 Heros Ascension,0,0,['Fire'],,,,,,,,Common,
M951E,M951E,Mission,set_27_heros_ascension,m951e.webp,Set 27 Heros Ascension,0,0,['Fire'],,,,,,,,Common,
M952,M952,Mission,set_27_heros_ascension,m952.webp,Set 27 Heros Ascension,0,0,['Fire'],,,,,,,,Common,
M953,M953,Mission,set_27_heros_ascension,m953.webp,Set 27 Heros Ascension,0,0,['Fire'],,,,,,,,Common,
M954,M954,Mission,set_27_heros_ascension,m954.webp,Set 27 Heros Ascension,0,0,['Fire'],,,,,,,,Common,
M955,M955,Mission,set_27_heros_ascension,m955.webp,Set 27 Heros Ascension,0,0,['Fire'],,,,,,,,Common,
M956,M956,Mission,set_27_heros_ascension,m956.webp,Set 27 Heros Ascension,0,0,['Fire'],,,,,,,,Common,
M957,M957,Mission,set_27_heros_ascension,m957.webp,Set 27 Heros Ascension,0,0,['Fire'],,,,,,,,Common,
M958,M958,Mission,set_27_heros_ascension,m958.webp,Set 27 Heros Ascension,0,0,['Fire'],,,,,,,,Common,
M959,M959,Mission,set_27_heros_ascension,m959.webp,Set 27 Heros Ascension,0,0,['Fire'],,,,,,,,Common,
M960,M960,Mission,set_27_heros_ascension,m960.webp,Set 27 Heros Ascension,0,0,['Fire'],,,,,,,,Common,
M961,M961,Mission,set_27_heros_ascension,m961.webp,Set 27 Heros Ascension,0,0,['Fire'],,,,,,,,Common,
M962,M962,Mission,set_27_heros_ascension,m962.webp,Set 27 Heros Ascension,0,0,['Fire'],,,,,,,,Common,
M963,M963,Mission,set_27_heros_ascension,m963.webp,Set 27 Heros Ascension,0,0,['Fire'],,,,,,,,Common,
M964,M964,Mission,set_27_heros_ascension,m964.webp,Set 27 Heros Ascension,0,0,['Fire'],,,,,,,,Common,
M965,M965,Mission,set_27_heros_ascension,m965.webp,Set 27 Heros Ascension,0,0,['Fire'],,,,,,,,Common,
M966,M966,Mission,set_27_heros_ascension,m966.webp,Set 27 Heros Ascension,0,0,['Fire'],,,,,,,,Common,
M967,M967,Mission,set_27_heros_ascension,m967.webp,Set 27 Heros Ascension,0,0,['Fire'],,,,,,,,Common,
M968,M968,Mission,set_27_heros_ascension,m968.webp,Set 27 Heros Ascension,0,0,['Fire'],,,,,,,,Common,
M969,M969,Mission,set_27_heros_ascension,m969.webp,Set 27 Heros Ascension,0,0,['Fire'],,,,,,,,Common,
M970,M970,Mission,set_27_heros_ascension,m970.webp,Set 27 Heros Ascension,0,0,['Fire'],,,,,,,,Common,
M971,M971,Mission,set_27_heros_ascension,m971.webp,Set 27 Heros Ascension,0,0,['Fire'],,,,,,,,Common,
M972,M972,Mission,set_27_heros_ascension,m972.webp,Set 27 Heros Ascension,0,0,['Fire'],,,,,,,,Common,
M973,M973,Mission,set_27_heros_ascension,m973.webp,Set 27 Heros Ascension,0,0,['Fire'],,,,,,,,Common,
M974,M974,Mission,set_27_heros_ascension,m974.webp,Set 27 Heros Ascension,0,0,['Fire'],,,,,,,,Common,
M975,M975,Mission,set_27_heros_ascension,m975.webp,Set 27 Heros Ascension,0,0,['Fire'],,,,,,,,Common,
N1553,N1553,Ninja,set_27_heros_ascension,n1553.webp,Set 27 Heros Ascension,0,0,['Fire'],,,,,,,,Common,
N1554,N1554,Ninja,set_27_heros_ascension,n1554.webp,Set 27 Heros Ascension,0,0,['Fire'],,,,,,,,Common,
N1555,N1555,Ninja,set_27_heros_ascension,n1555.webp,Set 27 Heros Ascension,0,0,['Fire'],,,,,,,,Common,
N1556,N1556,Ninja,set_27_heros_ascension,n1556.webp,Set 27 Heros Ascension,0,0,['Fire'],,,,,,,,Common,
N1557,N1557,Ninja,set_27_heros_ascension,n1557.webp,Set 27 Heros Ascension,0,0,['Fire'],,,,,,,,Common,
N1558,N1558,Ninja,set_27_heros_ascension,n1558.webp,Set 27 Heros Ascension,0,0,['Fire'],,,,,,,,Common,
N1559,N1559,Ninja,set_27_heros_ascension,n1559.webp,Set 27 Heros Ascension,0,0,['Fire'],,,,,,,,Common,
N1560,N1560,Ninja,set_27_heros_ascension,n1560.webp,Set 27 Heros Ascension,0,0,['Fire'],,,,,,,,Common,
N1561,N1561,Ninja,set_27_heros_ascension,n1561.webp,Set 27 Heros Ascension,0,0,['Fire'],,,,,,,,Common,
N1562,N1562,Ninja,set_27_heros_ascension,n1562.webp,Set 27 Heros Ascension,0,0,['Fire'],,,,,,,,Common,
N1563,N1563,Ninja,set_27_heros_ascension,n1563.webp,Set 27 Heros Ascension,0,0,['Fire'],,,,,,,,Common,
N1564,N1564,Ninja,set_27_heros_ascension,n1564.webp,Set 27 Heros Ascension,0,0,['Fire'],,,,,,,,Common,
N1565,N1565,Ninja,set_27_heros_ascension,n1565.webp,Set 27 Heros Ascension,0,0,['Fire'],,,,,,,,Common,
N1566,N1566,Ninja,set_27_heros_ascension,n1566.webp,Set 27 Heros Ascension,0,0,['Fire'],,,,,,,,Common,
N1567,N1567,Ninja,set_27_heros_ascension,n1567.webp,Set 27 Heros Ascension,0,0,['Fire'],,,,,,,,Common,
N1568,N1568,Ninja,set_27_heros_ascension,n1568.webp,Set 27 Heros Ascension,0,0,['Fire'],,,,,,,,Common,
N1569,N1569,Ninja,set_27_heros_ascension,n1569.webp,Set 27 Heros Ascension,0,0,['Fire'],,,,,,,,Common,
N1570,N1570,Ninja,set_27_heros_ascension,n1570.webp,Set 27 Heros Ascension,0,0,['Fire'],,,,,,,,Common,
N1571,N1571,Ninja,set_27_heros_ascension,n1571.webp,Set 27 Heros Ascension,0,0,['Fire'],,,,,,,,Common,
N1572,N1572,Ninja,set_27_heros_ascension,n1572.webp,Set 27 Heros Ascension,0,0,['Fire'],,,,,,,,Common,
N1573,N1573,Ninja,set_27_heros_ascension,n1573.webp,Set 27 Heros Ascension,0,0,['Fire'],,,,,,,,Common,
N1574,N1574,Ninja,set_27_heros_ascension,n1574.webp,Set 27 Heros Ascension,0,0,['Fire'],,,,,,,,Common,
N1575,N1575,Ninja,set_27_heros_ascension,n1575.webp,Set 27 Heros Ascension,0,0,['Fire'],,,,,,,,Common,
N1576,N1576,Ninja,set_27_heros_ascension,n1576.webp,Set 27 Heros Ascension,0,0,['Fire'],,,,,,,,Common,
N1577,N1577,Ninja,set_27_heros_ascension,n1577.webp,Set 27 Heros Ascension,0,0,['Fire'],,,,,,,,Common,
N1578,N1578,Ninja,set_27_heros_ascension,n1578.webp,Set 27 Heros Ascension,0,0,['Fire'],,,,,,,,Common,
N1579,N1579,Ninja,set_27_heros_ascension,n1579.webp,Set 27 Heros Ascension,0,0,['Fire'],,,,,,,,Common,
N1580E,N1580E,Ninja,set_27_heros_ascension,n1580e.webp,Set 27 Heros Ascension,0,0,['Fire'],,,,,,,,Common,
N1581,N1581,Ninja,set_27_heros_ascension,n1581.webp,Set 27 Heros Ascension,0,0,['Fire'],,,,,,,,Common,
N1582,N1582,Ninja,set_27_heros_ascension,n1582.webp,Set 27 Heros Ascension,0,0,['Fire'],,,,,,,,Common,
N1583,N1583,Ninja,set_27_heros_ascension,n1583.webp,Set 27 Heros Ascension,0,0,['Fire'],,,,,,,,Common,
N1584,N1584,Ninja,set_27_heros_ascension,n1584.webp,Set 27 Heros Ascension,0,0,['Fire'],,,,,,,,Common,
N1585,N1585,Ninja,set_27_heros_ascension,n1585.webp,Set 27 Heros Ascension,0,0,['Fire'],,,,,,,,Common,
N1586,N1586,Ninja,set_27_heros_ascension,n1586.webp,Set 27 Heros Ascension,0,0,['Fire'],,,,,,,,Common,
N1587,N1587,Ninja,set_27_heros_ascension,n1587.webp,Set 27 Heros Ascension,0,0,['Fire'],,,,,,,,Common,
N1588,N1588,Ninja,set_27_heros_ascension,n1588.webp,Set 27 Heros Ascension,0,0,['Fire'],,,,,,,,Common,
N1589,N1589,Ninja,set_27_heros_ascension,n1589.webp,Set 27 Heros Ascension,0,0,['Fire'],,,,,,,,Common,
N1590,N1590,Ninja,set_27_heros_ascension,n1590.webp,Set 27 Heros Ascension,0,0,['Fire'],,,,,,,,Common,
N1591,N1591,Ninja,set_27_heros_ascension,n1591.webp,Set 27 Heros Ascension,0,0,['Fire'],,,,,,,,Common,
N1592,N1592,Ninja,set_27_heros_ascension,n1592.webp,Set 27 Heros Ascension,0,0,['Fire'],,,,,,,,Common,
N1593,N1593,Ninja,set_27_heros_ascension,n1593.webp,Set 27 Heros Ascension,0,0,['Fire'],,,,,,,,Common,
N1594,N1594,Ninja,set_27_heros_ascension,n1594.webp,Set 27 Heros Ascension,0,0,['Fire'],,,,,,,,Common,
N1595,N1595,Ninja,set_27_heros_ascension,n1595.webp,Set 27 Heros Ascension,0,0,['Fire'],,,,,,,,Common,
N1596,N1596,Ninja,set_27_heros_ascension,n1596.webp,Set 27 Heros Ascension,0,0,['Fire'],,,,,,,,Common,
N1597,N1597,Ninja,set_27_heros_ascension,n1597.webp,Set 27 Heros Ascension,0,0,['Fire'],,,,,,,,Common,
N1598,N1598,Ninja,set_27_heros_ascension,n1598.webp,Set 27 Heros Ascension,0,0,['Fire'],,,,,,,,Common,
N1599,N1599,Ninja,set_27_heros_ascension,n1599.webp,Set 27 Heros Ascension,0,0,['Fire'],,,,,,,,Common,
N1600,N1600,Ninja,set_27_heros_ascension,n1600.webp,Set 27 Heros Ascension,0,0,['Fire'],,,,,,,,Common,
N1601,N1601,Ninja,set_27_heros_ascension,n1601.webp,Set 27 Heros Ascension,0,0,['Fire'],,,,,,,,Common,
N1602,N1602,Ninja,set_27_heros_ascension,n1602.webp,Set 27 Heros Ascension,0,0,['Fire'],,,,,,,,Common,
N1603E,N1603E,Ninja,set_27_heros_ascension,n1603e.webp,Set 27 Heros Ascension,0,0,['Fire'],,,,,,,,Common,
N1604,N1604,Ninja,set_27_heros_ascension,n1604.webp,Set 27 Heros Ascension,0,0,['Fire'],,,,,,,,Common,
N1605,N1605,Ninja,set_27_heros_ascension,n1605.webp,Set 27 Heros Ascension,0,0,['Fire'],,,,,,,,Common,
N1606,N1606,Ninja,set_27_heros_ascension,n1606.webp,Set 27 Heros Ascension,0,0,['Fire'],,,,,,,,Common,
N1607,N1607,Ninja,set_27_heros_ascension,n1607.webp,Set 27 Heros Ascension,0,0,['Fire'],,,,,,,,Common,
N1608,N1608,Ninja,set_27_heros_ascension,n1608.webp,Set 27 Heros Ascension,0,0,['Fire'],,,,,,,,Common,
N1609,N1609,Ninja,set_27_heros_ascension,n1609.webp,Set 27 Heros Ascension,0,0,['Fire'],,,,,,,,Common,
N1610,N1610,Ninja,set_27_heros_ascension,n1610.webp,Set 27 Heros Ascension,0,0,['Fire'],,,,,,,,Common,
N1611,N1611,Ninja,set_27_heros_ascension,n1611.webp,Set 27 Heros Ascension,0,0,['Fire'],,,,,,,,Common,
N1612,N1612,Ninja,set_27_heros_ascension,n1612.webp,Set 27 Heros Ascension,0,0,['Fire'],,,,,,,,Common,
N1613,N1613,Ninja,set_27_heros_ascension,n1613.webp,Set 27 Heros Ascension,0,0,['Fire'],,,,,,,,Common,
N1614,N1614,Ninja,set_27_heros_ascension,n1614.webp,Set 27 Heros Ascension,0,0,['Fire'],,,,,,,,Common,
N1615,N1615,Ninja,set_27_heros_ascension,n1615.webp,Set 27 Heros Ascension,0,0,['Fire'],,,,,,,,Common,
N1616,N1616,Ninja,set_27_heros_ascension,n1616.webp,Set 27 Heros Ascension,0,0,['Fire'],,,,,,,,Common,
N1617,N1617,Ninja,set_27_heros_ascension,n1617.webp,Set 27 Heros Ascension,0,0,['Fire'],,,,,,,,Common,
N1618,N1618,Ninja,set_27_heros_ascension,n1618.webp,Set 27 Heros Ascension,0,0,['Fire'],,,,,,,,Common,
N1619,N1619,Ninja,set_27_heros_ascension,n1619.webp,Set 27 Heros Ascension,0,0,['Fire'],,,,,,,,Common,
N1620,N1620,Ninja,set_27_heros_ascension,n1620.webp,Set 27 Heros Ascension,0,0,['Fire'],,,,,,,,Common,
J1002,J1002,Jutsu,set_28_ultimate_ninja_storm_3,j1002.webp,Set 28 Ultimate Ninja Storm 3,0,0,['Fire'],,,,,,,,Common,
J1003,J1003,Jutsu,set_28_ultimate_ninja_storm_3,j1003.webp,Set 28 Ultimate Ninja Storm 3,0,0,['Fire'],,,,,,,,Common,
J1004,J1004,Jutsu,set_28_ultimate_ninja_storm_3,j1004.webp,Set 28 Ultimate Ninja Storm 3,0,0,['Fire'],,,,,,,,Common,
J1005,J1005,Jutsu,set_28_ultimate_ninja_storm_3,j1005.webp,Set 28 Ultimate Ninja Storm 3,0,0,['Fire'],,,,,,,,Common,
J1006,J1006,Jutsu,set_28_ultimate_ninja_storm_3,j1006.webp,Set 28 Ultimate Ninja Storm 3,0,0,['Fire'],,,,,,,,Common,
J1007,J1007,Jutsu,set_28_ultimate_ninja_storm_3,j1007.webp,Set 28 Ultimate Ninja Storm 3,0,0,['Fire'],,,,,,,,Common,
J1008,J1008,Jutsu,set_28_ultimate_ninja_storm_3,j1008.webp,Set 28 Ultimate Ninja Storm 3,0,0,['Fire'],,,,,,,,Common,
J1009,J1009,Jutsu,set_28_ultimate_ninja_storm_3,j1009.webp,Set 28 Ultimate Ninja Storm 3,0,0,['Fire'],,,,,,,,Common,
J1010,J1010,Jutsu,set_28_ultimate_ninja_storm_3,j1010.webp,Set 28 Ultimate Ninja Storm 3,0,0,['Fire'],,,,,,,,Common,
J1011,J1011,Jutsu,set_28_ultimate_ninja_storm_3,j1011.webp,Set 28 Ultimate Ninja Storm 3,0,0,['Fire'],,,,,,,,Common,
J1012,J1012,Jutsu,set_28_ultimate_ninja_storm_3,j1012.webp,Set 28 Ultimate Ninja Storm 3,0,0,['Fire'],,,,,,,,Common,
J1013,J1013,Jutsu,set_28_ultimate_ninja_storm_3,j1013.webp,Set 28 Ultimate Ninja Storm 3,0,0,['Fire'],,,,,,,,Common,
J1014,J1014,Jutsu,set_28_ultimate_ninja_storm_3,j1014.webp,Set 28 Ultimate Ninja Storm 3,0,0,['Fire'],,,,,,,,Common,
J1015,J1015,Jutsu,set_28_ultimate_ninja_storm_3,j1015.webp,Set 28 Ultimate Ninja Storm 3,0,0,['Fire'],,,,,,,,Common,
J1016,J1016,Jutsu,set_28_ultimate_ninja_storm_3,j1016.webp,Set 28 Ultimate Ninja Storm 3,0,0,['Fire'],,,,,,,,Common,
J1017,J1017,Jutsu,set_28_ultimate_ninja_storm_3,j1017.webp,Set 28 Ultimate Ninja Storm 3,0,0,['Fire'],,,,,,,,Common,
J1018,J1018,Jutsu,set_28_ultimate_ninja_storm_3,j1018.webp,Set 28 Ultimate Ninja Storm 3,0,0,['Fire'],,,,,,,,Common,
J1019,J1019,Jutsu,set_28_ultimate_ninja_storm_3,j1019.webp,Set 28 Ultimate Ninja Storm 3,0,0,['Fire'],,,,,,,,Common,
J1020,J1020,Jutsu,set_28_ultimate_ninja_storm_3,j1020.webp,Set 28 Ultimate Ninja Storm 3,0,0,['Fire'],,,,,,,,Common,
J1021,J1021,Jutsu,set_28_ultimate_ninja_storm_3,j1021.webp,Set 28 Ultimate Ninja Storm 3,0,0,['Fire'],,,,,,,,Common,
J1022,J1022,Jutsu,set_28_ultimate_ninja_storm_3,j1022.webp,Set 28 Ultimate Ninja Storm 3,0,0,['Fire'],,,,,,,,Common,
J1023,J1023,Jutsu,set_28_ultimate_ninja_storm_3,j1023.webp,Set 28 Ultimate Ninja Storm 3,0,0,['Fire'],,,,,,,,Common,
J1024 [ERRATA],J1024 [ERRATA],Jutsu,set_28_ultimate_ninja_storm_3,j1024 [errata].webp,Set 28 Ultimate Ninja Storm 3,0,0,['Fire'],,,,,,,,Common,
J1025,J1025,Jutsu,set_28_ultimate_ninja_storm_3,j1025.webp,Set 28 Ultimate Ninja Storm 3,0,0,['Fire'],,,,,,,,Common,
J1026,J1026,Jutsu,set_28_ultimate_ninja_storm_3,j1026.webp,Set 28 Ultimate Ninja Storm 3,0,0,['Fire'],,,,,,,,Common,
J1027,J1027,Jutsu,set_28_ultimate_ninja_storm_3,j1027.webp,Set 28 Ultimate Ninja Storm 3,0,0,['Fire'],,,,,,,,Common,
J1028,J1028,Jutsu,set_28_ultimate_ninja_storm_3,j1028.webp,Set 28 Ultimate Ninja Storm 3,0,0,['Fire'],,,,,,,,Common,
J1029,J1029,Jutsu,set_28_ultimate_ninja_storm_3,j1029.webp,Set 28 Ultimate Ninja Storm 3,0,0,['Fire'],,,,,,,,Common,
J1030,J1030,Jutsu,set_28_ultimate_ninja_storm_3,j1030.webp,Set 28 Ultimate Ninja Storm 3,0,0,['Fire'],,,,,,,,Common,
J1031 [ERRATA],J1031 [ERRATA],Jutsu,set_28_ultimate_ninja_storm_3,j1031 [errata].webp,Set 28 Ultimate Ninja Storm 3,0,0,['Fire'],,,,,,,,Common,
J1032,J1032,Jutsu,set_28_ultimate_ninja_storm_3,j1032.webp,Set 28 Ultimate Ninja Storm 3,0,0,['Fire'],,,,,,,,Common,
J1033,J1033,Jutsu,set_28_ultimate_ninja_storm_3,j1033.webp,Set 28 Ultimate Ninja Storm 3,0,0,['Fire'],,,,,,,,Common,
M976,M976,Mission,set_28_ultimate_ninja_storm_3,m976.webp,Set 28 Ultimate Ninja Storm 3,0,0,['Fire'],,,,,,,,Common,
M977,M977,Mission,set_28_ultimate_ninja_storm_3,m977.webp,Set 28 Ultimate Ninja Storm 3,0,0,['Fire'],,,,,,,,Common,
M978,M978,Mission,set_28_ultimate_ninja_storm_3,m978.webp,Set 28 Ultimate Ninja Storm 3,0,0,['Fire'],,,,,,,,Common,
M979,M979,Mission,set_28_ultimate_ninja_storm_3,m979.webp,Set 28 Ultimate Ninja Storm 3,0,0,['Fire'],,,,,,,,Common,
M980,M980,Mission,set_28_ultimate_ninja_storm_3,m980.webp,Set 28 Ultimate Ninja Storm 3,0,0,['Fire'],,,,,,,,Common,
M981,M981,Mission,set_28_ultimate_ninja_storm_3,m981.webp,Set 28 Ultimate Ninja Storm 3,0,0,['Fire'],,,,,,,,Common,
M982,M982,Mission,set_28_ultimate_ninja_storm_3,m982.webp,Set 28 Ultimate Ninja Storm 3,0,0,['Fire'],,,,,,,,Common,
M983,M983,Mission,set_28_ultimate_ninja_storm_3,m983.webp,Set 28 Ultimate Ninja Storm 3,0,0,['Fire'],,,,,,,,Common,
M984,M984,Mission,set_28_ultimate_ninja_storm_3,m984.webp,Set 28 Ultimate Ninja Storm 3,0,0,['Fire'],,,,,,,,Common,
M985,M985,Mission,set_28_ultimate_ninja_storm_3,m985.webp,Set 28 Ultimate Ninja Storm 3,0,0,['Fire'],,,,,,,,Common,
M986,M986,Mission,set_28_ultimate_ninja_storm_3,m986.webp,Set 28 Ultimate Ninja Storm 3,0,0,['Fire'],,,,,,,,Common,
M987,M987,Mission,set_28_ultimate_ninja_storm_3,m987.webp,Set 28 Ultimate Ninja Storm 3,0,0,['Fire'],,,,,,,,Common,
M988,M988,Mission,set_28_ultimate_ninja_storm_3,m988.webp,Set 28 Ultimate Ninja Storm 3,0,0,['Fire'],,,,,,,,Common,
M989,M989,Mission,set_28_ultimate_ninja_storm_3,m989.webp,Set 28 Ultimate Ninja Storm 3,0,0,['Fire'],,,,,,,,Common,
M990,M990,Mission,set_28_ultimate_ninja_storm_3,m990.webp,Set 28 Ultimate Ninja Storm 3,0,0,['Fire'],,,,,,,,Common,
M991,M991,Mission,set_28_ultimate_ninja_storm_3,m991.webp,Set 28 Ultimate Ninja Storm 3,0,0,['Fire'],,,,,,,,Common,
M992,M992,Mission,set_28_ultimate_ninja_storm_3,m992.webp,Set 28 Ultimate Ninja Storm 3,0,0,['Fire'],,,,,,,,Common,
M993,M993,Mission,set_28_ultimate_ninja_storm_3,m993.webp,Set 28 Ultimate Ninja Storm 3,0,0,['Fire'],,,,,,,,Common,
M994,M994,Mission,set_28_ultimate_ninja_storm_3,m994.webp,Set 28 Ultimate Ninja Storm 3,0,0,['Fire'],,,,,,,,Common,
M995,M995,Mission,set_28_ultimate_ninja_storm_3,m995.webp,Set 28 Ultimate Ninja Storm 3,0,0,['Fire'],,,,,,,,Common,
M996,M996,Mission,set_28_ultimate_ninja_storm_3,m996.webp,Set 28 Ultimate Ninja Storm 3,0,0,['Fire'],,,,,,,,Common,
M997,M997,Mission,set_28_ultimate_ninja_storm_3,m997.webp,Set 28 Ultimate Ninja Storm 3,0,0,['Fire'],,,,,,,,Common,
M998,M998,Mission,set_28_ultimate_ninja_storm_3,m998.webp,Set 28 Ultimate Ninja Storm 3,0,0,['Fire'],,,,,,,,Common,
N1621,N1621,Ninja,set_28_ultimate_ninja_storm_3,n1621.webp,Set 28 Ultimate Ninja Storm 3,0,0,['Fire'],,,,,,,,Common,
N1622,N1622,Ninja,set_28_ultimate_ninja_storm_3,n1622.webp,Set 28 Ultimate Ninja Storm 3,0,0,['Fire'],,,,,,,,Common,
N1623,N1623,Ninja,set_28_ultimate_ninja_storm_3,n1623.webp,Set 28 Ultimate Ninja Storm 3,0,0,['Fire'],,,,,,,,Common,
N1624,N1624,Ninja,set_28_ultimate_ninja_storm_3,n1624.webp,Set 28 Ultimate Ninja Storm 3,0,0,['Fire'],,,,,,,,Common,
N1625,N1625,Ninja,set_28_ultimate_ninja_storm_3,n1625.webp,Set 28 Ultimate Ninja Storm 3,0,0,['Fire'],,,,,,,,Common,
N1626,N1626,Ninja,set_28_ultimate_ninja_storm_3,n1626.webp,Set 28 Ultimate Ninja Storm 3,0,0,['Fire'],,,,,,,,Common,
N1627,N1627,Ninja,set_28_ultimate_ninja_storm_3,n1627.webp,Set 28 Ultimate Ninja Storm 3,0,0,['Fire'],,,,,,,,Common,
N1628,N1628,Ninja,set_28_ultimate_ninja_storm_3,n1628.webp,Set 28 Ultimate Ninja Storm 3,0,0,['Fire'],,,,,,,,Common,
N1629,N1629,Ninja,set_28_ultimate_ninja_storm_3,n1629.webp,Set 28 Ultimate Ninja Storm 3,0,0,['Fire'],,,,,,,,Common,
N1630,N1630,Ninja,set_28_ultimate_ninja_storm_3,n1630.webp,Set 28 Ultimate Ninja Storm 3,0,0,['Fire'],,,,,,,,Common,
N1631,N1631,Ninja,set_28_ultimate_ninja_storm_3,n1631.webp,Set 28 Ultimate Ninja Storm 3,0,0,['Fire'],,,,,,,,Common,
N1632,N1632,Ninja,set_28_ultimate_ninja_storm_3,n1632.webp,Set 28 Ultimate Ninja Storm 3,0,0,['Fire'],,,,,,,,Common,
N1633,N1633,Ninja,set_28_ultimate_ninja_storm_3,n1633.webp,Set 28 Ultimate Ninja Storm 3,0,0,['Fire'],,,,,,,,Common,
N1634,N1634,Ninja,set_28_ultimate_ninja_storm_3,n1634.webp,Set 28 Ultimate Ninja Storm 3,0,0,['Fire'],,,,,,,,Common,
N1635,N1635,Ninja,set_28_ultimate_ninja_storm_3,n1635.webp,Set 28 Ultimate Ninja Storm 3,0,0,['Fire'],,,,,,,,Common,
N1636,N1636,Ninja,set_28_ultimate_ninja_storm_3,n1636.webp,Set 28 Ultimate Ninja Storm 3,0,0,['Fire'],,,,,,,,Common,
N1637,N1637,Ninja,set_28_ultimate_ninja_storm_3,n1637.webp,Set 28 Ultimate Ninja Storm 3,0,0,['Fire'],,,,,,,,Common,
N1638,N1638,Ninja,set_28_ultimate_ninja_storm_3,n1638.webp,Set 28 Ultimate Ninja Storm 3,0,0,['Fire'],,,,,,,,Common,
N1639,N1639,Ninja,set_28_ultimate_ninja_storm_3,n1639.webp,Set 28 Ultimate Ninja Storm 3,0,0,['Fire'],,,,,,,,Common,
N1640,N1640,Ninja,set_28_ultimate_ninja_storm_3,n1640.webp,Set 28 Ultimate Ninja Storm 3,0,0,['Fire'],,,,,,,,Common,
N1641,N1641,Ninja,set_28_ultimate_ninja_storm_3,n1641.webp,Set 28 Ultimate Ninja Storm 3,0,0,['Fire'],,,,,,,,Common,
N1642,N1642,Ninja,set_28_ultimate_ninja_storm_3,n1642.webp,Set 28 Ultimate Ninja Storm 3,0,0,['Fire'],,,,,,,,Common,
N1643,N1643,Ninja,set_28_ultimate_ninja_storm_3,n1643.webp,Set 28 Ultimate Ninja Storm 3,0,0,['Fire'],,,,,,,,Common,
N1644,N1644,Ninja,set_28_ultimate_ninja_storm_3,n1644.webp,Set 28 Ultimate Ninja Storm 3,0,0,['Fire'],,,,,,,,Common,
N1645,N1645,Ninja,set_28_ultimate_ninja_storm_3,n1645.webp,Set 28 Ultimate Ninja Storm 3,0,0,['Fire'],,,,,,,,Common,
N1646,N1646,Ninja,set_28_ultimate_ninja_storm_3,n1646.webp,Set 28 Ultimate Ninja Storm 3,0,0,['Fire'],,,,,,,,Common,
N1647,N1647,Ninja,set_28_ultimate_ninja_storm_3,n1647.webp,Set 28 Ultimate Ninja Storm 3,0,0,['Fire'],,,,,,,,Common,
N1648,N1648,Ninja,set_28_ultimate_ninja_storm_3,n1648.webp,Set 28 Ultimate Ninja Storm 3,0,0,['Fire'],,,,,,,,Common,
N1649,N1649,Ninja,set_28_ultimate_ninja_storm_3,n1649.webp,Set 28 Ultimate Ninja Storm 3,0,0,['Fire'],,,,,,,,Common,
N1650,N1650,Ninja,set_28_ultimate_ninja_storm_3,n1650.webp,Set 28 Ultimate Ninja Storm 3,0,0,['Fire'],,,,,,,,Common,
N1651,N1651,Ninja,set_28_ultimate_ninja_storm_3,n1651.webp,Set 28 Ultimate Ninja Storm 3,0,0,['Fire'],,,,,,,,Common,
N1652,N1652,Ninja,set_28_ultimate_ninja_storm_3,n1652.webp,Set 28 Ultimate Ninja Storm 3,0,0,['Fire'],,,,,,,,Common,
N1653,N1653,Ninja,set_28_ultimate_ninja_storm_3,n1653.webp,Set 28 Ultimate Ninja Storm 3,0,0,['Fire'],,,,,,,,Common,
N1654,N1654,Ninja,set_28_ultimate_ninja_storm_3,n1654.webp,Set 28 Ultimate Ninja Storm 3,0,0,['Fire'],,,,,,,,Common,
N1655,N1655,Ninja,set_28_ultimate_ninja_storm_3,n1655.webp,Set 28 Ultimate Ninja Storm 3,0,0,['Fire'],,,,,,,,Common,
N1656,N1656,Ninja,set_28_ultimate_ninja_storm_3,n1656.webp,Set 28 Ultimate Ninja Storm 3,0,0,['Fire'],,,,,,,,Common,
N1657,N1657,Ninja,set_28_ultimate_ninja_storm_3,n1657.webp,Set 28 Ultimate Ninja Storm 3,0,0,['Fire'],,,,,,,,Common,
N1658,N1658,Ninja,set_28_ultimate_ninja_storm_3,n1658.webp,Set 28 Ultimate Ninja Storm 3,0,0,['Fire'],,,,,,,,Common,
N1659,N1659,Ninja,set_28_ultimate_ninja_storm_3,n1659.webp,Set 28 Ultimate Ninja Storm 3,0,0,['Fire'],,,,,,,,Common,
N1660,N1660,Ninja,set_28_ultimate_ninja_storm_3,n1660.webp,Set 28 Ultimate Ninja Storm 3,0,0,['Fire'],,,,,,,,Common,
N1661,N1661,Ninja,set_28_ultimate_ninja_storm_3,n1661.webp,Set 28 Ultimate Ninja Storm 3,0,0,['Fire'],,,,,,,,Common,
N1662,N1662,Ninja,set_28_ultimate_ninja_storm_3,n1662.webp,Set 28 Ultimate Ninja Storm 3,0,0,['Fire'],,,,,,,,Common,
N1663,N1663,Ninja,set_28_ultimate_ninja_storm_3,n1663.webp,Set 28 Ultimate Ninja Storm 3,0,0,['Fire'],,,,,,,,Common,
N1664,N1664,Ninja,set_28_ultimate_ninja_storm_3,n1664.webp,Set 28 Ultimate Ninja Storm 3,0,0,['Fire'],,,,,,,,Common,
N1665,N1665,Ninja,set_28_ultimate_ninja_storm_3,n1665.webp,Set 28 Ultimate Ninja Storm 3,0,0,['Fire'],,,,,,,,Common,
N1666,N1666,Ninja,set_28_ultimate_ninja_storm_3,n1666.webp,Set 28 Ultimate Ninja Storm 3,0,0,['Fire'],,,,,,,,Common,
N1667,N1667,Ninja,set_28_ultimate_ninja_storm_3,n1667.webp,Set 28 Ultimate Ninja Storm 3,0,0,['Fire'],,,,,,,,Common,
N1668,N1668,Ninja,set_28_ultimate_ninja_storm_3,n1668.webp,Set 28 Ultimate Ninja Storm 3,0,0,['Fire'],,,,,,,,Common,
N1669,N1669,Ninja,set_28_ultimate_ninja_storm_3,n1669.webp,Set 28 Ultimate Ninja Storm 3,0,0,['Fire'],,,,,,,,Common,
N1670,N1670,Ninja,set_28_ultimate_ninja_storm_3,n1670.webp,Set 28 Ultimate Ninja Storm 3,0,0,['Fire'],,,,,,,,Common,
N1671,N1671,Ninja,set_28_ultimate_ninja_storm_3,n1671.webp,Set 28 Ultimate Ninja Storm 3,0,0,['Fire'],,,,,,,,Common,
N1672,N1672,Ninja,set_28_ultimate_ninja_storm_3,n1672.webp,Set 28 Ultimate Ninja Storm 3,0,0,['Fire'],,,,,,,,Common,
N1673,N1673,Ninja,set_28_ultimate_ninja_storm_3,n1673.webp,Set 28 Ultimate Ninja Storm 3,0,0,['Fire'],,,,,,,,Common,
N1674,N1674,Ninja,set_28_ultimate_ninja_storm_3,n1674.webp,Set 28 Ultimate Ninja Storm 3,0,0,['Fire'],,,,,,,,Common,
N1675,N1675,Ninja,set_28_ultimate_ninja_storm_3,n1675.webp,Set 28 Ultimate Ninja Storm 3,0,0,['Fire'],,,,,,,,Common,
N1676,N1676,Ninja,set_28_ultimate_ninja_storm_3,n1676.webp,Set 28 Ultimate Ninja Storm 3,0,0,['Fire'],,,,,,,,Common,
N1677,N1677,Ninja,set_28_ultimate_ninja_storm_3,n1677.webp,Set 28 Ultimate Ninja Storm 3,0,0,['Fire'],,,,,,,,Common,
N1678,N1678,Ninja,set_28_ultimate_ninja_storm_3,n1678.webp,Set 28 Ultimate Ninja Storm 3,0,0,['Fire'],,,,,,,,Common,
N1679,N1679,Ninja,set_28_ultimate_ninja_storm_3,n1679.webp,Set 28 Ultimate Ninja Storm 3,0,0,['Fire'],,,,,,,,Common,
N1680,N1680,Ninja,set_28_ultimate_ninja_storm_3,n1680.webp,Set 28 Ultimate Ninja Storm 3,0,0,['Fire'],,,,,,,,Common,
N1681 [ERRATA],N1681 [ERRATA],Ninja,set_28_ultimate_ninja_storm_3,n1681 [errata].webp,Set 28 Ultimate Ninja Storm 3,0,0,['Fire'],,,,,,,,Common,
N1682,N1682,Ninja,set_28_ultimate_ninja_storm_3,n1682.webp,Set 28 Ultimate Ninja Storm 3,0,0,['Fire'],,,,,,,,Common,
N1683,N1683,Ninja,set_28_ultimate_ninja_storm_3,n1683.webp,Set 28 Ultimate Ninja Storm 3,0,0,['Fire'],,,,,,,,Common,
N1684 [ERRATA],N1684 [ERRATA],Ninja,set_28_ultimate_ninja_storm_3,n1684 [errata].webp,Set 28 Ultimate Ninja Storm 3,0,0,['Fire'],,,,,,,,Common,
N1685 [ERRATA],N1685 [ERRATA],Ninja,set_28_ultimate_ninja_storm_3,n1685 [errata].webp,Set 28 Ultimate Ninja Storm 3,0,0,['Fire'],,,,,,,,Common,
C020,C020,Client,set_6_eternal_rivalry,c020.webp,Set 6 Eternal Rivalry,0,0,['Fire'],,,,,,,,Common,
C021,C021,Client,set_6_eternal_rivalry,c021.webp,Set 6 Eternal Rivalry,0,0,['Fire'],,,,,,,,Common,
C022,C022,Client,set_6_eternal_rivalry,c022.webp,Set 6 Eternal Rivalry,0,0,['Fire'],,,,,,,,Common,
C023,C023,Client,set_6_eternal_rivalry,c023.webp,Set 6 Eternal Rivalry,0,0,['Fire'],,,,,,,,Common,
C024,C024,Client,set_6_eternal_rivalry,c024.webp,Set 6 Eternal Rivalry,0,0,['Fire'],,,,,,,,Common,
J163,J163,Jutsu,set_6_eternal_rivalry,j163.webp,Set 6 Eternal Rivalry,0,0,['Fire'],,,,,,,,Common,
J164,J164,Jutsu,set_6_eternal_rivalry,j164.webp,Set 6 Eternal Rivalry,0,0,['Fire'],,,,,,,,Common,
J165,J165,Jutsu,set_6_eternal_rivalry,j165.webp,Set 6 Eternal Rivalry,0,0,['Fire'],,,,,,,,Common,
J166,J166,Jutsu,set_6_eternal_rivalry,j166.webp,Set 6 Eternal Rivalry,0,0,['Fire'],,,,,,,,Common,
J167E,J167E,Jutsu,set_6_eternal_rivalry,j167e.webp,Set 6 Eternal Rivalry,0,0,['Fire'],,,,,,,,Common,
J168,J168,Jutsu,set_6_eternal_rivalry,j168.webp,Set 6 Eternal Rivalry,0,0,['Fire'],,,,,,,,Common,
J169,J169,Jutsu,set_6_eternal_rivalry,j169.webp,Set 6 Eternal Rivalry,0,0,['Fire'],,,,,,,,Common,
J170,J170,Jutsu,set_6_eternal_rivalry,j170.webp,Set 6 Eternal Rivalry,0,0,['Fire'],,,,,,,,Common,
J171,J171,Jutsu,set_6_eternal_rivalry,j171.webp,Set 6 Eternal Rivalry,0,0,['Fire'],,,,,,,,Common,
J172,J172,Jutsu,set_6_eternal_rivalry,j172.webp,Set 6 Eternal Rivalry,0,0,['Fire'],,,,,,,,Common,
JUS001,JUS001,Jutsu,set_6_eternal_rivalry,jus001.webp,Set 6 Eternal Rivalry,0,0,['Fire'],,,,,,,,Common,
JUS002E,JUS002E,Jutsu,set_6_eternal_rivalry,jus002e.webp,Set 6 Eternal Rivalry,0,0,['Fire'],,,,,,,,Common,
JUS003,JUS003,Jutsu,set_6_eternal_rivalry,jus003.webp,Set 6 Eternal Rivalry,0,0,['Fire'],,,,,,,,Common,
JUS004,JUS004,Jutsu,set_6_eternal_rivalry,jus004.webp,Set 6 Eternal Rivalry,0,0,['Fire'],,,,,,,,Common,
JUS005,JUS005,Jutsu,set_6_eternal_rivalry,jus005.webp,Set 6 Eternal Rivalry,0,0,['Fire'],,,,,,,,Common,
JUS006,JUS006,Jutsu,set_6_eternal_rivalry,jus006.webp,Set 6 Eternal Rivalry,0,0,['Fire'],,,,,,,,Common,
JUS007E,JUS007E,Jutsu,set_6_eternal_rivalry,jus007e.webp,Set 6 Eternal Rivalry,0,0,['Fire'],,,,,,,,Common,
JUS008,JUS008,Jutsu,set_6_eternal_rivalry,jus008.webp,Set 6 Eternal Rivalry,0,0,['Fire'],,,,,,,,Common,
JUS009,JUS009,Jutsu,set_6_eternal_rivalry,jus009.webp,Set 6 Eternal Rivalry,0,0,['Fire'],,,,,,,,Common,
JUS010,JUS010,Jutsu,set_6_eternal_rivalry,jus010.webp,Set 6 Eternal Rivalry,0,0,['Fire'],,,,,,,,Common,
JUS011,JUS011,Jutsu,set_6_eternal_rivalry,jus011.webp,Set 6 Eternal Rivalry,0,0,['Fire'],,,,,,,,Common,
JUS012,JUS012,Jutsu,set_6_eternal_rivalry,jus012.webp,Set 6 Eternal Rivalry,0,0,['Fire'],,,,,,,,Common,
JUS013,JUS013,Jutsu,set_6_eternal_rivalry,jus013.webp,Set 6 Eternal Rivalry,0,0,['Fire'],,,,,,,,Common,
JUS014,JUS014,Jutsu,set_6_eternal_rivalry,jus014.webp,Set 6 Eternal Rivalry,0,0,['Fire'],,,,,,,,Common,
JUS015,JUS015,Jutsu,set_6_eternal_rivalry,jus015.webp,Set 6 Eternal Rivalry,0,0,['Fire'],,,,,,,,Common,
JUS016,JUS016,Jutsu,set_6_eternal_rivalry,jus016.webp,Set 6 Eternal Rivalry,0,0,['Fire'],,,,,,,,Common,
JUS017,JUS017,Jutsu,set_6_eternal_rivalry,jus017.webp,Set 6 Eternal Rivalry,0,0,['Fire'],,,,,,,,Common,
JUS018,JUS018,Jutsu,set_6_eternal_rivalry,jus018.webp,Set 6 Eternal Rivalry,0,0,['Fire'],,,,,,,,Common,
JUS019,JUS019,Jutsu,set_6_eternal_rivalry,jus019.webp,Set 6 Eternal Rivalry,0,0,['Fire'],,,,,,,,Common,
JUS020,JUS020,Jutsu,set_6_eternal_rivalry,jus020.webp,Set 6 Eternal Rivalry,0,0,['Fire'],,,,,,,,Common,
M169,M169,Mission,set_6_eternal_rivalry,m169.webp,Set 6 Eternal Rivalry,0,0,['Fire'],,,,,,,,Common,
M170,M170,Mission,set_6_eternal_rivalry,m170.webp,Set 6 Eternal Rivalry,0,0,['Fire'],,,,,,,,Common,
M171,M171,Mission,set_6_eternal_rivalry,m171.webp,Set 6 Eternal Rivalry,0,0,['Fire'],,,,,,,,Common,
M172,M172,Mission,set_6_eternal_rivalry,m172.webp,Set 6 Eternal Rivalry,0,0,['Fire'],,,,,,,,Common,
M173,M173,Mission,set_6_eternal_rivalry,m173.webp,Set 6 Eternal Rivalry,0,0,['Fire'],,,,,,,,Common,
MUS001,MUS001,Mission,set_6_eternal_rivalry,mus001.webp,Set 6 Eternal Rivalry,0,0,['Fire'],,,,,,,,Common,
MUS002,MUS002,Mission,set_6_eternal_rivalry,mus002.webp,Set 6 Eternal Rivalry,0,0,['Fire'],,,,,,,,Common,
MUS003,MUS003,Mission,set_6_eternal_rivalry,mus003.webp,Set 6 Eternal Rivalry,0,0,['Fire'],,,,,,,,Common,
MUS004,MUS004,Mission,set_6_eternal_rivalry,mus004.webp,Set 6 Eternal Rivalry,0,0,['Fire'],,,,,,,,Common,
MUS005,MUS005,Mission,set_6_eternal_rivalry,mus005.webp,Set 6 Eternal Rivalry,0,0,['Fire'],,,,,,,,Common,
MUS006,MUS006,Mission,set_6_eternal_rivalry,mus006.webp,Set 6 Eternal Rivalry,0,0,['Fire'],,,,,,,,Common,
MUS007,MUS007,Mission,set_6_eternal_rivalry,mus007.webp,Set 6 Eternal Rivalry,0,0,['Fire'],,,,,,,,Common,
MUS008,MUS008,Mission,set_6_eternal_rivalry,mus008.webp,Set 6 Eternal Rivalry,0,0,['Fire'],,,,,,,,Common,
MUS009,MUS009,Mission,set_6_eternal_rivalry,mus009.webp,Set 6 Eternal Rivalry,0,0,['Fire'],,,,,,,,Common,
MUS010,MUS010,Mission,set_6_eternal_rivalry,mus010.webp,Set 6 Eternal Rivalry,0,0,['Fire'],,,,,,,,Common,
MUS011,MUS011,Mission,set_6_eternal_rivalry,mus011.webp,Set 6 Eternal Rivalry,0,0,['Fire'],,,,,,,,Common,
MUS012,MUS012,Mission,set_6_eternal_rivalry,mus012.webp,Set 6 Eternal Rivalry,0,0,['Fire'],,,,,,,,Common,
MUS013,MUS013,Mission,set_6_eternal_rivalry,mus013.webp,Set 6 Eternal Rivalry,0,0,['Fire'],,,,,,,,Common,
MUS014,MUS014,Mission,set_6_eternal_rivalry,mus014.webp,Set 6 Eternal Rivalry,0,0,['Fire'],,,,,,,,Common,
MUS015,MUS015,Mission,set_6_eternal_rivalry,mus015.webp,Set 6 Eternal Rivalry,0,0,['Fire'],,,,,,,,Common,
MUS016,MUS016,Mission,set_6_eternal_rivalry,mus016.webp,Set 6 Eternal Rivalry,0,0,['Fire'],,,,,,,,Common,
MUS017,MUS017,Mission,set_6_eternal_rivalry,mus017.webp,Set 6 Eternal Rivalry,0,0,['Fire'],,,,,,,,Common,
MUS018,MUS018,Mission,set_6_eternal_rivalry,mus018.webp,Set 6 Eternal Rivalry,0,0,['Fire'],,,,,,,,Common,
MUS019,MUS019,Mission,set_6_eternal_rivalry,mus019.webp,Set 6 Eternal Rivalry,0,0,['Fire'],,,,,,,,Common,
MUS020,MUS020,Mission,set_6_eternal_rivalry,mus020.webp,Set 6 Eternal Rivalry,0,0,['Fire'],,,,,,,,Common,
N173,N173,Ninja,set_6_eternal_rivalry,n173.webp,Set 6 Eternal Rivalry,0,0,['Fire'],,,,,,,,Common,
N174,N174,Ninja,set_6_eternal_rivalry,n174.webp,Set 6 Eternal Rivalry,0,0,['Fire'],,,,,,,,Common,
N175,N175,Ninja,set_6_eternal_rivalry,n175.webp,Set 6 Eternal Rivalry,0,0,['Fire'],,,,,,,,Common,
N176,N176,Ninja,set_6_eternal_rivalry,n176.webp,Set 6 Eternal Rivalry,0,0,['Fire'],,,,,,,,Common,
N177,N177,Ninja,set_6_eternal_rivalry,n177.webp,Set 6 Eternal Rivalry,0,0,['Fire'],,,,,,,,Common,
N178,N178,Ninja,set_6_eternal_rivalry,n178.webp,Set 6 Eternal Rivalry,0,0,['Fire'],,,,,,,,Common,
N179,N179,Ninja,set_6_eternal_rivalry,n179.webp,Set 6 Eternal Rivalry,0,0,['Fire'],,,,,,,,Common,
N180,N180,Ninja,set_6_eternal_rivalry,n180.webp,Set 6 Eternal Rivalry,0,0,['Fire'],,,,,,,,Common,
N181,N181,Ninja,set_6_eternal_rivalry,n181.webp,Set 6 Eternal Rivalry,0,0,['Fire'],,,,,,,,Common,
N182,N182,Ninja,set_6_eternal_rivalry,n182.webp,Set 6 Eternal Rivalry,0,0,['Fire'],,,,,,,,Common,
N183,N183,Ninja,set_6_eternal_rivalry,n183.webp,Set 6 Eternal Rivalry,0,0,['Fire'],,,,,,,,Common,
N184,N184,Ninja,set_6_eternal_rivalry,n184.webp,Set 6 Eternal Rivalry,0,0,['Fire'],,,,,,,,Common,
N185,N185,Ninja,set_6_eternal_rivalry,n185.webp,Set 6 Eternal Rivalry,0,0,['Fire'],,,,,,,,Common,
NUS001,NUS001,Ninja,set_6_eternal_rivalry,nus001.webp,Set 6 Eternal Rivalry,0,0,['Fire'],,,,,,,,Common,
NUS002,NUS002,Ninja,set_6_eternal_rivalry,nus002.webp,Set 6 Eternal Rivalry,0,0,['Fire'],,,,,,,,Common,
NUS003,NUS003,Ninja,set_6_eternal_rivalry,nus003.webp,Set 6 Eternal Rivalry,0,0,['Fire'],,,,,,,,Common,
NUS004,NUS004,Ninja,set_6_eternal_rivalry,nus004.webp,Set 6 Eternal Rivalry,0,0,['Fire'],,,,,,,,Common,
NUS005E,NUS005E,Ninja,set_6_eternal_rivalry,nus005e.webp,Set 6 Eternal Rivalry,0,0,['Fire'],,,,,,,,Common,
NUS006,NUS006,Ninja,set_6_eternal_rivalry,nus006.webp,Set 6 Eternal Rivalry,0,0,['Fire'],,,,,,,,Common,
NUS007,NUS007,Ninja,set_6_eternal_rivalry,nus007.webp,Set 6 Eternal Rivalry,0,0,['Fire'],,,,,,,,Common,
NUS008,NUS008,Ninja,set_6_eternal_rivalry,nus008.webp,Set 6 Eternal Rivalry,0,0,['Fire'],,,,,,,,Common,
NUS009,NUS009,Ninja,set_6_eternal_rivalry,nus009.webp,Set 6 Eternal Rivalry,0,0,['Fire'],,,,,,,,Common,
NUS010,NUS010,Ninja,set_6_eternal_rivalry,nus010.webp,Set 6 Eternal Rivalry,0,0,['Fire'],,,,,,,,Common,
NUS011,NUS011,Ninja,set_6_eternal_rivalry,nus011.webp,Set 6 Eternal Rivalry,0,0,['Fire'],,,,,,,,Common,
NUS012,NUS012,Ninja,set_6_eternal_rivalry,nus012.webp,Set 6 Eternal Rivalry,0,0,['Fire'],,,,,,,,Common,
NUS013E,NUS013E,Ninja,set_6_eternal_rivalry,nus013e.webp,Set 6 Eternal Rivalry,0,0,['Fire'],,,,,,,,Common,
NUS014,NUS014,Ninja,set_6_eternal_rivalry,nus014.webp,Set 6 Eternal Rivalry,0,0,['Fire'],,,,,,,,Common,
NUS015,NUS015,Ninja,set_6_eternal_rivalry,nus015.webp,Set 6 Eternal Rivalry,0,0,['Fire'],,,,,,,,Common,
NUS016,NUS016,Ninja,set_6_eternal_rivalry,nus016.webp,Set 6 Eternal Rivalry,0,0,['Fire'],,,,,,,,Common,
NUS017,NUS017,Ninja,set_6_eternal_rivalry,nus017.webp,Set 6 Eternal Rivalry,0,0,['Fire'],,,,,,,,Common,
NUS018,NUS018,Ninja,set_6_eternal_rivalry,nus018.webp,Set 6 Eternal Rivalry,0,0,['Fire'],,,,,,,,Common,
NUS019,NUS019,Ninja,set_6_eternal_rivalry,nus019.webp,Set 6 Eternal Rivalry,0,0,['Fire'],,,,,,,,Common,
NUS020,NUS020,Ninja,set_6_eternal_rivalry,nus020.webp,Set 6 Eternal Rivalry,0,0,['Fire'],,,,,,,,Common,
NUS021,NUS021,Ninja,set_6_eternal_rivalry,nus021.webp,Set 6 Eternal Rivalry,0,0,['Fire'],,,,,,,,Common,
NUS022,NUS022,Ninja,set_6_eternal_rivalry,nus022.webp,Set 6 Eternal Rivalry,0,0,['Fire'],,,,,,,,Common,
NUS023,NUS023,Ninja,set_6_eternal_rivalry,nus023.webp,Set 6 Eternal Rivalry,0,0,['Fire'],,,,,,,,Common,
NUS024,NUS024,Ninja,set_6_eternal_rivalry,nus024.webp,Set 6 Eternal Rivalry,0,0,['Fire'],,,,,,,,Common,
NUS025,NUS025,Ninja,set_6_eternal_rivalry,nus025.webp,Set 6 Eternal Rivalry,0,0,['Fire'],,,,,,,,Common,
NUS026,NUS026,Ninja,set_6_eternal_rivalry,nus026.webp,Set 6 Eternal Rivalry,0,0,['Fire'],,,,,,,,Common,
NUS027E,NUS027E,Ninja,set_6_eternal_rivalry,nus027e.webp,Set 6 Eternal Rivalry,0,0,['Fire'],,,,,,,,Common,
NUS028,NUS028,Ninja,set_6_eternal_rivalry,nus028.webp,Set 6 Eternal Rivalry,0,0,['Fire'],,,,,,,,Common,
NUS029,NUS029,Ninja,set_6_eternal_rivalry,nus029.webp,Set 6 Eternal Rivalry,0,0,['Fire'],,,,,,,,Common,
NUS030,NUS030,Ninja,set_6_eternal_rivalry,nus030.webp,Set 6 Eternal Rivalry,0,0,['Fire'],,,,,,,,Common,
NUS031,NUS031,Ninja,set_6_eternal_rivalry,nus031.webp,Set 6 Eternal Rivalry,0,0,['Fire'],,,,,,,,Common,
NUS032,NUS032,Ninja,set_6_eternal_rivalry,nus032.webp,Set 6 Eternal Rivalry,0,0,['Fire'],,,,,,,,Common,
NUS033,NUS033,Ninja,set_6_eternal_rivalry,nus033.webp,Set 6 Eternal Rivalry,0,0,['Fire'],,,,,,,,Common,
NUS034,NUS034,Ninja,set_6_eternal_rivalry,nus034.webp,Set 6 Eternal Rivalry,0,0,['Fire'],,,,,,,,Common,
NUS035E,NUS035E,Ninja,set_6_eternal_rivalry,nus035e.webp,Set 6 Eternal Rivalry,0,0,['Fire'],,,,,,,,Common,
NUS036,NUS036,Ninja,set_6_eternal_rivalry,nus036.webp,Set 6 Eternal Rivalry,0,0,['Fire'],,,,,,,,Common,
NUS037,NUS037,Ninja,set_6_eternal_rivalry,nus037.webp,Set 6 Eternal Rivalry,0,0,['Fire'],,,,,,,,Common,
NUS038,NUS038,Ninja,set_6_eternal_rivalry,nus038.webp,Set 6 Eternal Rivalry,0,0,['Fire'],,,,,,,,Common,
NUS039,NUS039,Ninja,set_6_eternal_rivalry,nus039.webp,Set 6 Eternal Rivalry,0,0,['Fire'],,,,,,,,Common,
NUS040,NUS040,Ninja,set_6_eternal_rivalry,nus040.webp,Set 6 Eternal Rivalry,0,0,['Fire'],,,,,,,,Common,
C030,C030,Client,set_7_quest_for_power,c030.webp,Set 7 Quest For Power,0,0,['Fire'],,,,,,,,Common,
C031,C031,Client,set_7_quest_for_power,c031.webp,Set 7 Quest For Power,0,0,['Fire'],,,,,,,,Common,
J210,J210,Jutsu,set_7_quest_for_power,j210.webp,Set 7 Quest For Power,0,0,['Fire'],,,,,,,,Common,
J211,J211,Jutsu,set_7_quest_for_power,j211.webp,Set 7 Quest For Power,0,0,['Fire'],,,,,,,,Common,
J212E,J212E,Jutsu,set_7_quest_for_power,j212e.webp,Set 7 Quest For Power,0,0,['Fire'],,,,,,,,Common,
J213,J213,Jutsu,set_7_quest_for_power,j213.webp,Set 7 Quest For Power,0,0,['Fire'],,,,,,,,Common,
J214,J214,Jutsu,set_7_quest_for_power,j214.webp,Set 7 Quest For Power,0,0,['Fire'],,,,,,,,Common,
J215,J215,Jutsu,set_7_quest_for_power,j215.webp,Set 7 Quest For Power,0,0,['Fire'],,,,,,,,Common,
J216,J216,Jutsu,set_7_quest_for_power,j216.webp,Set 7 Quest For Power,0,0,['Fire'],,,,,,,,Common,
J217,J217,Jutsu,set_7_quest_for_power,j217.webp,Set 7 Quest For Power,0,0,['Fire'],,,,,,,,Common,
J218,J218,Jutsu,set_7_quest_for_power,j218.webp,Set 7 Quest For Power,0,0,['Fire'],,,,,,,,Common,
J219,J219,Jutsu,set_7_quest_for_power,j219.webp,Set 7 Quest For Power,0,0,['Fire'],,,,,,,,Common,
J220,J220,Jutsu,set_7_quest_for_power,j220.webp,Set 7 Quest For Power,0,0,['Fire'],,,,,,,,Common,
J221,J221,Jutsu,set_7_quest_for_power,j221.webp,Set 7 Quest For Power,0,0,['Fire'],,,,,,,,Common,
J222,J222,Jutsu,set_7_quest_for_power,j222.webp,Set 7 Quest For Power,0,0,['Fire'],,,,,,,,Common,
J223,J223,Jutsu,set_7_quest_for_power,j223.webp,Set 7 Quest For Power,0,0,['Fire'],,,,,,,,Common,
J224,J224,Jutsu,set_7_quest_for_power,j224.webp,Set 7 Quest For Power,0,0,['Fire'],,,,,,,,Common,
J225,J225,Jutsu,set_7_quest_for_power,j225.webp,Set 7 Quest For Power,0,0,['Fire'],,,,,,,,Common,
J226,J226,Jutsu,set_7_quest_for_power,j226.webp,Set 7 Quest For Power,0,0,['Fire'],,,,,,,,Common,
J227,J227,Jutsu,set_7_quest_for_power,j227.webp,Set 7 Quest For Power,0,0,['Fire'],,,,,,,,Common,
J228,J228,Jutsu,set_7_quest_for_power,j228.webp,Set 7 Quest For Power,0,0,['Fire'],,,,,,,,Common,
J229,J229,Jutsu,set_7_quest_for_power,j229.webp,Set 7 Quest For Power,0,0,['Fire'],,,,,,,,Common,
J230,J230,Jutsu,set_7_quest_for_power,j230.webp,Set 7 Quest For Power,0,0,['Fire'],,,,,,,,Common,
J231,J231,Jutsu,set_7_quest_for_power,j231.webp,Set 7 Quest For Power,0,0,['Fire'],,,,,,,,Common,
JUS021,JUS021,Jutsu,set_7_quest_for_power,jus021.webp,Set 7 Quest For Power,0,0,['Fire'],,,,,,,,Common,
JUS022,JUS022,Jutsu,set_7_quest_for_power,jus022.webp,Set 7 Quest For Power,0,0,['Fire'],,,,,,,,Common,
JUS023,JUS023,Jutsu,set_7_quest_for_power,jus023.webp,Set 7 Quest For Power,0,0,['Fire'],,,,,,,,Common,
JUS024,JUS024,Jutsu,set_7_quest_for_power,jus024.webp,Set 7 Quest For Power,0,0,['Fire'],,,,,,,,Common,
JUS025,JUS025,Jutsu,set_7_quest_for_power,jus025.webp,Set 7 Quest For Power,0,0,['Fire'],,,,,,,,Common,
JUS026,JUS026,Jutsu,set_7_quest_for_power,jus026.webp,Set 7 Quest For Power,0,0,['Fire'],,,,,,,,Common,
JUS027,JUS027,Jutsu,set_7_quest_for_power,jus027.webp,Set 7 Quest For Power,0,0,['Fire'],,,,,,,,Common,
JUS028,JUS028,Jutsu,set_7_quest_for_power,jus028.webp,Set 7 Quest For Power,0,0,['Fire'],,,,,,,,Common,
JUS029,JUS029,Jutsu,set_7_quest_for_power,jus029.webp,Set 7 Quest For Power,0,0,['Fire'],,,,,,,,Common,
JUS030,JUS030,Jutsu,set_7_quest_for_power,jus030.webp,Set 7 Quest For Power,0,0,['Fire'],,,,,,,,Common,
JUS031,JUS031,Jutsu,set_7_quest_for_power,jus031.webp,Set 7 Quest For Power,0,0,['Fire'],,,,,,,,Common,
JUS032,JUS032,Jutsu,set_7_quest_for_power,jus032.webp,Set 7 Quest For Power,0,0,['Fire'],,,,,,,,Common,
JUS033,JUS033,Jutsu,set_7_quest_for_power,jus033.webp,Set 7 Quest For Power,0,0,['Fire'],,,,,,,,Common,
JUS034,JUS034,Jutsu,set_7_quest_for_power,jus034.webp,Set 7 Quest For Power,0,0,['Fire'],,,,,,,,Common,
JUS035E,JUS035E,Jutsu,set_7_quest_for_power,jus035e.webp,Set 7 Quest For Power,0,0,['Fire'],,,,,,,,Common,
JUS036,JUS036,Jutsu,set_7_quest_for_power,jus036.webp,Set 7 Quest For Power,0,0,['Fire'],,,,,,,,Common,
JUS037,JUS037,Jutsu,set_7_quest_for_power,jus037.webp,Set 7 Quest For Power,0,0,['Fire'],,,,,,,,Common,
JUS038,JUS038,Jutsu,set_7_quest_for_power,jus038.webp,Set 7 Quest For Power,0,0,['Fire'],,,,,,,,Common,
JUS039,JUS039,Jutsu,set_7_quest_for_power,jus039.webp,Set 7 Quest For Power,0,0,['Fire'],,,,,,,,Common,
JUS040,JUS040,Jutsu,set_7_quest_for_power,jus040.webp,Set 7 Quest For Power,0,0,['Fire'],,,,,,,,Common,
JUS041,JUS041,Jutsu,set_7_quest_for_power,jus041.webp,Set 7 Quest For Power,0,0,['Fire'],,,,,,,,Common,
JUS042,JUS042,Jutsu,set_7_quest_for_power,jus042.webp,Set 7 Quest For Power,0,0,['Fire'],,,,,,,,Common,
JUS043,JUS043,Jutsu,set_7_quest_for_power,jus043.webp,Set 7 Quest For Power,0,0,['Fire'],,,,,,,,Common,
JUS044,JUS044,Jutsu,set_7_quest_for_power,jus044.webp,Set 7 Quest For Power,0,0,['Fire'],,,,,,,,Common,
M208,M208,Mission,set_7_quest_for_power,m208.webp,Set 7 Quest For Power,0,0,['Fire'],,,,,,,,Common,
M209E,M209E,Mission,set_7_quest_for_power,m209e.webp,Set 7 Quest For Power,0,0,['Fire'],,,,,,,,Common,
M210,M210,Mission,set_7_quest_for_power,m210.webp,Set 7 Quest For Power,0,0,['Fire'],,,,,,,,Common,
M211,M211,Mission,set_7_quest_for_power,m211.webp,Set 7 Quest For Power,0,0,['Fire'],,,,,,,,Common,
M212,M212,Mission,set_7_quest_for_power,m212.webp,Set 7 Quest For Power,0,0,['Fire'],,,,,,,,Common,
M213,M213,Mission,set_7_quest_for_power,m213.webp,Set 7 Quest For Power,0,0,['Fire'],,,,,,,,Common,
M214,M214,Mission,set_7_quest_for_power,m214.webp,Set 7 Quest For Power,0,0,['Fire'],,,,,,,,Common,
M215,M215,Mission,set_7_quest_for_power,m215.webp,Set 7 Quest For Power,0,0,['Fire'],,,,,,,,Common,
M216,M216,Mission,set_7_quest_for_power,m216.webp,Set 7 Quest For Power,0,0,['Fire'],,,,,,,,Common,
M217,M217,Mission,set_7_quest_for_power,m217.webp,Set 7 Quest For Power,0,0,['Fire'],,,,,,,,Common,
M218,M218,Mission,set_7_quest_for_power,m218.webp,Set 7 Quest For Power,0,0,['Fire'],,,,,,,,Common,
M219,M219,Mission,set_7_quest_for_power,m219.webp,Set 7 Quest For Power,0,0,['Fire'],,,,,,,,Common,
M220,M220,Mission,set_7_quest_for_power,m220.webp,Set 7 Quest For Power,0,0,['Fire'],,,,,,,,Common,
M221,M221,Mission,set_7_quest_for_power,m221.webp,Set 7 Quest For Power,0,0,['Fire'],,,,,,,,Common,
M222,M222,Mission,set_7_quest_for_power,m222.webp,Set 7 Quest For Power,0,0,['Fire'],,,,,,,,Common,
M223,M223,Mission,set_7_quest_for_power,m223.webp,Set 7 Quest For Power,0,0,['Fire'],,,,,,,,Common,
M224,M224,Mission,set_7_quest_for_power,m224.webp,Set 7 Quest For Power,0,0,['Fire'],,,,,,,,Common,
M225,M225,Mission,set_7_quest_for_power,m225.webp,Set 7 Quest For Power,0,0,['Fire'],,,,,,,,Common,
M226,M226,Mission,set_7_quest_for_power,m226.webp,Set 7 Quest For Power,0,0,['Fire'],,,,,,,,Common,
M227,M227,Mission,set_7_quest_for_power,m227.webp,Set 7 Quest For Power,0,0,['Fire'],,,,,,,,Common,
M228,M228,Mission,set_7_quest_for_power,m228.webp,Set 7 Quest For Power,0,0,['Fire'],,,,,,,,Common,
M229,M229,Mission,set_7_quest_for_power,m229.webp,Set 7 Quest For Power,0,0,['Fire'],,,,,,,,Common,
M230,M230,Mission,set_7_quest_for_power,m230.webp,Set 7 Quest For Power,0,0,['Fire'],,,,,,,,Common,
M231,M231,Mission,set_7_quest_for_power,m231.webp,Set 7 Quest For Power,0,0,['Fire'],,,,,,,,Common,
M232,M232,Mission,set_7_quest_for_power,m232.webp,Set 7 Quest For Power,0,0,['Fire'],,,,,,,,Common,
M233,M233,Mission,set_7_quest_for_power,m233.webp,Set 7 Quest For Power,0,0,['Fire'],,,,,,,,Common,
M234,M234,Mission,set_7_quest_for_power,m234.webp,Set 7 Quest For Power,0,0,['Fire'],,,,,,,,Common,
M235,M235,Mission,set_7_quest_for_power,m235.webp,Set 7 Quest For Power,0,0,['Fire'],,,,,,,,Common,
MUS021,MUS021,Mission,set_7_quest_for_power,mus021.webp,Set 7 Quest For Power,0,0,['Fire'],,,,,,,,Common,
MUS022,MUS022,Mission,set_7_quest_for_power,mus022.webp,Set 7 Quest For Power,0,0,['Fire'],,,,,,,,Common,
MUS023,MUS023,Mission,set_7_quest_for_power,mus023.webp,Set 7 Quest For Power,0,0,['Fire'],,,,,,,,Common,
MUS024,MUS024,Mission,set_7_quest_for_power,mus024.webp,Set 7 Quest For Power,0,0,['Fire'],,,,,,,,Common,
MUS025,MUS025,Mission,set_7_quest_for_power,mus025.webp,Set 7 Quest For Power,0,0,['Fire'],,,,,,,,Common,
MUS026,MUS026,Mission,set_7_quest_for_power,mus026.webp,Set 7 Quest For Power,0,0,['Fire'],,,,,,,,Common,
MUS027,MUS027,Mission,set_7_quest_for_power,mus027.webp,Set 7 Quest For Power,0,0,['Fire'],,,,,,,,Common,
MUS028,MUS028,Mission,set_7_quest_for_power,mus028.webp,Set 7 Quest For Power,0,0,['Fire'],,,,,,,,Common,
MUS029,MUS029,Mission,set_7_quest_for_power,mus029.webp,Set 7 Quest For Power,0,0,['Fire'],,,,,,,,Common,
MUS030,MUS030,Mission,set_7_quest_for_power,mus030.webp,Set 7 Quest For Power,0,0,['Fire'],,,,,,,,Common,
MUS031,MUS031,Mission,set_7_quest_for_power,mus031.webp,Set 7 Quest For Power,0,0,['Fire'],,,,,,,,Common,
MUS032,MUS032,Mission,set_7_quest_for_power,mus032.webp,Set 7 Quest For Power,0,0,['Fire'],,,,,,,,Common,
MUS033E,MUS033E,Mission,set_7_quest_for_power,mus033e.webp,Set 7 Quest For Power,0,0,['Fire'],,,,,,,,Common,
MUS034,MUS034,Mission,set_7_quest_for_power,mus034.webp,Set 7 Quest For Power,0,0,['Fire'],,,,,,,,Common,
MUS035,MUS035,Mission,set_7_quest_for_power,mus035.webp,Set 7 Quest For Power,0,0,['Fire'],,,,,,,,Common,
MUS036,MUS036,Mission,set_7_quest_for_power,mus036.webp,Set 7 Quest For Power,0,0,['Fire'],,,,,,,,Common,
MUS037,MUS037,Mission,set_7_quest_for_power,mus037.webp,Set 7 Quest For Power,0,0,['Fire'],,,,,,,,Common,
MUS038,MUS038,Mission,set_7_quest_for_power,mus038.webp,Set 7 Quest For Power,0,0,['Fire'],,,,,,,,Common,
MUS039,MUS039,Mission,set_7_quest_for_power,mus039.webp,Set 7 Quest For Power,0,0,['Fire'],,,,,,,,Common,
MUS040,MUS040,Mission,set_7_quest_for_power,mus040.webp,Set 7 Quest For Power,0,0,['Fire'],,,,,,,,Common,
N224,N224,Ninja,set_7_quest_for_power,n224.webp,Set 7 Quest For Power,0,0,['Fire'],,,,,,,,Common,
N225,N225,Ninja,set_7_quest_for_power,n225.webp,Set 7 Quest For Power,0,0,['Fire'],,,,,,,,Common,
N226,N226,Ninja,set_7_quest_for_power,n226.webp,Set 7 Quest For Power,0,0,['Fire'],,,,,,,,Common,
N227,N227,Ninja,set_7_quest_for_power,n227.webp,Set 7 Quest For Power,0,0,['Fire'],,,,,,,,Common,
N228,N228,Ninja,set_7_quest_for_power,n228.webp,Set 7 Quest For Power,0,0,['Fire'],,,,,,,,Common,
N229,N229,Ninja,set_7_quest_for_power,n229.webp,Set 7 Quest For Power,0,0,['Fire'],,,,,,,,Common,
N230,N230,Ninja,set_7_quest_for_power,n230.webp,Set 7 Quest For Power,0,0,['Fire'],,,,,,,,Common,
N231,N231,Ninja,set_7_quest_for_power,n231.webp,Set 7 Quest For Power,0,0,['Fire'],,,,,,,,Common,
N232,N232,Ninja,set_7_quest_for_power,n232.webp,Set 7 Quest For Power,0,0,['Fire'],,,,,,,,Common,
N233,N233,Ninja,set_7_quest_for_power,n233.webp,Set 7 Quest For Power,0,0,['Fire'],,,,,,,,Common,
N234,N234,Ninja,set_7_quest_for_power,n234.webp,Set 7 Quest For Power,0,0,['Fire'],,,,,,,,Common,
N235,N235,Ninja,set_7_quest_for_power,n235.webp,Set 7 Quest For Power,0,0,['Fire'],,,,,,,,Common,
N236,N236,Ninja,set_7_quest_for_power,n236.webp,Set 7 Quest For Power,0,0,['Fire'],,,,,,,,Common,
N237,N237,Ninja,set_7_quest_for_power,n237.webp,Set 7 Quest For Power,0,0,['Fire'],,,,,,,,Common,
N238,N238,Ninja,set_7_quest_for_power,n238.webp,Set 7 Quest For Power,0,0,['Fire'],,,,,,,,Common,
N239,N239,Ninja,set_7_quest_for_power,n239.webp,Set 7 Quest For Power,0,0,['Fire'],,,,,,,,Common,
N240,N240,Ninja,set_7_quest_for_power,n240.webp,Set 7 Quest For Power,0,0,['Fire'],,,,,,,,Common,
N241,N241,Ninja,set_7_quest_for_power,n241.webp,Set 7 Quest For Power,0,0,['Fire'],,,,,,,,Common,
N242,N242,Ninja,set_7_quest_for_power,n242.webp,Set 7 Quest For Power,0,0,['Fire'],,,,,,,,Common,
N243,N243,Ninja,set_7_quest_for_power,n243.webp,Set 7 Quest For Power,0,0,['Fire'],,,,,,,,Common,
N244,N244,Ninja,set_7_quest_for_power,n244.webp,Set 7 Quest For Power,0,0,['Fire'],,,,,,,,Common,
N245,N245,Ninja,set_7_quest_for_power,n245.webp,Set 7 Quest For Power,0,0,['Fire'],,,,,,,,Common,
N246,N246,Ninja,set_7_quest_for_power,n246.webp,Set 7 Quest For Power,0,0,['Fire'],,,,,,,,Common,
N247,N247,Ninja,set_7_quest_for_power,n247.webp,Set 7 Quest For Power,0,0,['Fire'],,,,,,,,Common,
N248,N248,Ninja,set_7_quest_for_power,n248.webp,Set 7 Quest For Power,0,0,['Fire'],,,,,,,,Common,
N249,N249,Ninja,set_7_quest_for_power,n249.webp,Set 7 Quest For Power,0,0,['Fire'],,,,,,,,Common,
N250,N250,Ninja,set_7_quest_for_power,n250.webp,Set 7 Quest For Power,0,0,['Fire'],,,,,,,,Common,
N251,N251,Ninja,set_7_quest_for_power,n251.webp,Set 7 Quest For Power,0,0,['Fire'],,,,,,,,Common,
N252,N252,Ninja,set_7_quest_for_power,n252.webp,Set 7 Quest For Power,0,0,['Fire'],,,,,,,,Common,
N253,N253,Ninja,set_7_quest_for_power,n253.webp,Set 7 Quest For Power,0,0,['Fire'],,,,,,,,Common,
N254E,N254E,Ninja,set_7_quest_for_power,n254e.webp,Set 7 Quest For Power,0,0,['Fire'],,,,,,,,Common,
N284,N284,Ninja,set_7_quest_for_power,n284.webp,Set 7 Quest For Power,0,0,['Fire'],,,,,,,,Common,
N285,N285,Ninja,set_7_quest_for_power,n285.webp,Set 7 Quest For Power,0,0,['Fire'],,,,,,,,Common,
N286,N286,Ninja,set_7_quest_for_power,n286.webp,Set 7 Quest For Power,0,0,['Fire'],,,,,,,,Common,
N287,N287,Ninja,set_7_quest_for_power,n287.webp,Set 7 Quest For Power,0,0,['Fire'],,,,,,,,Common,
NC001,NC001,Ninja,set_7_quest_for_power,nc001.webp,Set 7 Quest For Power,0,0,['Fire'],,,,,,,,Common,
NC002,NC002,Ninja,set_7_quest_for_power,nc002.webp,Set 7 Quest For Power,0,0,['Fire'],,,,,,,,Common,
NC003,NC003,Ninja,set_7_quest_for_power,nc003.webp,Set 7 Quest For Power,0,0,['Fire'],,,,,,,,Common,
NC004,NC004,Ninja,set_7_quest_for_power,nc004.webp,Set 7 Quest For Power,0,0,['Fire'],,,,,,,,Common,
NC005,NC005,Ninja,set_7_quest_for_power,nc005.webp,Set 7 Quest For Power,0,0,['Fire'],,,,,,,,Common,
NC006,NC006,Ninja,set_7_quest_for_power,nc006.webp,Set 7 Quest For Power,0,0,['Fire'],,,,,,,,Common,
NC007,NC007,Ninja,set_7_quest_for_power,nc007.webp,Set 7 Quest For Power,0,0,['Fire'],,,,,,,,Common,
NC008,NC008,Ninja,set_7_quest_for_power,nc008.webp,Set 7 Quest For Power,0,0,['Fire'],,,,,,,,Common,
NC009,NC009,Ninja,set_7_quest_for_power,nc009.webp,Set 7 Quest For Power,0,0,['Fire'],,,,,,,,Common,
NC010,NC010,Ninja,set_7_quest_for_power,nc010.webp,Set 7 Quest For Power,0,0,['Fire'],,,,,,,,Common,
NC011,NC011,Ninja,set_7_quest_for_power,nc011.webp,Set 7 Quest For Power,0,0,['Fire'],,,,,,,,Common,
NC012,NC012,Ninja,set_7_quest_for_power,nc012.webp,Set 7 Quest For Power,0,0,['Fire'],,,,,,,,Common,
NC013,NC013,Ninja,set_7_quest_for_power,nc013.webp,Set 7 Quest For Power,0,0,['Fire'],,,,,,,,Common,
NC014,NC014,Ninja,set_7_quest_for_power,nc014.webp,Set 7 Quest For Power,0,0,['Fire'],,,,,,,,Common,
NC015,NC015,Ninja,set_7_quest_for_power,nc015.webp,Set 7 Quest For Power,0,0,['Fire'],,,,,,,,Common,
NC016,NC016,Ninja,set_7_quest_for_power,nc016.webp,Set 7 Quest For Power,0,0,['Fire'],,,,,,,,Common,
NUS041,NUS041,Ninja,set_7_quest_for_power,nus041.webp,Set 7 Quest For Power,0,0,['Fire'],,,,,,,,Common,
NUS042,NUS042,Ninja,set_7_quest_for_power,nus042.webp,Set 7 Quest For Power,0,0,['Fire'],,,,,,,,Common,
NUS043,NUS043,Ninja,set_7_quest_for_power,nus043.webp,Set 7 Quest For Power,0,0,['Fire'],,,,,,,,Common,
NUS044,NUS044,Ninja,set_7_quest_for_power,nus044.webp,Set 7 Quest For Power,0,0,['Fire'],,,,,,,,Common,
NUS045,NUS045,Ninja,set_7_quest_for_power,nus045.webp,Set 7 Quest For Power,0,0,['Fire'],,,,,,,,Common,
NUS046E,NUS046E,Ninja,set_7_quest_for_power,nus046e.webp,Set 7 Quest For Power,0,0,['Fire'],,,,,,,,Common,
NUS047,NUS047,Ninja,set_7_quest_for_power,nus047.webp,Set 7 Quest For Power,0,0,['Fire'],,,,,,,,Common,
NUS048,NUS048,Ninja,set_7_quest_for_power,nus048.webp,Set 7 Quest For Power,0,0,['Fire'],,,,,,,,Common,
NUS049,NUS049,Ninja,set_7_quest_for_power,nus049.webp,Set 7 Quest For Power,0,0,['Fire'],,,,,,,,Common,
NUS050E,NUS050E,Ninja,set_7_quest_for_power,nus050e.webp,Set 7 Quest For Power,0,0,['Fire'],,,,,,,,Common,
NUS051,NUS051,Ninja,set_7_quest_for_power,nus051.webp,Set 7 Quest For Power,0,0,['Fire'],,,,,,,,Common,
NUS052,NUS052,Ninja,set_7_quest_for_power,nus052.webp,Set 7 Quest For Power,0,0,['Fire'],,,,,,,,Common,
NUS053,NUS053,Ninja,set_7_quest_for_power,nus053.webp,Set 7 Quest For Power,0,0,['Fire'],,,,,,,,Common,
NUS054,NUS054,Ninja,set_7_quest_for_power,nus054.webp,Set 7 Quest For Power,0,0,['Fire'],,,,,,,,Common,
C032,C032,Client,set_8_battle_for_destiny,c032.webp,Set 8 Battle For Destiny,0,0,['Fire'],,,,,,,,Common,
C033,C033,Client,set_8_battle_for_destiny,c033.webp,Set 8 Battle For Destiny,0,0,['Fire'],,,,,,,,Common,
J232,J232,Jutsu,set_8_battle_for_destiny,j232.webp,Set 8 Battle For Destiny,0,0,['Fire'],,,,,,,,Common,
J233,J233,Jutsu,set_8_battle_for_destiny,j233.webp,Set 8 Battle For Destiny,0,0,['Fire'],,,,,,,,Common,
J234,J234,Jutsu,set_8_battle_for_destiny,j234.webp,Set 8 Battle For Destiny,0,0,['Fire'],,,,,,,,Common,
J235,J235,Jutsu,set_8_battle_for_destiny,j235.webp,Set 8 Battle For Destiny,0,0,['Fire'],,,,,,,,Common,
J236,J236,Jutsu,set_8_battle_for_destiny,j236.webp,Set 8 Battle For Destiny,0,0,['Fire'],,,,,,,,Common,
J237,J237,Jutsu,set_8_battle_for_destiny,j237.webp,Set 8 Battle For Destiny,0,0,['Fire'],,,,,,,,Common,
J238,J238,Jutsu,set_8_battle_for_destiny,j238.webp,Set 8 Battle For Destiny,0,0,['Fire'],,,,,,,,Common,
J239,J239,Jutsu,set_8_battle_for_destiny,j239.webp,Set 8 Battle For Destiny,0,0,['Fire'],,,,,,,,Common,
J240,J240,Jutsu,set_8_battle_for_destiny,j240.webp,Set 8 Battle For Destiny,0,0,['Fire'],,,,,,,,Common,
J241,J241,Jutsu,set_8_battle_for_destiny,j241.webp,Set 8 Battle For Destiny,0,0,['Fire'],,,,,,,,Common,
J242,J242,Jutsu,set_8_battle_for_destiny,j242.webp,Set 8 Battle For Destiny,0,0,['Fire'],,,,,,,,Common,
J243,J243,Jutsu,set_8_battle_for_destiny,j243.webp,Set 8 Battle For Destiny,0,0,['Fire'],,,,,,,,Common,
J244,J244,Jutsu,set_8_battle_for_destiny,j244.webp,Set 8 Battle For Destiny,0,0,['Fire'],,,,,,,,Common,
J245,J245,Jutsu,set_8_battle_for_destiny,j245.webp,Set 8 Battle For Destiny,0,0,['Fire'],,,,,,,,Common,
J246,J246,Jutsu,set_8_battle_for_destiny,j246.webp,Set 8 Battle For Destiny,0,0,['Fire'],,,,,,,,Common,
J247,J247,Jutsu,set_8_battle_for_destiny,j247.webp,Set 8 Battle For Destiny,0,0,['Fire'],,,,,,,,Common,
J248E,J248E,Jutsu,set_8_battle_for_destiny,j248e.webp,Set 8 Battle For Destiny,0,0,['Fire'],,,,,,,,Common,
J249,J249,Jutsu,set_8_battle_for_destiny,j249.webp,Set 8 Battle For Destiny,0,0,['Fire'],,,,,,,,Common,
J250,J250,Jutsu,set_8_battle_for_destiny,j250.webp,Set 8 Battle For Destiny,0,0,['Fire'],,,,,,,,Common,
J251,J251,Jutsu,set_8_battle_for_destiny,j251.webp,Set 8 Battle For Destiny,0,0,['Fire'],,,,,,,,Common,
J252,J252,Jutsu,set_8_battle_for_destiny,j252.webp,Set 8 Battle For Destiny,0,0,['Fire'],,,,,,,,Common,
J253,J253,Jutsu,set_8_battle_for_destiny,j253.webp,Set 8 Battle For Destiny,0,0,['Fire'],,,,,,,,Common,
J254,J254,Jutsu,set_8_battle_for_destiny,j254.webp,Set 8 Battle For Destiny,0,0,['Fire'],,,,,,,,Common,
J255,J255,Jutsu,set_8_battle_for_destiny,j255.webp,Set 8 Battle For Destiny,0,0,['Fire'],,,,,,,,Common,
J256,J256,Jutsu,set_8_battle_for_destiny,j256.webp,Set 8 Battle For Destiny,0,0,['Fire'],,,,,,,,Common,
J259,J259,Jutsu,set_8_battle_for_destiny,j259.webp,Set 8 Battle For Destiny,0,0,['Fire'],,,,,,,,Common,
J260,J260,Jutsu,set_8_battle_for_destiny,j260.webp,Set 8 Battle For Destiny,0,0,['Fire'],,,,,,,,Common,
J263,J263,Jutsu,set_8_battle_for_destiny,j263.webp,Set 8 Battle For Destiny,0,0,['Fire'],,,,,,,,Common,
J264,J264,Jutsu,set_8_battle_for_destiny,j264.webp,Set 8 Battle For Destiny,0,0,['Fire'],,,,,,,,Common,
J265,J265,Jutsu,set_8_battle_for_destiny,j265.webp,Set 8 Battle For Destiny,0,0,['Fire'],,,,,,,,Common,
J266,J266,Jutsu,set_8_battle_for_destiny,j266.webp,Set 8 Battle For Destiny,0,0,['Fire'],,,,,,,,Common,
J267,J267,Jutsu,set_8_battle_for_destiny,j267.webp,Set 8 Battle For Destiny,0,0,['Fire'],,,,,,,,Common,
J268E,J268E,Jutsu,set_8_battle_for_destiny,j268e.webp,Set 8 Battle For Destiny,0,0,['Fire'],,,,,,,,Common,
J269,J269,Jutsu,set_8_battle_for_destiny,j269.webp,Set 8 Battle For Destiny,0,0,['Fire'],,,,,,,,Common,
J270,J270,Jutsu,set_8_battle_for_destiny,j270.webp,Set 8 Battle For Destiny,0,0,['Fire'],,,,,,,,Common,
J271,J271,Jutsu,set_8_battle_for_destiny,j271.webp,Set 8 Battle For Destiny,0,0,['Fire'],,,,,,,,Common,
J272,J272,Jutsu,set_8_battle_for_destiny,j272.webp,Set 8 Battle For Destiny,0,0,['Fire'],,,,,,,,Common,
J273,J273,Jutsu,set_8_battle_for_destiny,j273.webp,Set 8 Battle For Destiny,0,0,['Fire'],,,,,,,,Common,
JUS045,JUS045,Jutsu,set_8_battle_for_destiny,jus045.webp,Set 8 Battle For Destiny,0,0,['Fire'],,,,,,,,Common,
JUS046,JUS046,Jutsu,set_8_battle_for_destiny,jus046.webp,Set 8 Battle For Destiny,0,0,['Fire'],,,,,,,,Common,
JUS047,JUS047,Jutsu,set_8_battle_for_destiny,jus047.webp,Set 8 Battle For Destiny,0,0,['Fire'],,,,,,,,Common,
JUS048,JUS048,Jutsu,set_8_battle_for_destiny,jus048.webp,Set 8 Battle For Destiny,0,0,['Fire'],,,,,,,,Common,
JUS049,JUS049,Jutsu,set_8_battle_for_destiny,jus049.webp,Set 8 Battle For Destiny,0,0,['Fire'],,,,,,,,Common,
JUS050,JUS050,Jutsu,set_8_battle_for_destiny,jus050.webp,Set 8 Battle For Destiny,0,0,['Fire'],,,,,,,,Common,
JUS051,JUS051,Jutsu,set_8_battle_for_destiny,jus051.webp,Set 8 Battle For Destiny,0,0,['Fire'],,,,,,,,Common,
JUS052,JUS052,Jutsu,set_8_battle_for_destiny,jus052.webp,Set 8 Battle For Destiny,0,0,['Fire'],,,,,,,,Common,
JUS053,JUS053,Jutsu,set_8_battle_for_destiny,jus053.webp,Set 8 Battle For Destiny,0,0,['Fire'],,,,,,,,Common,
JUS054,JUS054,Jutsu,set_8_battle_for_destiny,jus054.webp,Set 8 Battle For Destiny,0,0,['Fire'],,,,,,,,Common,
JUS055,JUS055,Jutsu,set_8_battle_for_destiny,jus055.webp,Set 8 Battle For Destiny,0,0,['Fire'],,,,,,,,Common,
JUS056,JUS056,Jutsu,set_8_battle_for_destiny,jus056.webp,Set 8 Battle For Destiny,0,0,['Fire'],,,,,,,,Common,
M236,M236,Mission,set_8_battle_for_destiny,m236.webp,Set 8 Battle For Destiny,0,0,['Fire'],,,,,,,,Common,
M237,M237,Mission,set_8_battle_for_destiny,m237.webp,Set 8 Battle For Destiny,0,0,['Fire'],,,,,,,,Common,
M238,M238,Mission,set_8_battle_for_destiny,m238.webp,Set 8 Battle For Destiny,0,0,['Fire'],,,,,,,,Common,
M239,M239,Mission,set_8_battle_for_destiny,m239.webp,Set 8 Battle For Destiny,0,0,['Fire'],,,,,,,,Common,
M240,M240,Mission,set_8_battle_for_destiny,m240.webp,Set 8 Battle For Destiny,0,0,['Fire'],,,,,,,,Common,
M241,M241,Mission,set_8_battle_for_destiny,m241.webp,Set 8 Battle For Destiny,0,0,['Fire'],,,,,,,,Common,
M242,M242,Mission,set_8_battle_for_destiny,m242.webp,Set 8 Battle For Destiny,0,0,['Fire'],,,,,,,,Common,
M243,M243,Mission,set_8_battle_for_destiny,m243.webp,Set 8 Battle For Destiny,0,0,['Fire'],,,,,,,,Common,
M244,M244,Mission,set_8_battle_for_destiny,m244.webp,Set 8 Battle For Destiny,0,0,['Fire'],,,,,,,,Common,
M245,M245,Mission,set_8_battle_for_destiny,m245.webp,Set 8 Battle For Destiny,0,0,['Fire'],,,,,,,,Common,
M246,M246,Mission,set_8_battle_for_destiny,m246.webp,Set 8 Battle For Destiny,0,0,['Fire'],,,,,,,,Common,
M247,M247,Mission,set_8_battle_for_destiny,m247.webp,Set 8 Battle For Destiny,0,0,['Fire'],,,,,,,,Common,
M248,M248,Mission,set_8_battle_for_destiny,m248.webp,Set 8 Battle For Destiny,0,0,['Fire'],,,,,,,,Common,
M249,M249,Mission,set_8_battle_for_destiny,m249.webp,Set 8 Battle For Destiny,0,0,['Fire'],,,,,,,,Common,
M250,M250,Mission,set_8_battle_for_destiny,m250.webp,Set 8 Battle For Destiny,0,0,['Fire'],,,,,,,,Common,
M251,M251,Mission,set_8_battle_for_destiny,m251.webp,Set 8 Battle For Destiny,0,0,['Fire'],,,,,,,,Common,
M252,M252,Mission,set_8_battle_for_destiny,m252.webp,Set 8 Battle For Destiny,0,0,['Fire'],,,,,,,,Common,
M253,M253,Mission,set_8_battle_for_destiny,m253.webp,Set 8 Battle For Destiny,0,0,['Fire'],,,,,,,,Common,
M254,M254,Mission,set_8_battle_for_destiny,m254.webp,Set 8 Battle For Destiny,0,0,['Fire'],,,,,,,,Common,
M255,M255,Mission,set_8_battle_for_destiny,m255.webp,Set 8 Battle For Destiny,0,0,['Fire'],,,,,,,,Common,
M256,M256,Mission,set_8_battle_for_destiny,m256.webp,Set 8 Battle For Destiny,0,0,['Fire'],,,,,,,,Common,
M257,M257,Mission,set_8_battle_for_destiny,m257.webp,Set 8 Battle For Destiny,0,0,['Fire'],,,,,,,,Common,
M259,M259,Mission,set_8_battle_for_destiny,m259.webp,Set 8 Battle For Destiny,0,0,['Fire'],,,,,,,,Common,
M260,M260,Mission,set_8_battle_for_destiny,m260.webp,Set 8 Battle For Destiny,0,0,['Fire'],,,,,,,,Common,
M261,M261,Mission,set_8_battle_for_destiny,m261.webp,Set 8 Battle For Destiny,0,0,['Fire'],,,,,,,,Common,
M262,M262,Mission,set_8_battle_for_destiny,m262.webp,Set 8 Battle For Destiny,0,0,['Fire'],,,,,,,,Common,
M263,M263,Mission,set_8_battle_for_destiny,m263.webp,Set 8 Battle For Destiny,0,0,['Fire'],,,,,,,,Common,
M264,M264,Mission,set_8_battle_for_destiny,m264.webp,Set 8 Battle For Destiny,0,0,['Fire'],,,,,,,,Common,
M265,M265,Mission,set_8_battle_for_destiny,m265.webp,Set 8 Battle For Destiny,0,0,['Fire'],,,,,,,,Common,
M266,M266,Mission,set_8_battle_for_destiny,m266.webp,Set 8 Battle For Destiny,0,0,['Fire'],,,,,,,,Common,
M267,M267,Mission,set_8_battle_for_destiny,m267.webp,Set 8 Battle For Destiny,0,0,['Fire'],,,,,,,,Common,
MUS041,MUS041,Mission,set_8_battle_for_destiny,mus041.webp,Set 8 Battle For Destiny,0,0,['Fire'],,,,,,,,Common,
MUS042,MUS042,Mission,set_8_battle_for_destiny,mus042.webp,Set 8 Battle For Destiny,0,0,['Fire'],,,,,,,,Common,
MUS043,MUS043,Mission,set_8_battle_for_destiny,mus043.webp,Set 8 Battle For Destiny,0,0,['Fire'],,,,,,,,Common,
MUS044,MUS044,Mission,set_8_battle_for_destiny,mus044.webp,Set 8 Battle For Destiny,0,0,['Fire'],,,,,,,,Common,
MUS045,MUS045,Mission,set_8_battle_for_destiny,mus045.webp,Set 8 Battle For Destiny,0,0,['Fire'],,,,,,,,Common,
MUS046,MUS046,Mission,set_8_battle_for_destiny,mus046.webp,Set 8 Battle For Destiny,0,0,['Fire'],,,,,,,,Common,
MUS047,MUS047,Mission,set_8_battle_for_destiny,mus047.webp,Set 8 Battle For Destiny,0,0,['Fire'],,,,,,,,Common,
MUS048,MUS048,Mission,set_8_battle_for_destiny,mus048.webp,Set 8 Battle For Destiny,0,0,['Fire'],,,,,,,,Common,
MUS049,MUS049,Mission,set_8_battle_for_destiny,mus049.webp,Set 8 Battle For Destiny,0,0,['Fire'],,,,,,,,Common,
MUS050,MUS050,Mission,set_8_battle_for_destiny,mus050.webp,Set 8 Battle For Destiny,0,0,['Fire'],,,,,,,,Common,
N255,N255,Ninja,set_8_battle_for_destiny,n255.webp,Set 8 Battle For Destiny,0,0,['Fire'],,,,,,,,Common,
N256,N256,Ninja,set_8_battle_for_destiny,n256.webp,Set 8 Battle For Destiny,0,0,['Fire'],,,,,,,,Common,
N257,N257,Ninja,set_8_battle_for_destiny,n257.webp,Set 8 Battle For Destiny,0,0,['Fire'],,,,,,,,Common,
N258,N258,Ninja,set_8_battle_for_destiny,n258.webp,Set 8 Battle For Destiny,0,0,['Fire'],,,,,,,,Common,
N259,N259,Ninja,set_8_battle_for_destiny,n259.webp,Set 8 Battle For Destiny,0,0,['Fire'],,,,,,,,Common,
N260,N260,Ninja,set_8_battle_for_destiny,n260.webp,Set 8 Battle For Destiny,0,0,['Fire'],,,,,,,,Common,
N261,N261,Ninja,set_8_battle_for_destiny,n261.webp,Set 8 Battle For Destiny,0,0,['Fire'],,,,,,,,Common,
N262,N262,Ninja,set_8_battle_for_destiny,n262.webp,Set 8 Battle For Destiny,0,0,['Fire'],,,,,,,,Common,
N263,N263,Ninja,set_8_battle_for_destiny,n263.webp,Set 8 Battle For Destiny,0,0,['Fire'],,,,,,,,Common,
N264,N264,Ninja,set_8_battle_for_destiny,n264.webp,Set 8 Battle For Destiny,0,0,['Fire'],,,,,,,,Common,
N265,N265,Ninja,set_8_battle_for_destiny,n265.webp,Set 8 Battle For Destiny,0,0,['Fire'],,,,,,,,Common,
N266,N266,Ninja,set_8_battle_for_destiny,n266.webp,Set 8 Battle For Destiny,0,0,['Fire'],,,,,,,,Common,
N267,N267,Ninja,set_8_battle_for_destiny,n267.webp,Set 8 Battle For Destiny,0,0,['Fire'],,,,,,,,Common,
N268,N268,Ninja,set_8_battle_for_destiny,n268.webp,Set 8 Battle For Destiny,0,0,['Fire'],,,,,,,,Common,
N269,N269,Ninja,set_8_battle_for_destiny,n269.webp,Set 8 Battle For Destiny,0,0,['Fire'],,,,,,,,Common,
N270,N270,Ninja,set_8_battle_for_destiny,n270.webp,Set 8 Battle For Destiny,0,0,['Fire'],,,,,,,,Common,
N271,N271,Ninja,set_8_battle_for_destiny,n271.webp,Set 8 Battle For Destiny,0,0,['Fire'],,,,,,,,Common,
N272,N272,Ninja,set_8_battle_for_destiny,n272.webp,Set 8 Battle For Destiny,0,0,['Fire'],,,,,,,,Common,
N273E,N273E,Ninja,set_8_battle_for_destiny,n273e.webp,Set 8 Battle For Destiny,0,0,['Fire'],,,,,,,,Common,
N274,N274,Ninja,set_8_battle_for_destiny,n274.webp,Set 8 Battle For Destiny,0,0,['Fire'],,,,,,,,Common,
N275,N275,Ninja,set_8_battle_for_destiny,n275.webp,Set 8 Battle For Destiny,0,0,['Fire'],,,,,,,,Common,
N276,N276,Ninja,set_8_battle_for_destiny,n276.webp,Set 8 Battle For Destiny,0,0,['Fire'],,,,,,,,Common,
N277,N277,Ninja,set_8_battle_for_destiny,n277.webp,Set 8 Battle For Destiny,0,0,['Fire'],,,,,,,,Common,
N278,N278,Ninja,set_8_battle_for_destiny,n278.webp,Set 8 Battle For Destiny,0,0,['Fire'],,,,,,,,Common,
N279,N279,Ninja,set_8_battle_for_destiny,n279.webp,Set 8 Battle For Destiny,0,0,['Fire'],,,,,,,,Common,
N280,N280,Ninja,set_8_battle_for_destiny,n280.webp,Set 8 Battle For Destiny,0,0,['Fire'],,,,,,,,Common,
N281,N281,Ninja,set_8_battle_for_destiny,n281.webp,Set 8 Battle For Destiny,0,0,['Fire'],,,,,,,,Common,
N282,N282,Ninja,set_8_battle_for_destiny,n282.webp,Set 8 Battle For Destiny,0,0,['Fire'],,,,,,,,Common,
N283,N283,Ninja,set_8_battle_for_destiny,n283.webp,Set 8 Battle For Destiny,0,0,['Fire'],,,,,,,,Common,
N288,N288,Ninja,set_8_battle_for_destiny,n288.webp,Set 8 Battle For Destiny,0,0,['Fire'],,,,,,,,Common,
N289,N289,Ninja,set_8_battle_for_destiny,n289.webp,Set 8 Battle For Destiny,0,0,['Fire'],,,,,,,,Common,
N290,N290,Ninja,set_8_battle_for_destiny,n290.webp,Set 8 Battle For Destiny,0,0,['Fire'],,,,,,,,Common,
N291,N291,Ninja,set_8_battle_for_destiny,n291.webp,Set 8 Battle For Destiny,0,0,['Fire'],,,,,,,,Common,
N292,N292,Ninja,set_8_battle_for_destiny,n292.webp,Set 8 Battle For Destiny,0,0,['Fire'],,,,,,,,Common,
N293,N293,Ninja,set_8_battle_for_destiny,n293.webp,Set 8 Battle For Destiny,0,0,['Fire'],,,,,,,,Common,
N294,N294,Ninja,set_8_battle_for_destiny,n294.webp,Set 8 Battle For Destiny,0,0,['Fire'],,,,,,,,Common,
N295,N295,Ninja,set_8_battle_for_destiny,n295.webp,Set 8 Battle For Destiny,0,0,['Fire'],,,,,,,,Common,
N296,N296,Ninja,set_8_battle_for_destiny,n296.webp,Set 8 Battle For Destiny,0,0,['Fire'],,,,,,,,Common,
N297,N297,Ninja,set_8_battle_for_destiny,n297.webp,Set 8 Battle For Destiny,0,0,['Fire'],,,,,,,,Common,
N298,N298,Ninja,set_8_battle_for_destiny,n298.webp,Set 8 Battle For Destiny,0,0,['Fire'],,,,,,,,Common,
N299,N299,Ninja,set_8_battle_for_destiny,n299.webp,Set 8 Battle For Destiny,0,0,['Fire'],,,,,,,,Common,
N300,N300,Ninja,set_8_battle_for_destiny,n300.webp,Set 8 Battle For Destiny,0,0,['Fire'],,,,,,,,Common,
N301,N301,Ninja,set_8_battle_for_destiny,n301.webp,Set 8 Battle For Destiny,0,0,['Fire'],,,,,,,,Common,
N302,N302,Ninja,set_8_battle_for_destiny,n302.webp,Set 8 Battle For Destiny,0,0,['Fire'],,,,,,,,Common,
N303,N303,Ninja,set_8_battle_for_destiny,n303.webp,Set 8 Battle For Destiny,0,0,['Fire'],,,,,,,,Common,
N304,N304,Ninja,set_8_battle_for_destiny,n304.webp,Set 8 Battle For Destiny,0,0,['Fire'],,,,,,,,Common,
N305,N305,Ninja,set_8_battle_for_destiny,n305.webp,Set 8 Battle For Destiny,0,0,['Fire'],,,,,,,,Common,
N306,N306,Ninja,set_8_battle_for_destiny,n306.webp,Set 8 Battle For Destiny,0,0,['Fire'],,,,,,,,Common,
NUS055,NUS055,Ninja,set_8_battle_for_destiny,nus055.webp,Set 8 Battle For Destiny,0,0,['Fire'],,,,,,,,Common,
NUS056,NUS056,Ninja,set_8_battle_for_destiny,nus056.webp,Set 8 Battle For Destiny,0,0,['Fire'],,,,,,,,Common,
NUS057,NUS057,Ninja,set_8_battle_for_destiny,nus057.webp,Set 8 Battle For Destiny,0,0,['Fire'],,,,,,,,Common,
NUS058,NUS058,Ninja,set_8_battle_for_destiny,nus058.webp,Set 8 Battle For Destiny,0,0,['Fire'],,,,,,,,Common,
NUS059,NUS059,Ninja,set_8_battle_for_destiny,nus059.webp,Set 8 Battle For Destiny,0,0,['Fire'],,,,,,,,Common,
NUS060,NUS060,Ninja,set_8_battle_for_destiny,nus060.webp,Set 8 Battle For Destiny,0,0,['Fire'],,,,,,,,Common,
NUS061,NUS061,Ninja,set_8_battle_for_destiny,nus061.webp,Set 8 Battle For Destiny,0,0,['Fire'],,,,,,,,Common,
NUS062,NUS062,Ninja,set_8_battle_for_destiny,nus062.webp,Set 8 Battle For Destiny,0,0,['Fire'],,,,,,,,Common,
NUS063,NUS063,Ninja,set_8_battle_for_destiny,nus063.webp,Set 8 Battle For Destiny,0,0,['Fire'],,,,,,,,Common,
NUS064,NUS064,Ninja,set_8_battle_for_destiny,nus064.webp,Set 8 Battle For Destiny,0,0,['Fire'],,,,,,,,Common,
NUS065,NUS065,Ninja,set_8_battle_for_destiny,nus065.webp,Set 8 Battle For Destiny,0,0,['Fire'],,,,,,,,Common,
C037,C037,Client,set_9_the_chosen,c037.webp,Set 9 The Chosen,0,0,['Fire'],,,,,,,,Common,
CUS001,CUS001,Client,set_9_the_chosen,cus001.webp,Set 9 The Chosen,0,0,['Fire'],,,,,,,,Common,
J276,J276,Jutsu,set_9_the_chosen,j276.webp,Set 9 The Chosen,0,0,['Fire'],,,,,,,,Common,
J277,J277,Jutsu,set_9_the_chosen,j277.webp,Set 9 The Chosen,0,0,['Fire'],,,,,,,,Common,
J278,J278,Jutsu,set_9_the_chosen,j278.webp,Set 9 The Chosen,0,0,['Fire'],,,,,,,,Common,
J279,J279,Jutsu,set_9_the_chosen,j279.webp,Set 9 The Chosen,0,0,['Fire'],,,,,,,,Common,
J280,J280,Jutsu,set_9_the_chosen,j280.webp,Set 9 The Chosen,0,0,['Fire'],,,,,,,,Common,
J281,J281,Jutsu,set_9_the_chosen,j281.webp,Set 9 The Chosen,0,0,['Fire'],,,,,,,,Common,
J282,J282,Jutsu,set_9_the_chosen,j282.webp,Set 9 The Chosen,0,0,['Fire'],,,,,,,,Common,
J283,J283,Jutsu,set_9_the_chosen,j283.webp,Set 9 The Chosen,0,0,['Fire'],,,,,,,,Common,
J284,J284,Jutsu,set_9_the_chosen,j284.webp,Set 9 The Chosen,0,0,['Fire'],,,,,,,,Common,
J285,J285,Jutsu,set_9_the_chosen,j285.webp,Set 9 The Chosen,0,0,['Fire'],,,,,,,,Common,
J286,J286,Jutsu,set_9_the_chosen,j286.webp,Set 9 The Chosen,0,0,['Fire'],,,,,,,,Common,
J287,J287,Jutsu,set_9_the_chosen,j287.webp,Set 9 The Chosen,0,0,['Fire'],,,,,,,,Common,
J288,J288,Jutsu,set_9_the_chosen,j288.webp,Set 9 The Chosen,0,0,['Fire'],,,,,,,,Common,
J289,J289,Jutsu,set_9_the_chosen,j289.webp,Set 9 The Chosen,0,0,['Fire'],,,,,,,,Common,
J290,J290,Jutsu,set_9_the_chosen,j290.webp,Set 9 The Chosen,0,0,['Fire'],,,,,,,,Common,
J291,J291,Jutsu,set_9_the_chosen,j291.webp,Set 9 The Chosen,0,0,['Fire'],,,,,,,,Common,
J292,J292,Jutsu,set_9_the_chosen,j292.webp,Set 9 The Chosen,0,0,['Fire'],,,,,,,,Common,
J293,J293,Jutsu,set_9_the_chosen,j293.webp,Set 9 The Chosen,0,0,['Fire'],,,,,,,,Common,
J294,J294,Jutsu,set_9_the_chosen,j294.webp,Set 9 The Chosen,0,0,['Fire'],,,,,,,,Common,
J295,J295,Jutsu,set_9_the_chosen,j295.webp,Set 9 The Chosen,0,0,['Fire'],,,,,,,,Common,
J296,J296,Jutsu,set_9_the_chosen,j296.webp,Set 9 The Chosen,0,0,['Fire'],,,,,,,,Common,
J297,J297,Jutsu,set_9_the_chosen,j297.webp,Set 9 The Chosen,0,0,['Fire'],,,,,,,,Common,
J298,J298,Jutsu,set_9_the_chosen,j298.webp,Set 9 The Chosen,0,0,['Fire'],,,,,,,,Common,
J299,J299,Jutsu,set_9_the_chosen,j299.webp,Set 9 The Chosen,0,0,['Fire'],,,,,,,,Common,
J300,J300,Jutsu,set_9_the_chosen,j300.webp,Set 9 The Chosen,0,0,['Fire'],,,,,,,,Common,
J301,J301,Jutsu,set_9_the_chosen,j301.webp,Set 9 The Chosen,0,0,['Fire'],,,,,,,,Common,
J302,J302,Jutsu,set_9_the_chosen,j302.webp,Set 9 The Chosen,0,0,['Fire'],,,,,,,,Common,
J303,J303,Jutsu,set_9_the_chosen,j303.webp,Set 9 The Chosen,0,0,['Fire'],,,,,,,,Common,
J304,J304,Jutsu,set_9_the_chosen,j304.webp,Set 9 The Chosen,0,0,['Fire'],,,,,,,,Common,
JUS057,JUS057,Jutsu,set_9_the_chosen,jus057.webp,Set 9 The Chosen,0,0,['Fire'],,,,,,,,Common,
JUS058,JUS058,Jutsu,set_9_the_chosen,jus058.webp,Set 9 The Chosen,0,0,['Fire'],,,,,,,,Common,
JUS059,JUS059,Jutsu,set_9_the_chosen,jus059.webp,Set 9 The Chosen,0,0,['Fire'],,,,,,,,Common,
JUS060,JUS060,Jutsu,set_9_the_chosen,jus060.webp,Set 9 The Chosen,0,0,['Fire'],,,,,,,,Common,
JUS061,JUS061,Jutsu,set_9_the_chosen,jus061.webp,Set 9 The Chosen,0,0,['Fire'],,,,,,,,Common,
JUS062,JUS062,Jutsu,set_9_the_chosen,jus062.webp,Set 9 The Chosen,0,0,['Fire'],,,,,,,,Common,
JUS063,JUS063,Jutsu,set_9_the_chosen,jus063.webp,Set 9 The Chosen,0,0,['Fire'],,,,,,,,Common,
JUS064,JUS064,Jutsu,set_9_the_chosen,jus064.webp,Set 9 The Chosen,0,0,['Fire'],,,,,,,,Common,
JUS065,JUS065,Jutsu,set_9_the_chosen,jus065.webp,Set 9 The Chosen,0,0,['Fire'],,,,,,,,Common,
JUS066E,JUS066E,Jutsu,set_9_the_chosen,jus066e.webp,Set 9 The Chosen,0,0,['Fire'],,,,,,,,Common,
JUS067,JUS067,Jutsu,set_9_the_chosen,jus067.webp,Set 9 The Chosen,0,0,['Fire'],,,,,,,,Common,
JUS068,JUS068,Jutsu,set_9_the_chosen,jus068.webp,Set 9 The Chosen,0,0,['Fire'],,,,,,,,Common,
JUS069,JUS069,Jutsu,set_9_the_chosen,jus069.webp,Set 9 The Chosen,0,0,['Fire'],,,,,,,,Common,
JUS070,JUS070,Jutsu,set_9_the_chosen,jus070.webp,Set 9 The Chosen,0,0,['Fire'],,,,,,,,Common,
JUS071,JUS071,Jutsu,set_9_the_chosen,jus071.webp,Set 9 The Chosen,0,0,['Fire'],,,,,,,,Common,
JUS072,JUS072,Jutsu,set_9_the_chosen,jus072.webp,Set 9 The Chosen,0,0,['Fire'],,,,,,,,Common,
JUS073,JUS073,Jutsu,set_9_the_chosen,jus073.webp,Set 9 The Chosen,0,0,['Fire'],,,,,,,,Common,
JUS074,JUS074,Jutsu,set_9_the_chosen,jus074.webp,Set 9 The Chosen,0,0,['Fire'],,,,,,,,Common,
JUS075,JUS075,Jutsu,set_9_the_chosen,jus075.webp,Set 9 The Chosen,0,0,['Fire'],,,,,,,,Common,
JUS076,JUS076,Jutsu,set_9_the_chosen,jus076.webp,Set 9 The Chosen,0,0,['Fire'],,,,,,,,Common,
M268,M268,Mission,set_9_the_chosen,m268.webp,Set 9 The Chosen,0,0,['Fire'],,,,,,,,Common,
M269,M269,Mission,set_9_the_chosen,m269.webp,Set 9 The Chosen,0,0,['Fire'],,,,,,,,Common,
M270,M270,Mission,set_9_the_chosen,m270.webp,Set 9 The Chosen,0,0,['Fire'],,,,,,,,Common,
M271,M271,Mission,set_9_the_chosen,m271.webp,Set 9 The Chosen,0,0,['Fire'],,,,,,,,Common,
M272E,M272E,Mission,set_9_the_chosen,m272e.webp,Set 9 The Chosen,0,0,['Fire'],,,,,,,,Common,
M273,M273,Mission,set_9_the_chosen,m273.webp,Set 9 The Chosen,0,0,['Fire'],,,,,,,,Common,
M274,M274,Mission,set_9_the_chosen,m274.webp,Set 9 The Chosen,0,0,['Fire'],,,,,,,,Common,
M275,M275,Mission,set_9_the_chosen,m275.webp,Set 9 The Chosen,0,0,['Fire'],,,,,,,,Common,
M276,M276,Mission,set_9_the_chosen,m276.webp,Set 9 The Chosen,0,0,['Fire'],,,,,,,,Common,
M277,M277,Mission,set_9_the_chosen,m277.webp,Set 9 The Chosen,0,0,['Fire'],,,,,,,,Common,
M278,M278,Mission,set_9_the_chosen,m278.webp,Set 9 The Chosen,0,0,['Fire'],,,,,,,,Common,
M279,M279,Mission,set_9_the_chosen,m279.webp,Set 9 The Chosen,0,0,['Fire'],,,,,,,,Common,
M280,M280,Mission,set_9_the_chosen,m280.webp,Set 9 The Chosen,0,0,['Fire'],,,,,,,,Common,
M281,M281,Mission,set_9_the_chosen,m281.webp,Set 9 The Chosen,0,0,['Fire'],,,,,,,,Common,
M282,M282,Mission,set_9_the_chosen,m282.webp,Set 9 The Chosen,0,0,['Fire'],,,,,,,,Common,
M283,M283,Mission,set_9_the_chosen,m283.webp,Set 9 The Chosen,0,0,['Fire'],,,,,,,,Common,
M284,M284,Mission,set_9_the_chosen,m284.webp,Set 9 The Chosen,0,0,['Fire'],,,,,,,,Common,
M285,M285,Mission,set_9_the_chosen,m285.webp,Set 9 The Chosen,0,0,['Fire'],,,,,,,,Common,
MUS051,MUS051,Mission,set_9_the_chosen,mus051.webp,Set 9 The Chosen,0,0,['Fire'],,,,,,,,Common,
MUS052,MUS052,Mission,set_9_the_chosen,mus052.webp,Set 9 The Chosen,0,0,['Fire'],,,,,,,,Common,
MUS053,MUS053,Mission,set_9_the_chosen,mus053.webp,Set 9 The Chosen,0,0,['Fire'],,,,,,,,Common,
MUS054,MUS054,Mission,set_9_the_chosen,mus054.webp,Set 9 The Chosen,0,0,['Fire'],,,,,,,,Common,
MUS055,MUS055,Mission,set_9_the_chosen,mus055.webp,Set 9 The Chosen,0,0,['Fire'],,,,,,,,Common,
MUS056,MUS056,Mission,set_9_the_chosen,mus056.webp,Set 9 The Chosen,0,0,['Fire'],,,,,,,,Common,
MUS057,MUS057,Mission,set_9_the_chosen,mus057.webp,Set 9 The Chosen,0,0,['Fire'],,,,,,,,Common,
MUS058,MUS058,Mission,set_9_the_chosen,mus058.webp,Set 9 The Chosen,0,0,['Fire'],,,,,,,,Common,
MUS059,MUS059,Mission,set_9_the_chosen,mus059.webp,Set 9 The Chosen,0,0,['Fire'],,,,,,,,Common,
MUS060,MUS060,Mission,set_9_the_chosen,mus060.webp,Set 9 The Chosen,0,0,['Fire'],,,,,,,,Common,
MUS061,MUS061,Mission,set_9_the_chosen,mus061.webp,Set 9 The Chosen,0,0,['Fire'],,,,,,,,Common,
MUS062,MUS062,Mission,set_9_the_chosen,mus062.webp,Set 9 The Chosen,0,0,['Fire'],,,,,,,,Common,
MUS063,MUS063,Mission,set_9_the_chosen,mus063.webp,Set 9 The Chosen,0,0,['Fire'],,,,,,,,Common,
MUS064,MUS064,Mission,set_9_the_chosen,mus064.webp,Set 9 The Chosen,0,0,['Fire'],,,,,,,,Common,
MUS065,MUS065,Mission,set_9_the_chosen,mus065.webp,Set 9 The Chosen,0,0,['Fire'],,,,,,,,Common,
MUS066,MUS066,Mission,set_9_the_chosen,mus066.webp,Set 9 The Chosen,0,0,['Fire'],,,,,,,,Common,
MUS067,MUS067,Mission,set_9_the_chosen,mus067.webp,Set 9 The Chosen,0,0,['Fire'],,,,,,,,Common,
MUS068,MUS068,Mission,set_9_the_chosen,mus068.webp,Set 9 The Chosen,0,0,['Fire'],,,,,,,,Common,
MUS069,MUS069,Mission,set_9_the_chosen,mus069.webp,Set 9 The Chosen,0,0,['Fire'],,,,,,,,Common,
MUS070,MUS070,Mission,set_9_the_chosen,mus070.webp,Set 9 The Chosen,0,0,['Fire'],,,,,,,,Common,
MUS071,MUS071,Mission,set_9_the_chosen,mus071.webp,Set 9 The Chosen,0,0,['Fire'],,,,,,,,Common,
MUS072,MUS072,Mission,set_9_the_chosen,mus072.webp,Set 9 The Chosen,0,0,['Fire'],,,,,,,,Common,
MUS073,MUS073,Mission,set_9_the_chosen,mus073.webp,Set 9 The Chosen,0,0,['Fire'],,,,,,,,Common,
MUS074,MUS074,Mission,set_9_the_chosen,mus074.webp,Set 9 The Chosen,0,0,['Fire'],,,,,,,,Common,
MUS075,MUS075,Mission,set_9_the_chosen,mus075.webp,Set 9 The Chosen,0,0,['Fire'],,,,,,,,Common,
MUS076,MUS076,Mission,set_9_the_chosen,mus076.webp,Set 9 The Chosen,0,0,['Fire'],,,,,,,,Common,
MUS077,MUS077,Mission,set_9_the_chosen,mus077.webp,Set 9 The Chosen,0,0,['Fire'],,,,,,,,Common,
MUS078,MUS078,Mission,set_9_the_chosen,mus078.webp,Set 9 The Chosen,0,0,['Fire'],,,,,,,,Common,
MUS079,MUS079,Mission,set_9_the_chosen,mus079.webp,Set 9 The Chosen,0,0,['Fire'],,,,,,,,Common,
MUS080,MUS080,Mission,set_9_the_chosen,mus080.webp,Set 9 The Chosen,0,0,['Fire'],,,,,,,,Common,
MUS081,MUS081,Mission,set_9_the_chosen,mus081.webp,Set 9 The Chosen,0,0,['Fire'],,,,,,,,Common,
MUS082,MUS082,Mission,set_9_the_chosen,mus082.webp,Set 9 The Chosen,0,0,['Fire'],,,,,,,,Common,
MUS083,MUS083,Mission,set_9_the_chosen,mus083.webp,Set 9 The Chosen,0,0,['Fire'],,,,,,,,Common,
MUS084,MUS084,Mission,set_9_the_chosen,mus084.webp,Set 9 The Chosen,0,0,['Fire'],,,,,,,,Common,
MUS085,MUS085,Mission,set_9_the_chosen,mus085.webp,Set 9 The Chosen,0,0,['Fire'],,,,,,,,Common,
MUS086,MUS086,Mission,set_9_the_chosen,mus086.webp,Set 9 The Chosen,0,0,['Fire'],,,,,,,,Common,
N307,N307,Ninja,set_9_the_chosen,n307.webp,Set 9 The Chosen,0,0,['Fire'],,,,,,,,Common,
N308E,N308E,Ninja,set_9_the_chosen,n308e.webp,Set 9 The Chosen,0,0,['Fire'],,,,,,,,Common,
N309,N309,Ninja,set_9_the_chosen,n309.webp,Set 9 The Chosen,0,0,['Fire'],,,,,,,,Common,
N310,N310,Ninja,set_9_the_chosen,n310.webp,Set 9 The Chosen,0,0,['Fire'],,,,,,,,Common,
N311,N311,Ninja,set_9_the_chosen,n311.webp,Set 9 The Chosen,0,0,['Fire'],,,,,,,,Common,
N312,N312,Ninja,set_9_the_chosen,n312.webp,Set 9 The Chosen,0,0,['Fire'],,,,,,,,Common,
N313,N313,Ninja,set_9_the_chosen,n313.webp,Set 9 The Chosen,0,0,['Fire'],,,,,,,,Common,
N314,N314,Ninja,set_9_the_chosen,n314.webp,Set 9 The Chosen,0,0,['Fire'],,,,,,,,Common,
N315,N315,Ninja,set_9_the_chosen,n315.webp,Set 9 The Chosen,0,0,['Fire'],,,,,,,,Common,
N316,N316,Ninja,set_9_the_chosen,n316.webp,Set 9 The Chosen,0,0,['Fire'],,,,,,,,Common,
N317,N317,Ninja,set_9_the_chosen,n317.webp,Set 9 The Chosen,0,0,['Fire'],,,,,,,,Common,
N318,N318,Ninja,set_9_the_chosen,n318.webp,Set 9 The Chosen,0,0,['Fire'],,,,,,,,Common,
N319,N319,Ninja,set_9_the_chosen,n319.webp,Set 9 The Chosen,0,0,['Fire'],,,,,,,,Common,
N320,N320,Ninja,set_9_the_chosen,n320.webp,Set 9 The Chosen,0,0,['Fire'],,,,,,,,Common,
N321,N321,Ninja,set_9_the_chosen,n321.webp,Set 9 The Chosen,0,0,['Fire'],,,,,,,,Common,
N322,N322,Ninja,set_9_the_chosen,n322.webp,Set 9 The Chosen,0,0,['Fire'],,,,,,,,Common,
N323,N323,Ninja,set_9_the_chosen,n323.webp,Set 9 The Chosen,0,0,['Fire'],,,,,,,,Common,
N324,N324,Ninja,set_9_the_chosen,n324.webp,Set 9 The Chosen,0,0,['Fire'],,,,,,,,Common,
N325,N325,Ninja,set_9_the_chosen,n325.webp,Set 9 The Chosen,0,0,['Fire'],,,,,,,,Common,
N326,N326,Ninja,set_9_the_chosen,n326.webp,Set 9 The Chosen,0,0,['Fire'],,,,,,,,Common,
N327,N327,Ninja,set_9_the_chosen,n327.webp,Set 9 The Chosen,0,0,['Fire'],,,,,,,,Common,
N328,N328,Ninja,set_9_the_chosen,n328.webp,Set 9 The Chosen,0,0,['Fire'],,,,,,,,Common,
N329,N329,Ninja,set_9_the_chosen,n329.webp,Set 9 The Chosen,0,0,['Fire'],,,,,,,,Common,
N330,N330,Ninja,set_9_the_chosen,n330.webp,Set 9 The Chosen,0,0,['Fire'],,,,,,,,Common,
N331,N331,Ninja,set_9_the_chosen,n331.webp,Set 9 The Chosen,0,0,['Fire'],,,,,,,,Common,
N332,N332,Ninja,set_9_the_chosen,n332.webp,Set 9 The Chosen,0,0,['Fire'],,,,,,,,Common,
N333,N333,Ninja,set_9_the_chosen,n333.webp,Set 9 The Chosen,0,0,['Fire'],,,,,,,,Common,
N334,N334,Ninja,set_9_the_chosen,n334.webp,Set 9 The Chosen,0,0,['Fire'],,,,,,,,Common,
N335,N335,Ninja,set_9_the_chosen,n335.webp,Set 9 The Chosen,0,0,['Fire'],,,,,,,,Common,
N336,N336,Ninja,set_9_the_chosen,n336.webp,Set 9 The Chosen,0,0,['Fire'],,,,,,,,Common,
N337,N337,Ninja,set_9_the_chosen,n337.webp,Set 9 The Chosen,0,0,['Fire'],,,,,,,,Common,
N338,N338,Ninja,set_9_the_chosen,n338.webp,Set 9 The Chosen,0,0,['Fire'],,,,,,,,Common,
N339,N339,Ninja,set_9_the_chosen,n339.webp,Set 9 The Chosen,0,0,['Fire'],,,,,,,,Common,
N340,N340,Ninja,set_9_the_chosen,n340.webp,Set 9 The Chosen,0,0,['Fire'],,,,,,,,Common,
N341,N341,Ninja,set_9_the_chosen,n341.webp,Set 9 The Chosen,0,0,['Fire'],,,,,,,,Common,
N342,N342,Ninja,set_9_the_chosen,n342.webp,Set 9 The Chosen,0,0,['Fire'],,,,,,,,Common,
N343,N343,Ninja,set_9_the_chosen,n343.webp,Set 9 The Chosen,0,0,['Fire'],,,,,,,,Common,
NUS066,NUS066,Ninja,set_9_the_chosen,nus066.webp,Set 9 The Chosen,0,0,['Fire'],,,,,,,,Common,
NUS067,NUS067,Ninja,set_9_the_chosen,nus067.webp,Set 9 The Chosen,0,0,['Fire'],,,,,,,,Common,
NUS068,NUS068,Ninja,set_9_the_chosen,nus068.webp,Set 9 The Chosen,0,0,['Fire'],,,,,,,,Common,
NUS069,NUS069,Ninja,set_9_the_chosen,nus069.webp,Set 9 The Chosen,0,0,['Fire'],,,,,,,,Common,
NUS070,NUS070,Ninja,set_9_the_chosen,nus070.webp,Set 9 The Chosen,0,0,['Fire'],,,,,,,,Common,
NUS071,NUS071,Ninja,set_9_the_chosen,nus071.webp,Set 9 The Chosen,0,0,['Fire'],,,,,,,,Common,
NUS072,NUS072,Ninja,set_9_the_chosen,nus072.webp,Set 9 The Chosen,0,0,['Fire'],,,,,,,,Common,
NUS073,NUS073,Ninja,set_9_the_chosen,nus073.webp,Set 9 The Chosen,0,0,['Fire'],,,,,,,,Common,
NUS074,NUS074,Ninja,set_9_the_chosen,nus074.webp,Set 9 The Chosen,0,0,['Fire'],,,,,,,,Common,
NUS075,NUS075,Ninja,set_9_the_chosen,nus075.webp,Set 9 The Chosen,0,0,['Fire'],,,,,,,,Common,
NUS076,NUS076,Ninja,set_9_the_chosen,nus076.webp,Set 9 The Chosen,0,0,['Fire'],,,,,,,,Common,
NUS077,NUS077,Ninja,set_9_the_chosen,nus077.webp,Set 9 The Chosen,0,0,['Fire'],,,,,,,,Common,
NUS078,NUS078,Ninja,set_9_the_chosen,nus078.webp,Set 9 The Chosen,0,0,['Fire'],,,,,,,,Common,
NUS079,NUS079,Ninja,set_9_the_chosen,nus079.webp,Set 9 The Chosen,0,0,['Fire'],,,,,,,,Common,
NUS080,NUS080,Ninja,set_9_the_chosen,nus080.webp,Set 9 The Chosen,0,0,['Fire'],,,,,,,,Common,
NUS081,NUS081,Ninja,set_9_the_chosen,nus081.webp,Set 9 The Chosen,0,0,['Fire'],,,,,,,,Common,
NUS082,NUS082,Ninja,set_9_the_chosen,nus082.webp,Set 9 The Chosen,0,0,['Fire'],,,,,,,,Common,
NUS083,NUS083,Ninja,set_9_the_chosen,nus083.webp,Set 9 The Chosen,0,0,['Fire'],,,,,,,,Common,
NUS084,NUS084,Ninja,set_9_the_chosen,nus084.webp,Set 9 The Chosen,0,0,['Fire'],,,,,,,,Common,
NUS085,NUS085,Ninja,set_9_the_chosen,nus085.webp,Set 9 The Chosen,0,0,['Fire'],,,,,,,,Common,
NUS086,NUS086,Ninja,set_9_the_chosen,nus086.webp,Set 9 The Chosen,0,0,['Fire'],,,,,,,,Common,
NUS087,NUS087,Ninja,set_9_the_chosen,nus087.webp,Set 9 The Chosen,0,0,['Fire'],,,,,,,,Common,
NUS088,NUS088,Ninja,set_9_the_chosen,nus088.webp,Set 9 The Chosen,0,0,['Fire'],,,,,,,,Common,
NUS089,NUS089,Ninja,set_9_the_chosen,nus089.webp,Set 9 The Chosen,0,0,['Fire'],,,,,,,,Common,
NUS090,NUS090,Ninja,set_9_the_chosen,nus090.webp,Set 9 The Chosen,0,0,['Fire'],,,,,,,,Common,
NUS091,NUS091,Ninja,set_9_the_chosen,nus091.webp,Set 9 The Chosen,0,0,['Fire'],,,,,,,,Common,
NUS092,NUS092,Ninja,set_9_the_chosen,nus092.webp,Set 9 The Chosen,0,0,['Fire'],,,,,,,,Common,
